tree
version=v4
num_class=1
num_tree_per_iteration=1
label_index=0
max_feature_idx=41
objective=regression_l1
feature_names=cur_dev_s lead_min hour tgt_manual tgt_first_after_gap gap_before_tgt_min n_stops_between layover_between max_gap_between_min min_since_last_layover manual_frac_recent last_plan_manual gps_dev_last gps_dev_mean3 gps_dev_slope gps_age_s gps_n_passed pos_dev dist_to_tgt_m dist_to_nearest_stop_m speed_mean_5m speed_last stopped_frac_5m valid_frac_10m last_fix_age_s dev_fallback tgt_lon tgt_lat spoof_frac_30m gps_unreliable layover_s cur_est delay_minus_layover at_terminal terminal_dwell_s chain_dist_m moving_speed_30m proj_delay hist_tgt_dev hist_tgt_age_min hist_delta hist_pred
feature_infos=[-404:685] [10.051571266666667:15] [0:23.983333333333334] [0:1] [0:1] [0:120] [1:14] [0:1] [1:120] [0:305.04722225263333] [0:1] [0:1] [-718:1614] [-716:744] [-1049.5:473.50000000000006] [3:2542] [1:34] [-720:720] [3.3690388791762751:29140.972005355965] [0.15750423668715224:29084.606021880125] [0:84.233333333333334] [0:117.2] [0:1] [0:1] [0:15013] [-716:744] [37.148758000000001:37.865916689999999] [55.518080429999998:55.984216420000003] [0:0.93877551020408168] [0:1] [0:14940] [-716:744] [-14984:630] [0:1] [3.1929123050000001:14380] [3.3690388791762751:33885.315420913132] [7.6571428571428575:53] [-898.1075262562963:2596.5890726982961] [-718:13168] [20.019881871749998:975.33539021333331] [-13096:2145] [-12980:2237]
tree_sizes=1378 1404 1426 1418 1426 1385 1439 1453 1434 1448 1453 1462 1474 1460 1460 1464 1459 1464 1460 1461 1477 1449 1464 1447 1462 1475 1460 1469 1459 1467 1454 1467 1455 1472 1467 1459 1476 1465 1481 1477 1464 1465 1462 1473 1466 1471 1476 1458 1464 1467 1472 1459 1469 1469 1470 1467 1453 1447 1466 1458 1452 1454 1465 1456 1466 1469 1469 1473 1479 1485 1475 1470 1463 1473 1458 1463 1477 1470 1464 1471 1473 1457 1474 1460 1462 1458 1468 1477 1446 1472 1469 1458 1469 1445 1474 1463 1466 1476 1463 1475 1465 1467 1475 1455 1460 1455 1453 1475 1465 1438 1465 1455 1471 1472 1471 1454 1460 1481 1473 1446 1460 1454 1462 1472 1469 1477 1463 1452 1478 1437 1470 1459 1429 1437 1458 1472 1470 1493 1454 1479 1469 1462 1484 1460 1452 1470 1480 1470 1471 1452 1464 1466 1477 1460 1459 1445 1459 1444 1480 1470 1475 1454 1456 1459 1450 1436 1438 1443 1456 1464 1465 1446 1479 1423 1455 1435 1467 1461 1458 1468 1444 1450 1466 1464 1478 1471 1474 1466 1447 1447 1468 1450 1476 1472 1456 1442 1472 1426 1432 1471 1469 1467 1460 1481 1446 1460 1432 1459 1469 1454 1476 1462 1440 1457 1463 1457 1463 1450 1446 1467 1451 1477 1437 1472 1442 1449 1436 1450 1471 1458 1459 1455 1451 1468 1447 1465 1445 1456 1446 1449 1440 1478 1469 1460 1455 1448 1451 1437 1448 1438 1427 1460 1458 1461 1473 1468 1456 1464 1453 1452 1478 1434 1471 1453 1470 1471 1477 1474 1473 1446 1466 1477 1462 1446 1457 1467 1462 1484 1474 1450 1469 1468 1485 1472 1468 1452 1452 1439 1453 1432 1438 1463 1490 1456 1446 1442 1457 1463 1450 1445 1464 1477 1455 1441 1449 1473 1442 1450 1450 1440 1467 1461 1464 1466 1456 1460 1467 1443 1463 1452 1445 1433 1470 1436 1455 1469 1468 1467 1462 1479 1472 1462 1459 1422 1479 1473 1453 1487 1438 1456 1455 1447 1472 1455 1455 1465 1450 1458 1465 1463 1438 1446 1462 1468 1456 1438 1475 1470 1469 1450 1447 1474 1458 1470 1457 1465 1467 1460 1447 1456 1468 1447 1450 1444 1445 1465 1419 1477 1446 1471 1480 1455 1471 1459 1468 1474 1441 1477 1432 1449 1431 1457 1431 1461 1478 1434 1477 1461 1451 1461 1431 1479 1436 1467 1462 1447 1466 1467 1466 1451 1449 1470 1462 1460 1463 1449 1439 1446 1421 1439 1450 1457 1438 1459 1455 1448 1435 1467 1458 1454 1461 1476 1458 1460 1438 1447 1458 1441 1443 1438 1456 1471 1450 1472 1445 1456 1452 1477 1463 1460 1434 1460 1443 1439 1470 1422 1458 1427 1446 1455 1458 1445 1430 1446 1442 1436 1477 1436 1453 1441 1458 1445 1437 1449 1464 1439 1459 1446 1465 1459 1449 1479 1457 1454 1455 1447 1456 1459 1450 1453 1465 1455 1474 1431 1452 1453 1465 1453 1482 1442 1453 1440 1431 1427 1458 1425 1428 1475 1451 1450 1466 1465 1465 1442 1457 1444 1443 1447 1438 1466 1453 1435 1450 1442 1453 1453 1467 1451 1422 1425 1438 1441 1455 1466 1458 1459 1437 1427 1449 1449 1465 1456 1471 1442 1437 1453 1472 1451 1454 1449 1458 1463 1437 1456 1416 1460 1462 1444 1441 1424 1458 1453 1458 1447 1469 1431 1482 1470 1456 1467 1462 1448 1467 1465 1466 1464 1446 1465 1462 1452 1457 1465 1455 1479 1462 1448 1435 1468 1457 1483 1458 1445 1460 1440 1482 1442 1455 1441 1457 1435

Tree=0
num_leaves=15
num_cat=0
split_feature=0 6 40 0 23 26 0 26 39 40 14 2 37 36
split_gain=760.7 255.297 244.108 127.383 129.134 114.659 81.5031 76.3141 61.1068 59.7197 59.7299 55.2681 51.3851 49.2746
threshold=83.500000000000014 6.5000000000000009 6.5000000000000009 -90.499999999999986 0.91234473043923681 37.462456390000007 -90.499999999999986 37.479357640000011 77.518621057533338 -15.499999999999998 -7.0000000000000027 13.341666666666669 26.436763480571646 19.201273885350322
decision_type=2 2 8 2 2 2 2 2 8 8 10 2 10 10
left_child=2 -2 6 -4 -5 9 -1 -8 -6 10 -3 -7 -13 -10
right_child=1 5 3 4 8 11 7 -9 13 -11 -12 12 -14 -15
leaf_value=1.875 -4.4399999999999995 0.95999999999999996 3.2999999999999998 0 1.9199999999999999 -2.1899999999999999 0.23999999999999999 -0.89999999999999991 1.47 0.97499999999999998 -2.4299999999999997 -2.5800000000000001 0 0.105
leaf_weight=230 1110 42 680 2298 588 751 347 1290 487 544 139 183 410 860
leaf_count=230 1110 42 680 2298 588 751 347 1290 487 544 139 183 410 860
internal_value=-0.00105422 -0.0131604 0.00462321 0.00813187 0.00619273 -0.00692754 -0.00460921 -0.00695971 0.0119008 0.00268595 -0.0121978 -0.0121115 -0.00525253 0.00836795
internal_weight=9959 3179 6780 4913 4233 2069 1867 1637 1935 725 181 1344 593 1347
internal_count=9959 3179 6780 4913 4233 2069 1867 1637 1935 725 181 1344 593 1347
is_linear=0
shrinkage=0.03


Tree=1
num_leaves=15
num_cat=0
split_feature=31 6 40 40 3 31 8 20 26 27 20 31 25 23
split_gain=603.23 255.556 152.496 122.845 113.444 93.3553 68.8943 68.1569 66.1301 61.41 60.4006 58.0976 57.7347 54.6413
threshold=18.500000000000004 7.5000000000000009 98.500000000000014 12.500000000000002 1.0000000180025095e-35 114.50000000000001 5.5000000000000009 2.9183333333333334 37.414099515000011 55.721496830000014 13.573593073593075 -60.499999999999993 -64.499999999999986 0.96801691216584851
decision_type=2 2 10 8 2 2 2 8 2 2 8 2 2 2
left_child=3 5 -3 12 10 7 9 -2 -9 -7 -5 -12 -1 -6
right_child=1 2 -4 4 13 6 -8 8 -10 -11 11 -13 -14 -15
leaf_value=0.30037499999999995 0.40589999999999998 -0.27000000000000002 1.9061999999999999 1.888425 0 -2.7029999999999998 -5.7767999999999997 1.1327999999999998 -1.74 0 1.9410000000000001 0.14999999999999999 -0.39299999999999996 -0.0031499999999999996
leaf_weight=512 229 1950 386 1586 797 623 472 120 1183 189 492 613 725 73
leaf_count=512 229 1950 386 1586 797 623 472 120 1183 189 492 613 725 73
internal_value=-0.00113355 -0.00826121 -0.000924262 0.00652011 0.00934868 -0.014345 -0.0203113 -0.00933464 -0.0119862 -0.0149815 0.0123923 0.00699819 -0.00162359 -6.88863e-05
internal_weight=9950 5152 2336 4798 3561 2816 1284 1532 1303 812 2691 1105 1237 870
internal_count=9950 5152 2336 4798 3561 2816 1284 1532 1303 812 2691 1105 1237 870
is_linear=0
shrinkage=0.03


Tree=2
num_leaves=15
num_cat=0
split_feature=0 6 22 0 6 40 22 0 2 40 7 7 27 38
split_gain=794.304 233.194 136.318 124.623 109.247 93.2683 86.1473 79.3472 77.9438 69.1079 58.043 55.567 81.1493 51.5906
threshold=51.500000000000007 7.5000000000000009 0.36602542081758854 113.50000000000001 8.5000000000000018 56.500000000000007 0.42588071154516921 6.5000000000000009 2.5916666666666672 -2.4999999999999996 1.0000000180025095e-35 1.0000000180025095e-35 55.721496830000014 -47.499999999999993
decision_type=2 2 10 2 2 8 10 2 2 10 2 2 2 8
left_child=2 3 4 6 7 -3 -2 13 -4 -6 -7 12 -5 -1
right_child=1 5 8 11 9 10 -8 -9 -10 -11 -12 -13 -14 -15
leaf_value=-0.044052749999999995 -1.6520999999999999 -1.1440499999999998 -0.75305549999999999 -2.7857099999999999 0 0.54521399999999998 0.49624800000000008 -0.76190999999999998 1.5601972499999999 2.0728140000000002 -3.1062000000000003 -5.3934959999999998 1.2170486249999999 0
leaf_weight=650 621 812 59 663 790 957 204 717 1495 499 106 693 90 1715
leaf_count=650 621 812 59 663 790 957 204 717 1495 499 106 693 90 1715
internal_value=-0.000592732 -0.0106631 0.00645461 -0.0171259 0.00373971 -0.00283049 -0.00780872 0.000671424 0.0140836 0.0110698 0.00301692 -0.0224326 -0.0167507 0.00332206
internal_weight=10071 4146 5925 2271 4371 1875 825 3082 1554 1289 1063 1446 753 2365
internal_count=10071 4146 5925 2271 4371 1875 825 3082 1554 1289 1063 1446 753 2365
is_linear=0
shrinkage=0.03


Tree=3
num_leaves=15
num_cat=0
split_feature=0 6 40 0 26 15 6 40 20 0 35 32 23 38
split_gain=783.19 259.858 198.007 127.608 111.447 90.828 76.5125 74.2804 72.5123 60.8071 61.9815 55.5868 51.0402 49.6861
threshold=83.500000000000014 6.5000000000000009 8.5000000000000018 -30.499999999999996 37.423561815000006 539.00000000000011 6.5000000000000009 46.500000000000007 13.937252252252252 5.5000000000000009 3493.8354263642241 -178.49999999999997 0.91256067961165066 -25.499999999999996
decision_type=2 2 8 2 2 10 2 10 8 2 10 2 2 8
left_child=2 -2 5 11 -3 6 12 -6 13 -8 -11 -4 -1 -5
right_child=1 4 3 8 7 -7 9 -9 -10 10 -12 -13 -14 -15
leaf_value=-2.5679426999999997 -4.1238644400000002 1.3654113000000001 3.1427700000000001 -0.32883366749999998 -1.7146785 0.32993555999999996 0.10798874999999999 0.25732139999999998 0 -1.13541 0.57522150000000005 1.41177 -0.0029159174999999937 1.0459389149999998
leaf_weight=294 1146 239 505 128 1398 129 755 414 1955 459 149 977 127 1385
leaf_count=294 1146 239 505 128 1398 129 755 414 1955 459 149 977 127 1385
internal_value=-0.000730544 -0.0129925 0.00498252 0.00814987 -0.00659357 -0.00321317 -0.00497479 -0.00913403 0.00499856 -0.0015176 -0.00857143 0.0155158 -0.0161374 0.00992734
internal_weight=10060 3197 6863 4950 2051 1913 1784 1812 3468 1363 608 1482 421 1513
internal_count=10060 3197 6863 4950 2051 1913 1784 1812 3468 1363 608 1482 421 1513
is_linear=0
shrinkage=0.03


Tree=4
num_leaves=15
num_cat=0
split_feature=0 6 40 3 26 0 0 0 39 9 26 38 37 2
split_gain=685.761 239.874 202.747 143.352 114.73 92.1342 84.5841 67.3804 66.9367 93.0049 89.908 62.5066 61.1491 55.0393
threshold=83.500000000000014 6.5000000000000009 30.500000000000004 1.0000000180025095e-35 37.462456390000007 -73.499999999999986 13.500000000000002 -90.499999999999986 76.675000000000026 66.01527559118334 37.482723680000007 22.500000000000004 81.177827455905984 13.175000000000002
decision_type=2 2 8 2 2 2 2 2 8 8 2 10 8 2
left_child=2 -2 5 7 -3 -1 -5 -4 -9 10 -10 -7 -12 -6
right_child=1 4 3 6 13 11 -8 8 9 -11 12 -13 -14 -15
leaf_value=1.241777031 -4.0484227667999999 0.31736142299999998 3.2285911912499996 0 -2.1204381449999996 -0.80338973324999996 -1.241377689975 1.4666931325499999 1.6416763825499998 1.62106316505 -0.85753733744999994 0.030376135349999993 1.0228140000000001 -0.74126206199999989
leaf_weight=401 1159 754 544 1087 736 1228 141 867 405 699 637 600 215 585
leaf_count=401 1159 754 544 1087 736 1228 141 867 405 699 637 600 215 585
internal_value=-0.00104981 -0.0124266 0.00434286 0.00794386 -0.00631503 -0.00308072 -0.000829943 0.0111431 0.00927408 0.00619315 0.00131161 -0.00593767 -0.0042204 -0.0116415
internal_weight=10058 3234 6824 4595 2075 2229 1228 3367 2823 1956 1257 1828 852 1321
internal_count=10058 3234 6824 4595 2075 2229 1228 3367 2823 1956 1257 1828 852 1321
is_linear=0
shrinkage=0.03


Tree=5
num_leaves=15
num_cat=0
split_feature=25 6 40 26 25 23 38 18 6 37 8 32 9 2
split_gain=502.995 246.29 109.794 104.96 95.4851 94.5585 87.865 87.3967 64.7488 48.9485 47.0008 46.3426 44.6437 41.804
threshold=5.5000000000000009 7.5000000000000009 36.500000000000007 37.399178430000006 131.50000000000003 0.96865172955974854 -25.499999999999996 2441.4905957309993 6.5000000000000009 311.10472066385938 5.5000000000000009 -19.499999999999996 6.4771385431500006 2.5916666666666672
decision_type=2 2 8 2 2 2 8 8 2 10 2 2 10 2
left_child=6 3 -3 -2 5 9 8 11 -1 -5 -4 -8 -6 -13
right_child=1 2 10 4 12 -7 7 -9 -10 -11 -12 13 -14 -15
leaf_value=-1.3976771945024999 0 -0.68168487892649998 0.30097579986 -1.5791482840604998 0 0.53367444757349991 1.8469430201235 0 0.060973611997499989 0.65529127934999987 -1.97240649765 -0.76184200245 -3.7169700837959998 0.66551396006175001
leaf_weight=274 405 1001 1615 1497 84 163 1601 968 809 66 113 53 951 404
leaf_count=274 405 1001 1615 1497 84 163 1601 968 809 66 113 53 951 404
internal_value=-0.000362819 -0.00597863 0.000626374 -0.0116704 -0.0137618 -0.00943254 0.00769343 0.0103171 0.000359779 -0.0117008 0.00520532 0.0138125 -0.0209653 0.00537118
internal_weight=10004 5895 2729 3166 2761 1726 4109 3026 1083 1563 1728 2058 1035 457
internal_count=10004 5895 2729 3166 2761 1726 4109 3026 1083 1563 1728 2058 1035 457
is_linear=0
shrinkage=0.03


Tree=6
num_leaves=15
num_cat=0
split_feature=25 30 40 32 34 25 25 3 26 9 6 39 40 36
split_gain=454.566 187.861 187.208 130.588 126.271 112.85 101.483 74.4971 72.7336 93.2778 86.9447 63.4452 54.1368 53.9051
threshold=5.5000000000000009 330.00000000000006 44.500000000000007 -974.49999999999989 6420.0555570520009 -70.499999999999986 189.50000000000003 1.0000000180025095e-35 37.444393735000013 38.01527559118334 9.5000000000000018 61.111416574550006 102.50000000000001 18.385890151515156
decision_type=2 2 10 2 8 2 2 2 2 10 2 8 10 10
left_child=4 2 8 6 13 12 7 -3 9 -2 -10 -7 -6 -1
right_child=1 3 -4 -5 5 11 -8 -9 10 -11 -12 -13 -14 -15
leaf_value=2.1827495207572949 0.020115207697499998 0.6840546034740449 0.64255667955270002 -4.040252055274185 0.64896894148054496 1.068224845335795 -5.2050134012821196 -1.42230047437125 -1.0161007521281851 -1.1002066138796849 0.55655026322779499 0 3.0783883125975748 0.96833081259757492
leaf_weight=344 672 258 1062 837 994 387 133 57 2472 238 186 1697 274 430
leaf_count=344 672 258 1062 837 994 387 133 57 2472 238 186 1697 274 430
internal_value=-0.00148476 -0.00681542 -0.00399698 -0.0169596 0.00615701 0.00363257 -0.00387528 0.00541139 -0.00728776 3.29308e-05 -0.00979316 -0.000661871 0.0106856 0.017071
internal_weight=10041 5915 4630 1285 4126 3352 448 315 3568 910 2658 2084 1268 774
internal_count=10041 5915 4630 1285 4126 3352 448 315 3568 910 2658 2084 1268 774
is_linear=0
shrinkage=0.03


Tree=7
num_leaves=15
num_cat=0
split_feature=0 6 23 0 38 37 0 41 38 40 8 34 27 2
split_gain=622.441 234.483 181.871 115.191 100.215 87.0541 81.6317 68.6855 60.3665 59.8692 53.9551 45.1806 43.7396 42.1965
threshold=83.500000000000014 6.5000000000000009 0.91077115559599642 -90.499999999999986 65.500000000000014 33.400646913064243 -7.4999999999999991 17.500000000000004 -75.499999999999986 -39.499999999999993 5.5000000000000009 6243.902672952001 55.733892935000007 2.8916666666666671
decision_type=2 2 2 2 8 10 2 8 8 8 2 8 2 2
left_child=2 -2 3 -1 -3 9 8 -8 -4 -5 12 -11 -6 -9
right_child=1 4 6 5 10 -7 7 13 -10 11 -12 -13 -14 -15
leaf_value=1.5847767083255837 -3.8590444936159591 -2.0446441745223809 -0.030855596362425006 -1.5319212369168393 -0.21229746079836023 0.031397525344832769 -0.36679244728701749 -0.35231040772888988 2.117022979494795 1.2098232910171178 -4.1272560265522742 0 1.5532861143683676 0.81910415609186771
leaf_weight=565 1117 815 167 517 974 796 422 112 981 148 102 1779 243 1293
leaf_count=565 1117 815 167 517 974 796 422 112 981 148 102 1779 243 1293
internal_value=-0.000861244 -0.0116513 0.00431352 -3.15292e-05 -0.00581733 -0.00221228 0.00986895 0.00592451 0.0161358 -0.0050184 -0.000704545 -0.00258299 0.00105911 0.00911095
internal_weight=10031 3251 6780 3805 2134 3240 2975 1827 1148 2444 1319 1927 1217 1405
internal_count=10031 3251 6780 3805 2134 3240 2975 1827 1148 2444 1319 1927 1217 1405
is_linear=0
shrinkage=0.03


Tree=8
num_leaves=15
num_cat=0
split_feature=0 6 23 31 40 0 8 6 0 2 32 0 39 40
split_gain=571.967 208.04 170.862 124.947 89.9087 83.7459 77.824 74.8512 62.3528 59.9883 51.646 43.4115 43.3339 64.0971
threshold=83.500000000000014 6.5000000000000009 0.91125175808720116 -70.499999999999986 38.500000000000007 -25.499999999999996 4.5000000000000009 8.5000000000000018 16.500000000000004 12.591666666666669 -163.49999999999997 113.50000000000001 80.101028440000007 50.500000000000007
decision_type=2 2 2 2 8 2 2 2 2 2 2 2 8 8
left_child=2 11 3 -1 -3 10 9 8 -5 -6 -4 -2 13 -7
right_child=1 4 5 7 6 12 -8 -9 -10 -11 -12 -13 -14 -15
leaf_value=1.267233407075816 -1.6902763848154159 -1.6150043007085484 2.6051947503565316 0 -0.48179477294581707 0.17429663055941136 -3.6763971466187266 0.020511822807700569 -1.2217314642820927 1.3126901285209402 1.4912660189407396 -4.0894573629795561 0.059186509224919012 1.5999393220128166
leaf_weight=787 211 904 405 1581 565 298 142 778 722 474 517 894 1330 422
leaf_count=787 211 904 405 1581 565 298 142 778 722 474 517 894 1330 422
internal_value=-0.000774599 -0.0112629 0.00411782 -3.87697e-05 -0.00568073 0.00952573 -0.000228426 -0.00276444 -0.00548177 0.002625 0.0170314 -0.0217812 0.00614334 0.0120666
internal_weight=10030 3190 6840 3868 2085 2972 1181 3081 2303 1039 922 1105 2050 720
internal_count=10030 3190 6840 3868 2085 2972 1181 3081 2303 1039 922 1105 2050 720
is_linear=0
shrinkage=0.03


Tree=9
num_leaves=15
num_cat=0
split_feature=31 30 31 38 34 9 24 40 2 31 6 26 24 3
split_gain=404.807 142.895 167.307 140.757 124.933 96.2337 74.4688 69.1369 67.9484 74.2512 62.9888 62.9382 63.2774 62.2025
threshold=-5.4999999999999991 1.0000000180025095e-35 78.500000000000014 35.500000000000007 6420.0555570520009 56.942810304358339 3179.4026729520006 91.500000000000014 2.4250000000000003 -62.499999999999993 7.5000000000000009 37.416216135000006 249.00548346600002 1.0000000180025095e-35
decision_type=2 2 2 8 8 10 10 8 2 2 2 2 10 2
left_child=4 3 5 -2 -1 -3 11 10 -9 -10 -6 12 -5 -7
right_child=1 2 -4 6 7 13 -8 8 9 -11 -12 -13 -14 -15
leaf_value=1.7877740694860365 -0.93831824122782004 -1.2657319738954225 -3.7075654892609666 1.4606346457144248 -0.59309892051339064 1.000964788805988 -0.00061535468423101704 -0.56731946193319072 2.6754766783392929 0.43458843303898448 0.46139574353372115 0 -0.00060345623092499998 -0.06491929067836609
leaf_weight=531 1580 308 934 495 637 428 126 63 572 572 817 2771 48 90
leaf_count=531 1580 308 934 495 637 428 126 63 572 572 817 2771 48 90
internal_value=-0.00149804 -0.00564519 -0.0129983 -0.00306513 0.00730974 -0.00315599 0.000340017 0.0046544 0.00995861 0.0116332 0.000247423 0.00120362 0.0105331 0.00473988
internal_weight=9972 6780 1760 5020 3192 826 3440 2661 1207 1144 1454 3314 543 518
internal_count=9972 6780 1760 5020 3192 826 3440 2661 1207 1144 1454 3314 543 518
is_linear=0
shrinkage=0.03


Tree=10
num_leaves=15
num_cat=0
split_feature=0 6 0 41 39 0 23 8 7 27 8 39 39 24
split_gain=594.956 193.591 131.769 135.238 128.82 112.481 84.7145 61.0334 53.1595 80.9056 52.5626 49.6134 46.5562 43.6265
threshold=51.500000000000007 7.5000000000000009 -90.499999999999986 19.500000000000004 151.23425928420002 116.50000000000001 0.91234473043923681 3.5000000000000004 1.0000000180025095e-35 55.738747010000004 3.5000000000000004 460.80936177333336 56.755475965816679 4603.0000000000009
decision_type=2 2 2 8 8 2 2 2 2 2 2 8 10 10
left_child=2 5 7 12 -5 6 -2 13 9 -7 -6 -12 -4 -1
right_child=1 -3 3 4 10 8 -8 -9 -10 -11 11 -13 -14 -15
leaf_value=1.715757544390105 -1.6523526838989837 -0.21034195455405838 0.27984777780064346 0.6833358073419552 -0.00059689404370408651 -2.2177740227270673 0.3702506443924104 4.1236544823335706 -4.5261911462442326 1.8605785722367807 -0.053460711883354016 0.1580172069592167 -0.45863975754658348 -0.22936288784846262
leaf_weight=641 487 1874 233 1689 861 689 382 263 654 69 277 536 1319 40
leaf_count=641 487 1874 233 1689 861 689 382 263 654 69 277 536 1319 40
internal_value=-0.000608088 -0.00929018 0.00554949 0.00357608 0.006956 -0.0151578 -0.00665517 0.0158095 -0.0203822 -0.0149407 0.00105672 0.00652334 -0.00374759 0.0110411
internal_weight=10014 4155 5859 4915 3363 2281 869 944 1412 758 1674 813 1552 681
internal_count=10014 4155 5859 4915 3363 2281 869 944 1412 758 1674 813 1552 681
is_linear=0
shrinkage=0.03


Tree=11
num_leaves=15
num_cat=0
split_feature=0 6 0 41 0 39 22 38 26 32 37 6 37 2
split_gain=600.159 176.356 135.78 124.263 107.922 89.428 76.1632 66.6828 54.9633 53.1473 47.7497 43.7327 42.6516 40.4834
threshold=51.500000000000007 7.5000000000000009 -90.499999999999986 19.500000000000004 116.50000000000001 76.675000000000026 0.50531914893617025 37.500000000000007 37.479357640000011 -178.49999999999997 -270.92920383543685 10.500000000000002 17.116539529323749 20.925000000000004
decision_type=2 2 2 8 2 8 10 8 2 2 10 2 10 2
left_child=2 4 9 8 6 -5 -2 -3 -4 -1 -11 -7 -6 -9
right_child=1 7 3 5 12 11 -8 13 -10 10 -12 -13 -14 -15
leaf_value=4.5071069627796509 -1.3027821033820144 -1.7488028973632079 0.27145234446662414 1.3029156899387839 -3.8531459118569056 0.020856300705125657 0.67326219189976722 0.33695886807771153 -0.46912933961665965 -0.22248200121300876 1.7933941803659019 -0.00057898722239296395 -1.8574246724570691 -0.80499683800460631
leaf_weight=280 644 522 270 714 928 2593 186 1208 1317 159 485 98 499 120
leaf_count=280 644 522 270 714 928 2593 186 1208 1317 159 485 98 499 120
internal_value=-0.000457901 -0.00926728 0.00565827 0.00370118 -0.0148937 0.00693188 -0.00628159 -0.0023987 -0.00323048 0.0162162 0.0114419 0.00442422 -0.019895 0.00117381
internal_weight=10023 4107 5916 4992 2257 3405 830 1850 1587 924 644 2691 1427 1328
internal_count=10023 4107 5916 4992 2257 3405 830 1850 1587 924 644 2691 1427 1328
is_linear=0
shrinkage=0.03


Tree=12
num_leaves=15
num_cat=0
split_feature=31 37 34 27 9 6 26 31 6 38 40 26 40 36
split_gain=391.422 136.263 122.733 112.662 143.764 89.1017 77.5263 69.2612 68.0134 56.3355 55.6041 54.1812 49.8331 49.6468
threshold=-5.4999999999999991 14.775820903257626 6420.0555570520009 55.657384465000007 14.762111685983335 7.5000000000000009 37.444393735000013 201.50000000000003 8.5000000000000018 -66.499999999999986 74.500000000000014 37.430386915000007 112.50000000000001 28.59174020662936
decision_type=2 10 8 2 10 2 2 2 2 10 8 2 8 10
left_child=2 3 -1 7 11 10 -3 12 -8 -7 -4 -5 -2 -14
right_child=1 6 5 4 -6 9 8 -9 -10 -11 -12 -13 13 -15
leaf_value=1.7745966515379175 -0.72951181300300827 0.32786493949581513 -0.74957453943527519 0.10525730321697373 -1.7829314765843469 0.045739210124756798 -0.6887821717746786 -2.7713146194657652 0.15508149334704288 1.3187681399960187 0.48125481719792695 -0.0053662052299302699 0.0064084293111911581 1.8241104761374287
leaf_weight=522 457 633 574 333 1845 503 1289 217 788 1072 513 374 668 158
leaf_count=522 457 633 574 333 1845 503 1289 217 788 1072 513 374 668 158
internal_value=-0.00107972 -0.00516339 0.00759184 -0.00864545 -0.0124794 0.00497935 4.42641e-05 -0.00211859 -0.00275746 0.0095368 -0.00162684 -0.000974576 0.000537383 0.00493349
internal_weight=9946 6762 3184 4052 2552 2662 2710 1500 2077 1575 1087 707 1283 826
internal_count=9946 6762 3184 4052 2552 2662 2710 1500 2077 1575 1087 707 1283 826
is_linear=0
shrinkage=0.03


Tree=13
num_leaves=15
num_cat=0
split_feature=0 6 0 41 0 23 26 26 32 26 23 3 2 27
split_gain=591.691 167.003 110.526 131.56 103.772 94.3186 82.4735 75.1386 60.8524 59.7376 50.2013 70.7611 58.5277 49.7498
threshold=51.500000000000007 7.5000000000000009 -90.499999999999986 17.500000000000004 113.50000000000001 0.91256067961165066 37.462456390000007 37.479357640000011 -178.49999999999997 37.69354237000001 0.91185719570847212 1.0000000180025095e-35 2.8916666666666671 55.643770265000008
decision_type=2 2 2 8 2 2 2 2 2 2 2 2 2 2
left_child=2 4 8 7 5 -2 -3 -4 -1 13 -5 12 -12 -8
right_child=1 6 3 10 -6 -7 9 -9 -10 -11 11 -13 -14 -15
leaf_value=4.2004934802313523 -1.5638908931598894 0.57045960829052111 0.83788900620452211 0.022114306408834387 -2.993884019689796 0.38098125773524294 -0.29233425462616991 -0.53409732257656772 1.2610878324038564 0.42512780534828509 -1.0798273138238406 -0.014801407908574121 1.5291262037369957 -1.6992712768561011
leaf_weight=293 449 638 273 1975 1457 384 332 1266 643 360 86 218 1155 551
leaf_count=293 449 638 273 1975 1457 384 332 1266 643 360 86 218 1155 551
internal_value=-0.000446384 -0.00909636 0.0056599 0.00387817 -0.0145351 -0.00607914 -0.00247078 -0.00340909 0.0151121 -0.00696945 0.0071441 0.011363 0.0141304 -0.0111652
internal_weight=10080 4171 5909 4973 2290 833 1881 1539 936 1243 3434 1459 1241 883
internal_count=10080 4171 5909 4973 2290 833 1881 1539 936 1243 3434 1459 1241 883
is_linear=0
shrinkage=0.03


Tree=14
num_leaves=15
num_cat=0
split_feature=0 6 0 40 23 0 38 39 3 8 7 37 26 39
split_gain=512.331 185.42 143.016 133.586 123.37 96.3502 79.8159 104.629 102.42 60.6727 57.9514 52.6162 51.6243 45.3115
threshold=11.500000000000002 7.5000000000000009 116.50000000000001 56.500000000000007 0.92880184331797244 -90.499999999999986 -25.499999999999996 76.148608924516694 1.0000000180025095e-35 3.5000000000000004 1.0000000180025095e-35 -70.632365001132072 37.399178430000006 151.23425928420002
decision_type=2 2 2 10 2 2 8 8 2 2 2 8 2 10
left_child=5 2 4 -3 -2 9 8 -8 11 -1 -9 -7 -4 -13
right_child=1 3 12 -5 -6 6 7 10 -10 -11 -12 13 -14 -15
leaf_value=1.3763989466585236 -1.1845013492362655 -0.47424603734128179 0.34323953208339109 1.0626838339095657 0.70048587988739863 -1.2723568103234075 1.4105424822974939 0.0092143889008629611 0.035867616236561629 3.7420344192494803 0.38795728529581436 0.48512606094654043 -3.0177025947334188 -2.1976011615436035
leaf_weight=664 997 1872 95 714 417 463 585 1423 214 271 794 226 1312 40
leaf_count=664 997 1872 95 714 417 463 585 1423 214 271 794 226 1312 40
internal_value=-0.00013977 -0.00642936 -0.011747 -0.000626208 -0.00500353 0.00712668 0.0049733 0.00751338 -0.00257415 0.0157372 0.00453111 -0.00793151 -0.0185156 0.00269663
internal_weight=10087 5407 2821 2586 1414 4680 3745 2802 943 935 2217 729 1407 266
internal_count=10087 5407 2821 2586 1414 4680 3745 2802 943 935 2217 729 1407 266
is_linear=0
shrinkage=0.03


Tree=15
num_leaves=15
num_cat=0
split_feature=0 37 0 38 40 22 2 23 0 8 39 6 26 23
split_gain=516.012 180.409 145.768 100.631 93.2849 88.1296 70.7291 61.7272 55.5569 50.7127 50.1959 46.8755 45.691 44.5254
threshold=13.500000000000002 17.116539529323749 119.50000000000001 -18.499999999999996 -31.499999999999996 0.39504283965728276 2.5916666666666672 0.91234473043923681 -169.49999999999997 4.5000000000000009 54.725000000000009 6.5000000000000009 37.450877730000009 0.91905541905541921
decision_type=2 10 2 10 8 10 2 2 2 2 8 2 2 2
left_child=5 2 3 -2 -3 8 -7 -5 -1 -6 -10 -4 -13 -11
right_child=1 4 11 7 9 6 -8 -9 10 13 -12 12 -14 -15
leaf_value=3.0300071530158692 -1.4177188207738345 -1.1332659758292207 -3.7660961615843105 -0.71726166363444299 0.55943318997480662 -0.93907121296799956 1.3901448924367805 0.43630564377511399 1.4245126006382147 -3.6245428201956043 0.022643302484242771 0.093638475898058363 -2.4004093001972837 0.60261013122407303
leaf_weight=156 653 690 708 476 1532 57 1090 603 275 81 3208 163 330 72
leaf_count=156 653 690 708 476 1532 57 1090 603 275 81 3208 163 330 72
internal_value=-0.000148588 -0.00658881 -0.0115644 -0.00598961 -0.000441919 0.00699394 0.0142422 -0.000361111 0.00470604 0.00336299 0.00391791 -0.0195923 -0.0124494 -0.0130519
internal_weight=10094 5308 2933 1732 2375 4786 1147 1079 3639 1685 3483 1201 493 153
internal_count=10094 5308 2933 1732 2375 4786 1147 1079 3639 1685 3483 1201 493 153
is_linear=0
shrinkage=0.03


Tree=16
num_leaves=15
num_cat=0
split_feature=12 37 23 25 38 40 27 8 26 32 12 7 27 27
split_gain=354.464 188.421 84.455 91.1693 81.408 80.3812 61.7463 105.231 79.2531 56.1035 49.8008 81.8998 47.2714 46.9243
threshold=-19.499999999999996 -14.677481572167947 0.90029239766081881 121.50000000000001 -14.499999999999998 -33.499999999999993 55.657384465000007 5.5000000000000009 37.511715455000008 -1863.9999999999998 26.500000000000004 1.0000000180025095e-35 55.721496830000014 55.545383390000005
decision_type=10 8 2 2 8 8 2 2 2 2 10 2 2 2
left_child=2 6 -1 4 -4 -3 10 8 12 -9 11 13 -8 -2
right_child=1 5 3 -5 -6 -7 7 9 -10 -11 -12 -13 -14 -15
leaf_value=0.023852058159010644 4.6978338319394339 -0.76920691009480346 0.091659893232537926 -2.5969716512257706 1.5102913167863308 0.077313988587358731 -0.64624687194932229 0.35929869225587974 -1.651569512377673 -3.4057331069234422 -0.96849359046893635 1.9614194346021421 0.53269796675841463 -0.86557217453068491
leaf_weight=1977 34 883 547 125 1497 2340 292 49 578 640 624 100 257 151
leaf_count=1977 34 883 547 125 1497 2340 292 49 578 640 624 100 257 151
internal_value=-7.7266e-05 -0.00477055 0.00665541 0.0107419 0.0122641 0.000139578 -0.0105759 -0.01377 -0.0081117 -0.023 -0.00418681 0.00618881 5.45455e-05 -0.00564516
internal_weight=10094 5948 4146 2169 2044 3223 2725 1816 1127 689 909 285 549 185
internal_count=10094 5948 4146 2169 2044 3223 2725 1816 1127 689 909 285 549 185
is_linear=0
shrinkage=0.03


Tree=17
num_leaves=15
num_cat=0
split_feature=0 30 34 38 0 37 27 38 0 37 40 27 25 0
split_gain=493.563 167.515 133.471 130.247 89.2348 90.5621 71.7519 66.659 65.2663 73.471 56.603 55.4183 55.0564 50.148
threshold=83.500000000000014 330.00000000000006 139.15201320450004 117.50000000000001 11.500000000000002 14.775820903257626 55.642067515000001 -12.499999999999998 -169.49999999999997 -58.042410810173742 84.500000000000014 55.720196035000008 99.250000000000014 -29.499999999999996
decision_type=2 2 10 8 2 10 2 10 2 10 8 2 2 2
left_child=2 3 4 11 8 7 12 -6 -1 10 -10 -2 -3 -4
right_child=1 6 13 -5 5 -7 -8 -9 9 -11 -12 -13 -14 -15
leaf_value=3.523758152349679 -1.7398189114572364 0.61981083888161037 2.0943750696475947 0.1171441505741741 -1.4396231230095602 0.37432434267464054 -3.673036092786055 -0.15761683096861781 -0.29791003580079561 0.16184020820878089 0.049948546375395149 0.73501945159337023 -2.2155807853714173 0.63828639693850664
leaf_weight=185 1131 78 315 1104 460 820 676 579 1026 1318 1333 118 100 773
leaf_count=185 1131 78 315 1104 460 820 676 579 1026 1318 1333 118 100 773
internal_value=-0.000257562 -0.00995948 0.00431278 -0.00582413 0.0024799 -0.00291935 -0.0213333 -0.00879808 0.00507895 0.00420065 0.00102966 -0.012456 -0.00435754 0.0139394
internal_weight=10016 3207 6809 2353 5721 1859 854 1039 3862 3677 2359 1249 178 1088
internal_count=10016 3207 6809 2353 5721 1859 854 1039 3862 3677 2359 1249 178 1088
is_linear=0
shrinkage=0.03


Tree=18
num_leaves=15
num_cat=0
split_feature=12 8 38 23 32 25 23 32 26 6 2 13 13 37
split_gain=298.73 199.613 111.44 107.96 93.5989 88.0492 84.4024 72.6391 69.5685 67.8933 78.7931 66.4976 48.7133 46.2612
threshold=18.500000000000004 5.5000000000000009 41.500000000000007 0.91234473043923681 -1259.9999999999998 121.50000000000001 0.40679264555669054 -163.49999999999997 37.479357640000011 7.5000000000000009 6.2750000000000012 201.50000000000003 -64.499999999999986 -16.202182953514747
decision_type=10 2 8 2 2 2 2 2 2 2 2 10 8 8
left_child=3 2 6 9 11 7 -2 -5 -9 10 -1 -3 -11 -10
right_child=1 4 -4 5 -6 -7 -8 8 13 12 -12 -13 -14 -15
leaf_value=0.12683910851802294 0.16026396113482766 0.32937113958004816 0.012424397153759526 1.5357560416544371 -3.053053718792337 -2.327325529633447 -1.3150053097713599 1.9926412237327009 -0.067936388549509022 1.1968795856113466 -0.54924483385413381 -5.8436437798204119 0.016674910609827051 1.1346413633385095
leaf_weight=276 83 137 2636 843 764 119 1267 435 557 464 991 72 1112 298
leaf_count=276 83 137 2636 843 764 119 1267 435 557 464 991 72 1112 298
internal_value=-0.00023272 -0.00547379 -0.00249812 0.00486852 -0.0176489 0.00977364 -0.00950407 0.0111762 0.00669249 0.000981013 -0.0041877 0.000142857 0.00513633 0.00171729
internal_weight=10054 4959 3986 5095 973 2252 1350 2133 1290 2843 1267 209 1576 855
internal_count=10054 4959 3986 5095 973 2252 1350 2133 1290 2843 1267 209 1576 855
is_linear=0
shrinkage=0.03


Tree=19
num_leaves=15
num_cat=0
split_feature=0 6 0 23 38 32 0 38 35 34 6 2 24 36
split_gain=493.867 175.115 127.355 92.9243 91.7775 83.4539 66.9302 74.3321 56.0872 54.8988 52.7951 46.8292 42.6794 68.3993
threshold=11.500000000000002 7.5000000000000009 113.50000000000001 0.90797035692679995 40.500000000000007 -169.49999999999997 -66.499999999999986 -29.499999999999996 1733.4316856035377 6420.0555570520009 5.5000000000000009 17.508333333333336 3510.9026729520006 19.947672649832679
decision_type=2 2 2 2 10 2 2 8 10 8 2 2 10 10
left_child=5 2 3 -2 -3 6 -1 8 -8 -9 -4 -5 13 -7
right_child=1 4 10 11 -6 12 7 9 -10 -11 -12 -13 -14 -15
leaf_value=3.4750856931921463 -1.2189318094720103 -0.70542001924827102 -3.4772092463644197 -0.11598733300798131 0.53664559082781327 0.16579539251758482 -2.3928281807079785 1.0397025070359243 0.062916995559255492 0.024043539924165323 -1.6926681364224725 1.5716754040854106 -0.0057303545110276568 0.017517239347856546
leaf_weight=374 692 1316 614 516 1258 1291 88 334 64 365 833 150 162 1976
leaf_count=374 692 1316 614 516 1258 1291 88 334 64 365 833 150 162 1976
internal_value=-0.000439506 -0.00663011 -0.011814 -0.00520971 -0.000978641 0.00671536 0.0134339 0.00876761 -0.0101961 0.0129 -0.0180041 0.00278861 0.00431195 0.00505814
internal_weight=10033 5379 2805 1358 2574 4654 1225 851 152 699 1447 666 3429 3267
internal_count=10033 5379 2805 1358 2574 4654 1225 851 152 699 1447 666 3429 3267
is_linear=0
shrinkage=0.03


Tree=20
num_leaves=15
num_cat=0
split_feature=0 30 40 20 0 37 2 3 38 40 27 39 0 41
split_gain=423.803 163.821 138.518 129.924 108.478 89.8231 84.8149 57.4994 56.589 55.5132 52.6212 49.2794 47.7937 46.656
threshold=116.50000000000001 1.0000000180025095e-35 -27.499999999999996 7.355957767722475 11.500000000000002 -41.104771388400472 15.175000000000002 1.0000000180025095e-35 -12.499999999999998 70.500000000000014 55.733677020000009 54.725000000000009 -169.49999999999997 -1.4999999999999998
decision_type=2 2 8 8 2 10 2 2 10 10 2 8 2 8
left_child=3 2 -2 7 11 8 10 -1 -6 -7 -4 -5 -13 -14
right_child=1 -3 6 4 5 9 -8 -9 -10 -11 -12 12 13 -15
leaf_value=1.0421728141985187 -2.1284301711935791 -3.5776543149814222 -1.2339839497467899 1.3702533264715604 -1.3866710854296431 -0.17321676931630839 1.2422837932813013 -0.060768704776846878 -0.37670493451251391 0.97771930581360533 1.8843093625443348 3.2822555358460557 -0.16228066716352035 0.042806893865546973
leaf_weight=1429 604 740 584 296 469 1055 387 69 532 296 130 166 1215 2091
leaf_count=1429 604 740 584 296 469 1055 387 69 532 296 130 166 1215 2091
internal_value=-0.000676669 -0.0115413 -0.00641852 0.00281139 0.000872406 -0.0041819 -8.16697e-05 0.0107272 -0.010988 0.000865385 -0.00620979 0.00402759 0.00302332 0.00223163
internal_weight=10063 2445 1705 7618 6120 2352 1101 1498 1001 1351 714 3768 3472 3306
internal_count=10063 2445 1705 7618 6120 2352 1101 1498 1001 1351 714 3768 3472 3306
is_linear=0
shrinkage=0.03


Tree=21
num_leaves=15
num_cat=0
split_feature=0 8 27 0 38 37 40 39 27 32 37 9 0 23
split_gain=412.65 185.252 117.674 101.65 124.024 86.3813 78.9628 76.7434 75.6076 59.1138 69.8888 57.1473 53.8261 52.7313
threshold=83.500000000000014 5.5000000000000009 55.733677020000009 -90.499999999999986 9.5000000000000018 12.678691490579697 46.500000000000007 76.675000000000026 55.642067515000001 -261.99999999999994 -270.92920383543685 72.01527559118334 -2.4999999999999996 0.69666329625884738
decision_type=2 2 2 2 8 8 8 8 2 2 10 10 2 2
left_child=3 2 6 9 5 -5 11 12 -3 -1 -11 -2 -6 -8
right_child=1 8 -4 4 7 -7 13 -9 -10 10 -12 -13 -14 -15
leaf_value=4.053922029161213 -1.5948015800669728 -0.53141987653642497 1.118428931556714 -0.57513711568407266 1.4964902659607549 0.2231631339539584 -3.9658062072517346 0.038682449147005006 -3.4455633395240448 -0.54700214356778754 1.4889976914975969 4.3518108041736872 0.73019137188782213 0.08313353675119721
leaf_weight=192 1091 182 347 1287 317 462 70 3166 689 167 564 35 644 874
leaf_count=192 1091 182 347 1287 317 462 70 3166 689 167 564 35 644 874
internal_value=-0.000579897 -0.00930374 -0.00502481 0.00363971 0.00218479 -0.00450857 -0.00773539 0.0050218 -0.0211583 0.0128896 0.00897541 -0.0130967 0.0124428 -0.00133333
internal_weight=10087 3288 2417 6799 5876 1749 2070 4127 871 923 731 1126 961 944
internal_count=10087 3288 2417 6799 5876 1749 2070 4127 871 923 731 1126 961 944
is_linear=0
shrinkage=0.03


Tree=22
num_leaves=15
num_cat=0
split_feature=31 8 40 3 9 39 23 26 40 5 25 27 26 22
split_gain=259.959 172.213 141.328 97.5091 79.4559 90.2583 73.2371 69.5348 57.0502 52.3695 52.2053 67.1939 49.3168 45.9715
threshold=83.500000000000014 5.5000000000000009 8.5000000000000018 1.0000000180025095e-35 66.01527559118334 77.924537077183359 0.92988043356799654 37.511715455000008 -78.499999999999986 6.5000000000000009 114.50000000000001 55.739756920000012 37.731615325000007 0.31851119894598162
decision_type=2 2 8 2 8 8 2 2 8 2 2 2 2 8
left_child=2 6 -1 4 5 9 8 -7 -2 13 11 -3 -10 -4
right_child=1 10 3 -5 -6 7 -8 -9 12 -11 -12 -13 -14 -15
leaf_value=-0.35698677164701492 -1.8039104214970445 0.51092512990149963 0.66326520991532067 -0.007360065528247829 1.4633404211650145 1.031619819908683 0.26438163223752398 -0.33624391511941792 -0.45436645069717269 -2.0221964393383232 -3.4113764947465057 -2.5321964393383234 1.7973864292951436 1.7748703176906717
leaf_weight=1994 381 95 599 1113 987 700 701 1079 1070 76 536 67 125 523
leaf_count=1994 381 95 599 1113 987 700 701 1079 1070 76 536 67 125 523
internal_value=-0.000394148 -0.00783266 0.00273614 0.00539386 0.00759647 0.00514775 -0.00383231 0.000859551 -0.00741915 0.0115096 -0.0208584 -0.00588957 -0.00418896 0.0131434
internal_weight=10046 2975 7071 5077 3964 2977 2277 1779 1576 1198 698 162 1195 1122
internal_count=10046 2975 7071 5077 3964 2977 2277 1779 1576 1198 698 162 1195 1122
is_linear=0
shrinkage=0.03


Tree=23
num_leaves=15
num_cat=0
split_feature=0 30 27 27 23 40 38 0 0 37 9 19 26 0
split_gain=395.997 154.328 111.936 105.528 97.0511 95.8483 90.6905 59.2297 53.8969 49.4641 47.3517 41.4565 40.0156 39.9641
threshold=63.500000000000007 330.00000000000006 55.646971425000011 55.73083620500001 0.92330316742081464 -40.499999999999993 28.500000000000004 -31.499999999999996 158.50000000000003 92.06270707875116 33.902121254808343 63.225269563656312 37.38505884500001 -69.499999999999986
decision_type=2 2 2 2 2 8 8 2 2 8 10 8 2 2
left_child=4 3 8 6 5 -1 -2 -6 11 12 -5 -3 -8 -7
right_child=1 2 -4 10 7 13 9 -9 -10 -11 -12 -13 -14 -15
leaf_value=-0.61954165909206715 -1.6963821103018899 -1.1520043561448905 -3.2662305461581735 1.8558274493876548 1.8801400996616116 1.2287594454431214 4.3034789873040502 0.27934782328937163 -2.9450820755922158 0.20458052526240769 -0.61428729335252308 0.44652839356305635 -0.97705845616918763 0.016204369487457404
leaf_weight=846 768 36 655 340 616 688 33 1466 120 772 45 138 831 2659
leaf_count=846 768 36 655 340 616 688 33 1466 120 772 45 138 831 2659
internal_value=-0.000680048 -0.00840867 -0.0188526 -0.00484946 0.00392447 0.00129471 -0.00718503 0.00921747 -0.00345763 -0.00318876 0.00971503 0.0072 -0.00811561 0.00357527
internal_weight=10013 3738 949 2789 6275 4193 2404 2082 294 1636 385 174 864 3347
internal_count=10013 3738 949 2789 6275 4193 2404 2082 294 1636 385 174 864 3347
is_linear=0
shrinkage=0.03


Tree=24
num_leaves=15
num_cat=0
split_feature=0 8 23 40 0 2 0 37 41 15 9 2 36 36
split_gain=386.748 158.766 117.672 110.868 103.197 95.096 66.6997 67.416 54.0074 58.7269 46.9575 46.792 43.1024 53.3253
threshold=119.50000000000001 4.5000000000000009 0.90639602803738328 -33.499999999999993 -7.4999999999999991 12.758333333333335 11.500000000000002 -66.399656488936429 141.50000000000003 219.90267295200002 29.388024177091669 22.841666666666672 19.38516483516484 24.353743315508023
decision_type=2 2 2 8 2 2 2 10 10 8 10 2 10 10
left_child=2 3 6 -2 12 -5 11 -8 9 10 -6 -1 -4 -14
right_child=1 -3 4 5 8 -7 7 -9 -10 -11 -12 -13 13 -15
leaf_value=0.0076363144627324313 -1.9156686829620102 -3.2088113403942322 1.6552643236654399 -1.2955340754597429 -0.5607437311142659 1.0400803377783183 -1.0840635027349022 -0.058610859391736575 1.6270362031388608 0.65624491395697215 0.092954375964744762 0.044391373879930279 0.26793374896363353 2.5279540110542276
leaf_weight=2545 561 745 563 592 759 508 544 722 432 752 549 68 519 208
leaf_count=2545 561 745 563 592 759 508 544 722 432 752 549 68 519 208
internal_value=-0.000652563 -0.0111425 0.00264291 -0.00597473 0.00640761 -0.000435967 -0.00102835 -0.00667719 0.00283995 0.000815138 -0.00302521 0.00171002 0.013292 0.0084478
internal_weight=10067 2406 7661 1661 3782 1100 3879 1266 2492 2060 1308 2613 1290 727
internal_count=10067 2406 7661 1661 3782 1100 3879 1266 2492 2060 1308 2613 1290 727
is_linear=0
shrinkage=0.03


Tree=25
num_leaves=15
num_cat=0
split_feature=31 8 9 40 31 19 32 26 31 23 38 37 18 40
split_gain=263.663 182.552 105.835 97.9001 87.5993 77.8784 74.1376 58.6848 56.9922 56.9576 55.7691 55.6785 62.5088 52.1217
threshold=18.500000000000004 5.5000000000000009 48.974214364491672 98.500000000000014 116.50000000000001 74.082457257173971 -69.499999999999986 37.479357640000011 393.50000000000006 0.93189548546691414 -113.49999999999999 -14.677481572167947 2699.151749011191 -71.499999999999986
decision_type=2 2 10 10 2 8 2 2 2 2 8 8 10 8
left_child=6 3 -3 8 5 -4 10 -8 9 13 -1 -9 -13 -2
right_child=1 2 4 -5 -6 -7 7 11 -10 -11 -12 12 -14 -15
leaf_value=-0.54889735960604846 -1.3794988958572845 -2.9034475947683092 -1.673617882985357 1.1686191834068116 -3.0914400427032862 0.40281941512266745 0.66425754269177473 -0.44318944594760168 -1.3723866940172254 0.18702085332282573 0.84870767168112504 0.045689199193653711 -0.0081443036824980063 -0.16885905595929809
leaf_weight=254 710 488 134 515 267 286 592 961 104 842 2116 570 413 1817
leaf_count=254 710 488 134 515 267 286 592 961 104 842 2116 570 413 1817
internal_value=-0.000467726 -0.00519946 -0.0155867 -0.00213587 -0.00797965 0.000570071 0.00451192 0.000945999 -0.00394646 -0.00326706 0.0083256 -0.00157326 0.00344512 -0.0055182
internal_weight=10069 5163 1175 3988 687 420 4906 2536 3473 3369 2370 1944 983 2527
internal_count=10069 5163 1175 3988 687 420 4906 2536 3473 3369 2370 1944 983 2527
is_linear=0
shrinkage=0.03


Tree=26
num_leaves=15
num_cat=0
split_feature=0 7 0 23 27 2 26 40 26 41 26 2 2 23
split_gain=373.289 150.25 107.019 99.7539 98.3087 70.1275 65.452 62.6382 61.3888 56.0756 53.6975 52.8802 46.0813 45.0816
threshold=113.50000000000001 1.0000000180025095e-35 -90.499999999999986 0.93114224137931045 55.733677020000009 22.925000000000004 37.726599925000009 -61.499999999999993 37.757521395000005 55.500000000000007 37.833310065000006 12.758333333333335 2.4250000000000003 0.85206228956228969
decision_type=2 2 2 2 2 2 2 8 2 10 2 2 2 2
left_child=2 4 6 5 7 8 12 -2 9 -4 -10 -9 -1 -11
right_child=1 -3 3 -5 -6 -7 -8 11 10 13 -12 -13 -14 -15
leaf_value=-0.37195363848621554 -1.9931975945843599 -2.9986968414221877 -0.014063858025461907 0.3907348326689874 1.4194922284979303 0.055138040666573476 2.857748772264276 -1.3940537507711481 -1.0474658157061092 -0.12118307137343233 0.018773852816999153 0.23549002528609581 1.2318015422696125 0.82054086368684109
leaf_weight=43 434 761 3169 2057 235 89 251 561 243 204 161 484 648 746
leaf_count=43 434 761 3169 2057 235 89 251 561 243 204 161 484 648 746
internal_value=-0.000725687 -0.0108441 0.00256569 0.00122789 -0.00591254 -0.00122263 0.0120255 -0.00877703 -0.00174403 -0.000648058 -0.0128889 -0.00478967 0.00723988 0.00574132
internal_weight=10086 2475 7611 6669 1714 4612 942 1479 4523 4119 404 1045 691 950
internal_count=10086 2475 7611 6669 1714 4612 942 1479 4523 4119 404 1045 691 950
is_linear=0
shrinkage=0.03


Tree=27
num_leaves=15
num_cat=0
split_feature=31 30 27 40 21 12 2 6 11 38 38 26 2 20
split_gain=260.479 165.546 154.146 99.4962 70.7323 67.1054 59.974 58.5128 64.3919 56.912 51.2345 48.3353 46.9084 51.6352
threshold=18.500000000000004 330.00000000000006 55.661758930000012 98.500000000000014 5.9500000000000011 34.500000000000007 2.5916666666666672 8.5000000000000018 1.0000000180025095e-35 35.500000000000007 -25.499999999999996 37.532286195000005 7.7583333333333337 3.797058823529412
decision_type=2 2 2 10 10 8 2 2 10 8 8 2 2 8
left_child=4 3 5 9 6 -3 -1 11 -9 -2 -8 -6 -7 -14
right_child=1 2 -4 -5 7 12 10 8 -10 -11 -12 -13 13 -15
leaf_value=-0.086379458861136058 -0.99387648135486328 1.681008598624236 -2.8172456586537868 1.0734120002296235 0.059724298471226046 4.707005040956199 0.0053873390703319483 1.2582994982922016 -0.011999233244818955 -0.031664349695071529 0.88430616261427186 -0.23426282860392592 0.0054597376485943181 -1.3540361116754276
leaf_weight=190 1299 70 752 526 762 41 421 623 210 2178 1534 1107 192 151
leaf_count=190 1299 70 752 526 762 41 421 623 210 2178 1534 1107 192 151
internal_value=-0.000865069 -0.00552207 -0.015261 -0.00258492 0.00413985 -0.00145055 0.00820596 0.0009101 0.00751799 -0.00442496 0.00976994 -0.00203743 -0.00638961 -0.0100291
internal_weight=10056 5209 1206 4003 4847 454 2145 2702 833 3477 1955 1869 384 343
internal_count=10056 5209 1206 4003 4847 454 2145 2702 833 3477 1955 1869 384 343
is_linear=0
shrinkage=0.03


Tree=28
num_leaves=15
num_cat=0
split_feature=0 7 0 23 27 37 26 40 2 39 2 39 27 0
split_gain=322.219 135.775 131.337 90.1096 89.4974 74.7077 69.0549 54.5777 52.6353 65.7848 47.6316 45.4647 43.2767 45.8043
threshold=119.50000000000001 1.0000000180025095e-35 -90.499999999999986 0.92211680535033846 55.733677020000009 -77.300007028961076 37.727956250000013 106.50000000000001 17.425000000000004 136.42371424166669 2.4250000000000003 152.56857023465002 55.646971425000011 143.50000000000003
decision_type=2 2 2 2 2 8 2 8 2 8 2 10 2 2
left_child=2 4 6 5 8 7 10 -4 -2 -10 -1 -7 13 -3
right_child=1 12 3 -5 -6 11 -8 -9 9 -11 -12 -13 -14 -15
leaf_value=-0.35820364556579504 -1.3416286876341479 0.52856322640041187 -1.0260515858660619 0.31732723053016409 1.4260953232195086 0.014486452105231641 2.8531712894355894 -0.02961363096657911 -1.5019887567638985 1.7360837960100584 1.2064629252076782 -0.069108004769810771 -3.1987835310619626 -2.2825422366633861
leaf_weight=43 1001 52 932 2458 243 2265 241 662 174 202 636 379 540 145
leaf_count=43 1001 52 932 2458 243 2265 241 662 174 202 636 379 540 145
internal_value=-0.000983557 -0.0106743 0.00201654 0.000555473 -0.00581123 -0.00209483 0.0126384 -0.00722257 -0.00877358 0.000795756 0.00772059 0.00099811 -0.0213415 -0.00924242
internal_weight=9973 2357 7616 6696 1620 4238 920 1594 1377 376 679 2644 737 197
internal_count=9973 2357 7616 6696 1620 4238 920 1594 1377 376 679 2644 737 197
is_linear=0
shrinkage=0.03


Tree=29
num_leaves=15
num_cat=0
split_feature=0 7 0 27 41 3 0 26 27 16 0 40 26 8
split_gain=340.691 142.985 119.229 105.644 90.9131 91.5412 100.273 74.805 78.7734 72.32 68.225 58.4262 58.0403 54.4397
threshold=119.50000000000001 1.0000000180025095e-35 -90.499999999999986 55.733677020000009 17.500000000000004 1.0000000180025095e-35 -6.4999999999999991 37.47437934500001 55.643770265000008 11.500000000000002 15.500000000000002 -61.499999999999993 37.649609960000006 3.5000000000000004
decision_type=2 2 2 2 8 2 2 2 2 8 2 8 2 2
left_child=2 3 13 11 12 7 -7 -6 9 -9 -8 -2 -4 -1
right_child=1 -3 4 -5 5 6 10 8 -10 -11 -12 -13 -14 -15
leaf_value=0.94431208215052009 -1.9474199535111878 -2.7428200251301038 0.0094907157892371568 1.7489903265094617 1.1304734030595127 0.51310454926824078 -0.0071672921367465902 -1.2170874292537062 -0.14547683267435196 1.1829926817634357 -0.89473226266691508 -0.7123619389139868 -1.0507049007082434 2.9801173599311506
leaf_weight=658 420 735 1038 238 1143 174 947 163 1392 730 201 993 926 264
leaf_count=658 420 735 1038 238 1143 174 947 163 1392 730 201 993 926 264
internal_value=-0.000915893 -0.0108085 0.00217625 -0.00590194 0.000786299 0.00303094 -0.00367347 0.0056168 0.00248031 0.00942953 -0.00689295 -0.00901697 -0.00464122 0.012286
internal_weight=10022 2386 7636 1651 6714 4750 1322 3428 2285 893 1148 1413 1964 922
internal_count=10022 2386 7636 1651 6714 4750 1322 3428 2285 893 1148 1413 1964 922
is_linear=0
shrinkage=0.03


Tree=30
num_leaves=15
num_cat=0
split_feature=0 8 27 20 27 0 6 26 27 26 27 26 2 0
split_gain=314.593 165.984 100.462 100.324 85.7165 69.3602 62.1257 63.357 59.948 78.4469 49.0055 41.2608 40.6617 39.29
threshold=63.500000000000007 5.5000000000000009 55.646971425000011 12.329705882352945 55.733677020000009 -66.499999999999986 6.5000000000000009 37.47313255000001 55.651852825000006 37.469100615000009 55.613787210000005 37.770227120000008 2.9750000000000005 143.50000000000003
decision_type=2 2 2 8 2 2 2 2 2 2 2 2 2 2
left_child=3 4 13 5 6 -1 -2 -8 12 -10 -5 -12 -7 -3
right_child=1 2 -4 10 -6 8 7 -9 9 -11 11 -13 -14 -15
leaf_value=2.4583239098632159 -1.8861577628615491 0.25527983452695197 -2.8069793604059643 1.6858544048513224 1.1577744388109734 -0.093092873247104496 0.26962018043962344 -0.88530957446323977 0.85378620615465139 -0.59951247645368011 0.0024743504361351611 -0.84702111766024935 1.0286192728970052 -1.9277989078591669
leaf_weight=438 460 163 635 361 388 48 752 1228 498 574 3444 251 609 117
leaf_count=438 460 163 635 361 388 48 752 1228 498 574 3444 251 609 117
internal_value=-0.000860841 -0.00773237 -0.0188319 0.00327281 -0.00413574 0.00848247 -0.00621876 -0.00390712 0.00577457 0.00139795 0.000488045 -0.000543831 0.0129027 -0.00384342
internal_weight=9966 3743 915 6223 2828 2167 2440 1980 1729 1072 4056 3695 657 280
internal_count=9966 3743 915 6223 2828 2167 2440 1980 1729 1072 4056 3695 657 280
is_linear=0
shrinkage=0.03


Tree=31
num_leaves=15
num_cat=0
split_feature=0 7 0 22 32 2 26 2 39 18 37 2 18 39
split_gain=294.86 146.366 120.939 69.6653 68.9712 66.698 56.3336 54.9382 53.3103 47.6882 45.2619 60.3028 58.2493 60.3698
threshold=119.50000000000001 1.0000000180025095e-35 -90.499999999999986 0.42340286831812263 -200.99999999999997 17.425000000000004 37.770227120000008 20.925000000000004 85.959361773333356 15096.981061814129 -55.739782926563457 22.841666666666672 2290.0231672109908 255.30000000000004
decision_type=2 2 2 10 2 2 2 2 10 10 10 2 10 8
left_child=2 5 4 6 -1 8 10 -7 -2 -6 11 -4 13 -12
right_child=1 -3 3 -5 9 7 -8 -9 -10 -11 12 -13 -14 -15
leaf_value=3.6644468029414083 -0.47119608019458525 -2.5885078098391361 -0.034509783121809245 0.51748335148465241 1.0030463660361975 1.291905621417907 -0.90194591382602918 -1.301094500992509 -1.7129271734245113 -0.57294018561295168 1.0515430371332697 0.0096833169220906859 -0.012655110638300293 -0.043331755452487193
leaf_weight=236 769 754 2380 1550 669 379 361 75 444 33 679 92 1390 233
leaf_count=236 769 754 2380 1550 669 379 361 75 444 33 679 92 1390 233
internal_value=-0.000901941 -0.0100206 0.00199502 0.000578821 0.0120767 -0.00505396 -0.00110397 0.00474725 -0.00872323 0.00733997 -0.000238743 -0.00305702 0.00278767 0.0086747
internal_weight=10044 2421 7623 6685 938 1667 5135 454 1213 702 4774 2472 2302 912
internal_count=10044 2421 7623 6685 938 1667 5135 454 1213 702 4774 2472 2302 912
is_linear=0
shrinkage=0.03


Tree=32
num_leaves=15
num_cat=0
split_feature=0 7 0 32 41 27 39 6 37 26 9 27 0 26
split_gain=295.018 125.546 101.547 100.729 66.3153 66.2 60.0717 55.8442 54.6572 47.7777 46.8094 46.4297 56.0682 44.2974
threshold=119.50000000000001 1.0000000180025095e-35 -69.499999999999986 -200.99999999999997 17.500000000000004 55.733677020000009 151.89166666666668 8.5000000000000018 -251.2677050035326 37.721194170000011 26.015275591183336 55.646971425000011 143.50000000000003 37.385818965000006
decision_type=2 2 2 2 8 2 8 2 10 2 10 2 2 2
left_child=2 5 3 -1 9 7 -6 13 -5 -4 -7 12 -3 -2
right_child=1 11 4 8 6 10 -8 -9 -10 -11 -12 -13 -14 -15
leaf_value=3.5545133988531661 2.0621790277886873 0.53927150973406579 -0.090849388877695933 -0.38384943013710993 0.29272853231841067 2.2504858051253791 -0.010309070337348295 0.28438026606373379 0.94343070829431752 -1.2600422765215005 -0.28598184744095795 -2.7777376379661334 -2.197176710304539 -1.3386828953606014
leaf_weight=285 43 57 1436 230 2501 170 2160 312 728 355 67 542 141 1042
leaf_count=285 43 57 1436 230 2501 170 2160 312 728 355 67 542 141 1042
internal_value=-0.00083714 -0.01008 0.00201533 0.00986334 0.000502092 -0.00543119 0.00238739 -0.00791845 0.00519291 -0.0044029 0.00920168 -0.0203239 -0.0078392 -0.0111326
internal_weight=10069 2374 7695 1243 6452 1634 4661 1397 958 1791 237 740 198 1085
internal_count=10069 2374 7695 1243 6452 1634 4661 1397 958 1791 237 740 198 1085
is_linear=0
shrinkage=0.03


Tree=33
num_leaves=15
num_cat=0
split_feature=0 7 0 40 38 3 26 37 26 0 2 9 36 37
split_gain=267.66 135.383 109.243 98.709 78.3085 76.5036 91.5615 75.6227 71.4285 69.9102 56.517 56.1989 66.346 64.9095
threshold=119.50000000000001 1.0000000180025095e-35 -90.499999999999986 -27.499999999999996 -25.499999999999996 1.0000000180025095e-35 37.416216135000006 12.678691490579697 37.727956250000013 -6.4999999999999991 15.175000000000002 27.015275591183336 18.800621118012426 -58.042410810173742
decision_type=2 2 2 8 8 2 2 8 2 2 2 8 8 8
left_child=2 3 8 -2 7 6 -6 -4 -1 -7 -5 13 -13 -8
right_child=1 -3 4 10 5 9 11 -9 -10 -11 -12 12 -14 -15
leaf_value=0.84628158834541478 -1.5802426236504881 -2.5069527357841737 -0.86035819605903174 -0.66297393752137168 1.5854158412190142 0.43224483294716071 -0.88898800581477921 0.078171922666441532 2.3841543044962887 -0.02219574444657986 1.3069120092886086 1.0333006210284688 0.36902221265809154 0.24292933953179119
leaf_weight=702 601 743 1113 667 618 157 465 429 239 1081 380 275 1420 1173
leaf_count=702 601 743 1113 667 618 157 465 429 239 1081 380 275 1420 1173
internal_value=-0.00105823 -0.00982023 0.0016734 -0.00502122 0.000334225 0.00209827 0.00413715 -0.00559948 0.011242 -0.00440678 0.000543893 0.00216857 0.00599646 -0.00179378
internal_weight=10063 2391 7672 1648 6731 5189 3951 1542 941 1238 1047 3333 1695 1638
internal_count=10063 2391 7672 1648 6731 5189 3951 1542 941 1238 1047 3333 1695 1638
is_linear=0
shrinkage=0.03


Tree=34
num_leaves=15
num_cat=0
split_feature=0 8 0 38 23 32 16 15 26 24 40 39 12 27
split_gain=261.995 127.974 111.764 75.1015 72.4824 67.8317 55.8807 56.2379 85.6375 49.9534 46.9618 42.8936 42.1855 42.0881
threshold=119.50000000000001 4.5000000000000009 -90.499999999999986 104.50000000000001 0.90881374722838149 -200.99999999999997 19.500000000000004 219.90267295200002 37.479357640000011 4384.0000000000009 -73.499999999999986 151.89166666666668 236.50000000000003 55.649446990000008
decision_type=2 2 2 8 2 2 8 10 2 10 8 10 10 2
left_child=2 3 5 -2 10 -1 7 8 12 -7 -4 -12 -6 -3
right_child=1 13 4 -5 6 9 -8 -9 -10 -11 11 -13 -14 -15
leaf_value=3.4388599433866496 -1.2446882937147465 -1.027703717519838 -0.96600913650251441 0.11164262676079918 0.68818994240170428 0.91407557714053522 0.59164636378845759 0.6802346534099738 -0.87242583835932597 -0.37254588835428148 0.0037319988106027553 -0.19358020162340783 -0.066545243292704462 -2.7224921461189093
leaf_weight=231 828 208 528 827 490 664 1746 428 498 41 2445 518 44 527
leaf_count=231 828 208 528 827 490 664 1746 428 498 41 2445 518 44 527
internal_value=-0.00102055 -0.00968632 0.00169374 -0.00505435 0.000335921 0.0113981 0.00359214 -0.00073922 -0.00453049 0.00675637 -0.00265464 -0.00118421 0.00381308 -0.0200951
internal_weight=10023 2390 7633 1655 6697 936 3206 1460 1032 705 3491 2963 534 735
internal_count=10023 2390 7633 1655 6697 936 3206 1460 1032 705 3491 2963 534 735
is_linear=0
shrinkage=0.03


Tree=35
num_leaves=15
num_cat=0
split_feature=0 30 0 27 39 9 38 23 39 0 0 38 27 18
split_gain=250.761 126.782 98.007 93.6349 65.8343 72.1781 64.0747 66.1472 57.1799 56.8733 49.1439 47.0353 68.8708 51.1632
threshold=63.500000000000007 330.00000000000006 -169.49999999999997 55.646971425000011 54.725000000000009 78.041758057766671 117.50000000000001 0.60188679245283028 26.148098799708336 -42.499999999999993 233.50000000000003 -25.499999999999996 55.648402350000005 1543.8532591268515
decision_type=2 2 2 2 8 10 8 2 8 2 2 8 2 10
left_child=2 6 -1 10 -4 11 -2 -8 -5 -7 -3 12 -6 -13
right_child=1 3 4 8 5 9 7 -9 -10 -11 -12 13 -14 -15
leaf_value=4.1133787690218222 -0.94696029576420093 0.25995152328154886 0.96218332804214568 0.26751150076653074 0.14048046796859134 2.3603928186678966 -2.227167493275537 0.29113140713605801 -2.6119915669710303 0.12119892297881701 -4.3188984834198827 0.21572353276159284 -0.81666900431926526 -0.0081073839201550677
leaf_weight=236 1445 235 600 62 469 149 86 1271 587 479 55 1292 865 2189
leaf_count=236 1445 235 600 62 469 149 86 1271 587 479 55 1292 865 2189
internal_value=-0.000562818 -0.00671032 0.00310032 -0.0162447 0.00235771 0.00131705 -0.00351052 0.00117084 -0.0225692 0.0108744 -0.00206186 6.85216e-05 -0.0047191 0.00190408
internal_weight=10020 3741 6279 939 6043 5443 2802 1357 649 628 290 4815 1334 3481
internal_count=10020 3741 6279 939 6043 5443 2802 1357 649 628 290 4815 1334 3481
is_linear=0
shrinkage=0.03


Tree=36
num_leaves=15
num_cat=0
split_feature=12 8 31 40 10 34 37 31 12 27 40 27 27 27
split_gain=176.652 92.4531 81.6187 79.669 72.3004 67.3455 82.5097 61.9751 53.5341 45.2828 55.6476 55.4091 42.8461 57.6368
threshold=79.500000000000014 5.5000000000000009 61.500000000000007 84.500000000000014 0.91666666666666685 7855.0000000000009 96.0609959784273 -30.499999999999996 -25.499999999999996 55.720196035000008 -706.99999999999989 55.639025695000008 55.649446990000008 55.712922890000009
decision_type=10 2 2 10 10 8 10 2 8 2 10 2 2 2
left_child=3 9 -3 5 -5 7 8 -1 -7 11 -11 -2 -9 -14
right_child=1 2 -4 4 -6 6 -8 12 -10 10 -12 -13 13 -15
leaf_value=1.3725564111780617 -0.0025527030777582381 0.20715181464334195 -2.2400955866636409 1.3494867285265129 -0.13199669132440783 0.041016764047841221 0.32945727961366428 0.65199817632024815 -0.06554783837267153 -0.02860357523412739 1.1344633264400401 -0.85250822326037157 -1.6217495933558965 0.28717029666330668
leaf_weight=327 783 135 597 1156 149 1633 749 368 2151 311 267 1062 137 235
leaf_count=327 783 135 597 1156 149 1633 749 368 2151 311 267 1062 137 235
internal_value=-0.000745453 -0.00662548 -0.0159618 0.00194179 0.00861409 0.000385645 -0.00121085 0.00716292 -0.00301189 -0.0037995 0.00352332 -0.00609426 0.00234818 -0.00482574
internal_weight=10060 3155 732 6905 1305 5600 4533 1067 3784 2423 578 1845 740 372
internal_count=10060 3155 732 6905 1305 5600 4533 1067 3784 2423 578 1845 740 372
is_linear=0
shrinkage=0.03


Tree=37
num_leaves=15
num_cat=0
split_feature=0 8 27 0 26 38 38 27 3 0 18 9 26 37
split_gain=271.857 134.009 86.931 81.9781 76.1075 66.8153 57.419 80.6355 70.5568 89.0374 69.1093 69.4033 66.2928 61.459
threshold=83.500000000000014 5.5000000000000009 55.646971425000011 -90.499999999999986 37.727956250000013 117.50000000000001 -25.499999999999996 55.651852825000006 1.0000000180025095e-35 -6.4999999999999991 9291.6330591507431 14.959310950450002 37.416216135000006 -34.8224196283632
decision_type=2 2 2 2 2 8 8 2 2 2 8 10 2 10
left_child=3 5 -3 4 -1 -2 7 13 12 -10 -11 -12 -8 -5
right_child=1 2 -4 6 -6 -7 8 -9 9 10 11 -13 -14 -15
leaf_value=0.74417457464131542 -1.0704826783126535 -0.31659656060680236 -2.3232223137505859 -0.017968623975694674 2.2131651205657117 0.058382713408551647 1.5630210427499969 -0.78731989440627248 0.52523216359296776 -0.032112032518426245 -0.027745467977103571 0.011389188088488768 0.31957356122525438 0.93939500576974611
leaf_weight=711 1235 239 612 342 246 1138 544 864 157 777 92 153 2757 176
leaf_count=711 1235 239 612 342 246 1138 544 864 157 777 92 153 2757 176
internal_value=-0.00110215 -0.00827907 -0.0184859 0.00229179 0.010428 -0.00461247 0.000961965 -0.00438178 0.00261102 -0.00368644 -0.00692082 0.00695122 0.00486069 0.0049711
internal_weight=10043 3224 851 6819 957 2373 5862 1382 4480 1179 1022 245 3301 518
internal_count=10043 3224 851 6819 957 2373 5862 1382 4480 1179 1022 245 3301 518
is_linear=0
shrinkage=0.03


Tree=38
num_leaves=15
num_cat=0
split_feature=31 30 40 18 18 31 37 35 40 24 4 18 9 6
split_gain=162.338 131.277 94.5497 71.8258 56.8832 47.6373 47.295 45.5693 46.9586 40.8606 38.9806 56.3228 44.4867 37.4481
threshold=83.500000000000014 330.00000000000006 8.5000000000000018 2358.6256688842095 1664.0360120545654 -13.499999999999998 129.01430065629418 3594.3045755454855 44.500000000000007 1876.5000000000002 1.0000000180025095e-35 70.869931526902462 7.0152755911833342 9.5000000000000018
decision_type=2 2 8 10 10 2 10 10 10 10 2 8 8 2
left_child=2 4 13 5 -2 -4 -5 -6 -9 10 12 -12 -7 -1
right_child=1 -3 3 6 7 9 -8 8 -10 -11 11 -13 -14 -15
leaf_value=-0.37466036282490772 0.74540673956297476 -1.9531960496512137 0.95706424961988434 -0.029360550340874026 -0.94602905971600693 -0.042854715978996316 0.12420906084352724 -0.19235647035546874 1.2539465276831208 -0.03152793624318298 0.54310575510668857 -0.99193326415909133 0.28321009676709263 1.1886470736184527
leaf_weight=1936 464 739 1566 1277 651 224 517 981 183 120 93 189 1119 56
leaf_count=1936 464 739 1566 1277 651 224 517 981 183 120 93 189 1119 56
internal_value=-0.000910439 -0.00673733 0.00156805 0.0037309 -0.00317105 0.00634964 -0.00110306 -0.00556718 -0.00200858 0.00293814 0.00418819 -0.0059364 0.00631696 -0.00397391
internal_weight=10115 3018 7097 5105 2279 3311 1794 1815 1164 1745 1625 282 1343 1992
internal_count=10115 3018 7097 5105 2279 3311 1794 1815 1164 1745 1625 282 1343 1992
is_linear=0
shrinkage=0.03


Tree=39
num_leaves=15
num_cat=0
split_feature=12 40 8 37 12 24 10 26 2 26 26 6 9 39
split_gain=136.928 89.7436 64.5895 55.2997 72.7095 67.4685 55.036 48.8472 44.7418 45.6865 87.7631 58.3828 55.7746 45.3117
threshold=161.50000000000003 83.500000000000014 5.5000000000000009 81.177827455905984 -19.499999999999996 899.06861826150009 0.58333333333333337 37.716110390000004 17.508333333333336 37.566423880000009 37.731615325000007 7.5000000000000009 25.497142632483335 106.14259261753335
decision_type=10 10 2 10 10 8 10 2 2 2 2 2 8 8
left_child=1 3 7 4 5 8 -6 -2 9 -1 11 -11 -12 -13
right_child=2 -3 -4 -5 6 -7 -8 -9 -10 10 12 13 -14 -15
leaf_value=0.40814329167178359 -0.39759137381358328 0.68126228595157245 -2.4372589892369128 0.12672575151143955 -0.70041683543744315 -0.011624480958009893 0.046043959248951175 0.5900865079658677 1.1519488346695339 -1.3511806152949901 -0.34319680447214534 0.88257346022349614 1.8095058665750809 -0.57127914373142907
leaf_weight=958 965 1575 402 1317 2209 604 226 183 303 467 132 147 258 259
leaf_count=958 965 1575 402 1317 2209 604 226 183 303 467 132 147 258 259
internal_value=-0.000974415 0.000528619 -0.00916828 -0.000950443 -0.00225917 0.000767018 -0.00614532 -0.00553525 0.00292277 0.00144464 -0.00230222 -0.00758581 0.00951407 0.000737101
internal_weight=10005 8455 1550 6880 5563 3128 2435 1148 2524 2221 1263 873 390 406
internal_count=10005 8455 1550 6880 5563 3128 2435 1148 2524 2221 1263 873 390 406
is_linear=0
shrinkage=0.03


Tree=40
num_leaves=15
num_cat=0
split_feature=0 8 23 0 37 0 8 27 6 3 26 34 23 38
split_gain=240.207 124.998 107.752 80.9634 68.2746 62.4833 60.4288 55.3937 46.285 54.3465 41.1379 59.3276 41.0609 40.8195
threshold=150.50000000000003 4.5000000000000009 0.92330316742081464 -31.499999999999996 -66.399656488936429 -84.499999999999986 3.5000000000000004 55.733677020000009 9.5000000000000018 1.0000000180025095e-35 37.664377550000005 530.50000000000011 0.83438818565400863 41.500000000000007
decision_type=2 2 2 2 10 2 2 2 2 2 2 10 2 8
left_child=2 7 4 -4 5 6 12 13 -6 -10 -7 -12 -1 -2
right_child=1 -3 3 -5 8 10 -8 -9 9 -11 11 -13 -14 -15
leaf_value=-0.7104612263345097 -1.6729019605938893 -2.5849080647109077 1.4184261386145898 0.18783661605376625 0.012851387293966886 -0.012099771426623895 3.2481086394429899 1.372658596797139 1.810518879744162 -0.062686429565276647 -0.90569550333607785 1.0731369759169589 0.69388451107844251 -0.40628691187766119
leaf_weight=104 377 601 628 2279 2041 1413 104 215 265 52 965 39 359 683
leaf_count=104 377 601 628 2279 2041 1413 104 215 265 52 965 39 359 683
internal_value=-0.00102212 -0.0107086 0.00118182 0.00582875 -0.00134756 -0.00436181 0.00459507 -0.00538401 0.00246715 0.0131132 -0.00646402 -0.0111045 -6.46552e-05 -0.00819981
internal_weight=10125 1876 8249 2907 5342 2984 567 1275 2358 317 2417 1004 463 1060
internal_count=10125 1876 8249 2907 5342 2984 567 1275 2358 317 2417 1004 463 1060
is_linear=0
shrinkage=0.03


Tree=41
num_leaves=15
num_cat=0
split_feature=0 8 40 0 27 23 27 6 0 37 38 15 39 32
split_gain=243.528 113.862 83.7856 80.7189 81.5662 73.2207 57.7448 49.2451 47.6931 44.0848 40.1481 34.8331 34.6705 36.9311
threshold=141.50000000000003 6.5000000000000009 84.500000000000014 5.5000000000000009 55.62614872000001 0.85206228956228969 55.55120938000001 6.5000000000000009 -190.49999999999997 434.55395809411237 40.500000000000007 277.06170640000005 26.148098799708336 -218.49999999999997
decision_type=2 2 10 2 2 2 2 2 2 10 8 10 8 2
left_child=2 7 3 8 6 -4 -5 -2 -1 12 -9 -10 -6 -14
right_child=1 -3 5 4 9 -7 -8 10 11 -11 -12 -13 13 -15
leaf_value=4.7741119321545922 -1.4580163268252708 -2.8774713898415016 -0.15357120688782785 -1.5261811000926508 1.7568419351320472 1.1244404956236729 1.1114339751951046 -1.3404696804516574 0.013255411211830357 1.9448926901823518 0.046958767168277821 0.066868017965520138 -0.95177139405556155 -0.37595603296976843
leaf_weight=111 372 438 167 110 45 1251 456 346 2876 53 813 744 442 1764
leaf_count=111 372 438 167 110 45 1251 456 346 2876 53 813 744 442 1764
internal_value=-0.000858945 -0.0103096 0.00146259 4.08967e-05 -0.00374086 0.00807611 0.00645503 -0.00644256 0.00295016 -0.00624729 -0.00338793 0.00235294 -0.00688721 -0.00742184
internal_weight=9988 1969 8019 6601 2870 1418 566 1531 3731 2304 1159 3620 2251 2206
internal_count=9988 1969 8019 6601 2870 1418 566 1531 3731 2304 1159 3620 2251 2206
is_linear=0
shrinkage=0.03


Tree=42
num_leaves=15
num_cat=0
split_feature=25 40 9 30 11 31 8 31 26 26 39 27 26 23
split_gain=137.807 91.9865 80.3672 60.0628 58.8686 48.048 43.7002 103.16 45.7465 52.7388 55.8863 45.3929 52.939 52.7007
threshold=217.50000000000003 74.500000000000014 70.01527559118334 450.00000000000006 1.0000000180025095e-35 -51.499999999999993 5.5000000000000009 9.5000000000000018 37.479357640000011 37.48296091000001 142.00114363769168 55.646811060000012 37.819350775000011 0.80735492577597856
decision_type=2 10 8 2 10 2 2 2 2 2 8 2 2 2
left_child=1 2 6 -2 -3 -4 8 11 -1 -10 -11 -8 13 -13
right_child=3 4 5 -5 -6 -7 7 -9 9 10 -12 12 -14 -15
leaf_value=0.040671121350630945 -0.42085022150659024 0.82316461974211697 1.7430043359683751 -5.3121147547208896 -0.13411259305299184 0.10543279172330362 1.2705584939425525 -1.5913187989140132 -1.3244180198309947 0.0087548187423799051 -0.080254821772171955 0.81811002487722773 4.521321871103396 -0.40708582634453877
leaf_weight=1667 720 1580 200 245 171 930 68 490 211 2142 1390 36 41 211
leaf_count=1667 720 1580 200 245 171 930 68 490 211 2142 1390 36 41 211
internal_value=-0.000932396 0.000206829 -0.00125897 -0.0117081 0.00638699 0.0061008 -0.0025891 -0.00892562 -0.00159675 -0.0034375 -0.00256439 0.00336134 -0.00186851 -0.0071371
internal_weight=10102 9137 7386 965 1751 1130 6256 846 5410 3743 3532 356 288 247
internal_count=10102 9137 7386 965 1751 1130 6256 846 5410 3743 3532 356 288 247
is_linear=0
shrinkage=0.03


Tree=43
num_leaves=15
num_cat=0
split_feature=0 7 0 32 26 34 40 2 6 3 2 24 2 16
split_gain=245.823 102.358 95.0597 106.41 66.6149 63.6278 63.3239 55.3917 53.6155 50.9566 49.7891 47.1459 46.6845 46.0061
threshold=121.50000000000001 1.0000000180025095e-35 -69.499999999999986 -200.99999999999997 37.47437934500001 348.59645615250002 -63.499999999999993 12.758333333333335 9.5000000000000018 1.0000000180025095e-35 16.425000000000004 8.7657688930000024 20.925000000000004 22.500000000000004
decision_type=2 2 2 2 2 10 8 2 2 2 2 10 2 10
left_child=2 6 3 -1 9 8 -2 -8 10 -4 11 -6 -9 -12
right_child=1 -3 4 -5 5 -7 7 12 -10 -11 13 -13 -14 -15
leaf_value=3.079251663627784 -1.4202249274222218 -1.9100494750391579 0.89290615951190877 0.55229153130470077 -0.23444235404534242 0.61629566564166671 -0.97547606774549644 1.0250261472676476 0.34232332768595408 -0.016364117687133199 -0.37853810415912525 0.018126374110703333 -0.82490322895094004 -0.047765518981071495
leaf_weight=277 429 730 1471 949 1809 545 623 517 347 527 498 927 49 256
leaf_count=277 429 730 1471 949 1809 545 623 517 347 527 498 927 49 256
internal_value=-0.000584631 -0.00906769 0.00203497 0.00968215 0.000564175 -0.00150582 -0.00485485 -0.00128571 -0.00286868 0.00510255 -0.0039874 -0.00210449 0.00550265 -0.0108079
internal_weight=9954 2348 7606 1226 6380 4382 1618 1189 3837 1998 3490 2736 566 754
internal_count=9954 2348 7606 1226 6380 4382 1618 1189 3837 1998 3490 2736 566 754
is_linear=0
shrinkage=0.03


Tree=44
num_leaves=15
num_cat=0
split_feature=0 32 0 27 0 27 37 26 23 41 9 14 2 39
split_gain=230.842 122.28 85.8659 62.5406 61.728 71.1895 64.9735 69.012 62.2327 54.8489 46.4004 57.2529 45.6718 44.7955
threshold=143.50000000000003 -106.49999999999999 -190.49999999999997 55.730589025000008 11.500000000000002 55.644089160000007 -322.19878991309753 37.479357640000011 0.27136363636363642 -85.499999999999986 26.942810304358336 -20.999999999999989 3.2750000000000004 151.89166666666668
decision_type=2 2 2 2 2 2 8 2 2 8 10 10 2 10
left_child=2 -2 -1 -3 9 8 -7 -8 -6 -4 -9 -12 -11 -14
right_child=1 3 4 -5 5 6 7 10 -10 12 11 -13 13 -15
leaf_value=4.7538069189903114 -2.3582999948756744 -0.78908956036451561 -0.21423757651308065 1.4292308626518044 -1.233961462439418 -1.2706092631830126 0.37628449853137252 -1.0389980581387754 0.52008701916249656 -0.01186011504380631 -0.9591563908685935 0.28927467760562081 0.15683389801763339 -0.04021891783949362
leaf_weight=140 576 1129 915 230 94 203 634 848 1155 481 115 406 2590 517
leaf_count=140 576 1129 915 230 94 203 634 848 1155 481 115 406 2590 517
internal_value=-0.000750448 -0.0100568 0.00147426 -0.00513971 0.00106295 -0.00195312 -0.00519257 -0.0035479 0.003768 0.003377 -0.00733577 -0.000287356 0.00504876 0.00638031
internal_weight=10033 1935 8098 1359 7958 3455 2206 2003 1249 4503 1369 521 3588 3107
internal_count=10033 1935 8098 1359 7958 3455 2206 2003 1249 4503 1369 521 3588 3107
is_linear=0
shrinkage=0.03


Tree=45
num_leaves=15
num_cat=0
split_feature=0 6 0 26 0 36 41 39 0 6 15 26 9 13
split_gain=219.546 115.904 75.0107 69.3154 57.6273 57.1729 54.1652 65.0494 56.242 41.8469 46.7587 37.0823 36.5775 36.1877
threshold=63.500000000000007 6.5000000000000009 -206.49999999999997 37.479357640000011 211.50000000000003 27.032651417525773 -1.4999999999999998 151.89166666666668 -36.499999999999993 8.5000000000000018 285.06170640000005 37.764719145000008 29.015275591183336 316.50000000000006
decision_type=2 2 2 2 2 8 8 8 2 2 10 2 10 10
left_child=2 4 -1 5 -2 -3 9 8 -8 10 -4 12 -5 -9
right_child=1 3 6 11 -6 -7 7 13 -10 -11 -12 -13 -14 -15
leaf_value=5.4976409076580328 -0.73253676279456115 0.77268440811608785 -0.4645689315757604 -1.4115080832857407 -3.6338247240390151 -0.57028500561430395 1.5386444273101498 0.0056702339046556518 0.20900896018799603 0.57032714028565223 0.4073675153562506 0.87058919139552493 -0.17493294001967144 -0.080848404532106496
leaf_weight=112 828 645 1339 695 444 394 400 1987 1762 470 162 143 621 46
leaf_count=112 828 645 1339 695 444 394 400 1987 1762 470 162 143 621 46
internal_value=-0.000579162 -0.00630072 0.00285714 -0.00254502 -0.0136685 0.003375 0.00241284 0.00433985 0.00796117 -0.00168864 -0.00413449 -0.00676027 -0.00833713 0.000486726
internal_weight=10048 3770 6278 2498 1272 1039 6166 4195 2162 1971 1501 1459 1316 2033
internal_count=10048 3770 6278 2498 1272 1039 6166 4195 2162 1971 1501 1459 1316 2033
is_linear=0
shrinkage=0.03


Tree=46
num_leaves=15
num_cat=0
split_feature=0 37 0 32 38 27 37 0 3 9 30 18 9 40
split_gain=212.151 111.835 88.8583 71.4363 59.0776 76.3928 69.9641 56.5952 61.7827 69.3641 64.2753 61.1728 75.866 54.1384
threshold=121.50000000000001 19.405189339383245 -90.499999999999986 -200.99999999999997 -25.499999999999996 55.651852825000006 -32.718172640140772 -9.4999999999999982 1.0000000180025095e-35 59.602921675050005 330.00000000000006 9291.6330591507431 14.959310950450002 56.500000000000007
decision_type=2 10 2 2 8 2 8 2 2 8 2 8 10 10
left_child=2 -2 3 -1 5 6 -4 -6 9 10 13 -10 -13 -9
right_child=1 -3 4 -5 7 -7 -8 8 11 -11 -12 12 -14 -15
leaf_value=2.9870598101531249 -1.5412211164052159 -0.23551740818793293 -0.19499191802128893 0.63801872561164541 0.67597635368743147 -0.77663066216962862 0.77591714251486099 -0.17295656709995824 -0.035108271628009294 0.98710352310756999 -1.4003169429217535 -0.024494237443303511 0.012549644599384634 0.73059207820329797
leaf_weight=232 1162 1152 320 718 1209 998 245 1368 852 723 185 96 155 626
leaf_count=232 1162 1152 320 718 1209 998 245 1368 852 723 185 96 155 626
internal_value=-0.000690102 -0.00865659 0.00169643 0.0102839 0.000491295 -0.00462276 0.00418728 0.00202493 0.000307039 0.0026042 -6.88073e-05 -0.0057337 0.0072619 0.00150376
internal_weight=10041 2314 7727 950 6777 1563 565 5214 4005 2902 2179 1103 251 1994
internal_count=10041 2314 7727 950 6777 1563 565 5214 4005 2902 2179 1103 251 1994
is_linear=0
shrinkage=0.03


Tree=47
num_leaves=15
num_cat=0
split_feature=0 6 0 0 18 38 2 38 27 5 6 20 26 0
split_gain=196.266 99.543 69.4789 60.2802 54.9961 87.6559 52.217 56.1036 53.4882 47.3515 46.5636 44.657 42.9561 42.442
threshold=51.500000000000007 6.5000000000000009 -190.49999999999997 216.50000000000003 1919.5433674511844 -25.499999999999996 20.925000000000004 44.500000000000007 55.644089160000007 52.500000000000007 6.5000000000000009 6.2264957264957275 37.479357640000011 -31.499999999999996
decision_type=2 2 2 2 10 8 2 8 2 2 2 8 2 2
left_child=2 3 -1 11 5 10 7 8 -3 13 -4 -2 -6 -7
right_child=1 6 4 -5 12 9 -8 -9 -10 -11 -12 -13 -14 -15
leaf_value=4.0247635304872666 0.23382586031291458 0.31469775529870814 -1.6361467330596664 -3.7166943863772093 0.038211553053305196 1.3240215364673114 -1.2177310067405416 0.11529548532399161 -1.255289310495298 -0.24331322289008417 0.036411869012160807 -0.80158709463776656 -0.045860127453185122 0.05986722013640057
leaf_weight=148 255 284 247 427 906 700 182 1709 590 136 537 719 1774 1464
leaf_count=148 255 284 247 427 906 700 182 1709 590 136 537 719 1774 1464
internal_value=-0.00119059 -0.00617711 0.00232369 -0.012689 0.00180052 0.0045316 -0.00287419 -0.00177632 -0.00795429 0.0074837 -0.00412739 -0.00855385 -0.00134278 0.00856351
internal_weight=10078 4166 5912 1401 5764 3084 2765 2583 874 2300 784 974 2680 2164
internal_count=10078 4166 5912 1401 5764 3084 2765 2583 874 2300 784 974 2680 2164
is_linear=0
shrinkage=0.03


Tree=48
num_leaves=15
num_cat=0
split_feature=12 8 27 38 18 2 31 39 27 32 37 39 26 9
split_gain=129.817 104.833 105.113 74.0425 78.9059 63.2551 59.5706 52.7176 51.7821 48.428 44.7112 44.5681 44.9228 39.7528
threshold=66.500000000000014 6.5000000000000009 55.670980610000008 -25.499999999999996 1543.8532591268515 19.175000000000004 -13.499999999999998 24.94166666666667 55.648402350000005 -313.49999999999994 123.30739982460462 77.518621057533338 37.486873330000009 56.01527559118334
decision_type=10 2 2 8 10 2 2 8 2 2 10 8 2 10
left_child=3 7 5 8 6 -3 -5 -2 -1 -9 11 12 -6 -10
right_child=1 2 -4 4 10 -7 -8 9 13 -11 -12 -13 -14 -15
leaf_value=0.11689875043956764 2.0692069553804369 0.89804665694145391 -2.0454715369153305 1.0602987174969414 1.8616582224747609 -1.9840277084923441 0.020920567963592259 0.25710087146903693 -0.33474548714903685 -0.14190928937152231 0.60021299311573362 -0.086626610732086301 -0.10449458521180673 -2.1029452418491381
leaf_weight=538 80 118 384 989 179 79 1246 45 796 2834 613 1603 303 229
leaf_count=538 80 118 384 989 179 79 1246 45 796 2834 613 1603 303 229
internal_value=-0.000801036 -0.0054222 -0.0170619 0.00171772 0.00352047 0.000757576 0.00768784 -0.00313176 -0.00397059 -0.00380208 6.66914e-05 -0.0020278 0.00596273 -0.00792398
internal_weight=10036 3540 581 6496 4933 197 2235 2959 1563 2879 2698 2085 482 1025
internal_count=10036 3540 581 6496 4933 197 2235 2959 1563 2879 2698 2085 482 1025
is_linear=0
shrinkage=0.03


Tree=49
num_leaves=15
num_cat=0
split_feature=0 37 0 0 18 6 36 9 34 39 9 31 39 20
split_gain=196.716 100.595 70.9873 70.2554 49.2188 60.6499 47.8061 56.819 42.285 55.8222 58.461 42.0004 41.625 40.7729
threshold=48.500000000000007 92.06270707875116 -206.49999999999997 216.50000000000003 1948.3160041284345 8.5000000000000018 18.994319624270123 78.041758057766671 6420.0555570520009 65.158333333333346 14.302606487550003 390.00000000000006 57.694749907883342 2.0025000000000004
decision_type=2 10 2 2 10 2 10 10 8 10 10 2 8 8
left_child=2 3 -1 13 5 6 8 12 -4 10 -10 -3 -8 -2
right_child=1 11 4 -5 -6 -7 7 -9 9 -11 -12 -13 -14 -15
leaf_value=4.8547173071676015 0.27128969271298109 0.12468010226734431 0.68979008534701569 -2.5048058055737865 -0.012109293477446227 0.99111891424986276 0.79210735966484624 1.7517334907984385 -0.0099891494775128063 -0.22695825385606533 0.27781089604640319 -2.5525112136682151 -0.27229773967309329 -0.66073343230984638
leaf_weight=117 332 1386 341 638 2592 681 179 113 149 288 222 79 1109 1814
leaf_count=117 332 1386 341 638 2592 681 179 113 149 288 222 79 1109 1814
internal_value=-0.000950105 -0.00585176 0.00264675 -0.00919928 0.0021674 0.00472916 0.00248543 -0.0010913 0.00749251 0.00304545 0.0107258 0.000511596 -0.00288596 -0.00659525
internal_weight=10040 4249 5791 2784 5674 3082 2401 1401 1000 659 371 1465 1288 2146
internal_count=10040 4249 5791 2784 5674 3082 2401 1401 1000 659 371 1465 1288 2146
is_linear=0
shrinkage=0.03


Tree=50
num_leaves=15
num_cat=0
split_feature=0 30 0 32 37 23 17 27 39 36 39 36 0 40
split_gain=163.767 97.7697 90.1042 103.247 67.9859 73.1454 57.1276 56.781 52.6797 47.0962 46.27 39.816 38.5753 38.5135
threshold=143.50000000000003 1.0000000180025095e-35 -69.499999999999986 -214.99999999999997 -44.989943817970634 0.90797035692679995 -62.441342999999996 55.730589025000008 135.65000000000001 18.25404295051354 25.59327426920834 25.868269230769233 11.500000000000002 89.500000000000014
decision_type=2 2 2 2 10 2 10 2 8 8 8 8 2 10
left_child=2 7 3 -1 5 12 8 -2 -5 -7 -3 -10 -4 -6
right_child=1 10 4 6 13 9 -8 -9 11 -11 -12 -13 -14 -15
leaf_value=2.9017858967984123 -0.70786006945770474 1.5866783469382635 -0.01330916641976314 0.85029067802824632 0.019308633840028368 0.59066949787555634 1.3451852153249471 1.0367646784416649 -0.19107339579537821 -0.035050522007339359 -2.1969365610296099 -1.7081174525517298 -0.86725525681624382 0.92533321634384702
leaf_weight=254 1111 35 1335 366 2402 258 288 227 243 1615 554 78 741 527
leaf_count=254 1111 35 1335 366 2402 258 288 227 243 1615 554 78 741 527
internal_value=-0.000932735 -0.00879149 0.000936112 0.00841463 -0.000401221 -0.00296962 0.00396516 -0.00430172 -0.000741279 0.00132871 -0.0189661 -0.00959627 -0.00684641 0.00306143
internal_weight=10034 1927 8107 1229 6878 3949 975 1338 687 1873 589 321 2076 2929
internal_count=10034 1927 8107 1229 6878 3949 975 1338 687 1873 589 321 2076 2929
is_linear=0
shrinkage=0.03


Tree=51
num_leaves=15
num_cat=0
split_feature=0 40 5 0 3 38 5 27 23 36 27 37 27 9
split_gain=142.424 100.806 69.3936 68.6273 62.1869 60.0772 55.7217 52.2072 44.6541 57.8477 56.6084 40.0989 39.8186 62.4343
threshold=12.500000000000002 54.500000000000007 5.5000000000000009 -206.49999999999997 1.0000000180025095e-35 13.500000000000002 11.500000000000002 55.646971425000011 0.89837129237288149 19.042923967923972 55.613787210000005 83.797722302338187 55.688671190000008 71.90212125480835
decision_type=2 10 2 2 2 8 2 2 2 10 2 8 2 10
left_child=3 4 -3 -1 5 7 -4 -2 -5 -10 -11 -7 13 -12
right_child=1 2 6 8 -6 11 -8 -9 9 10 12 -13 -14 -15
leaf_value=4.8395165669287605 -0.074171301179406193 0.51953757273391776 -2.3400705681300122 -0.0046196932980335321 -0.89191360137218667 -0.57456371694062813 0.29237288008516515 -1.444571636274347 0.84196292126368844 2.3228712755185903 -0.28879085557973 0.16076142155816825 0.48715540240534783 1.6427900337749299
leaf_weight=107 416 1122 124 2397 370 1375 35 873 710 143 710 1024 502 132
leaf_count=107 416 1122 124 2397 370 1375 35 873 710 143 710 1024 502 132
internal_value=-0.00105766 -0.00441011 0.00292512 0.00274989 -0.00672579 -0.00554622 -0.0155625 -0.0107674 0.00219369 0.00528207 0.00191532 -0.0027375 0 -0.00398577
internal_weight=10040 5339 1281 4701 4058 3688 159 1289 4594 2197 1487 2399 1344 842
internal_count=10040 5339 1281 4701 4058 3688 159 1289 4594 2197 1487 2399 1344 842
is_linear=0
shrinkage=0.03


Tree=52
num_leaves=15
num_cat=0
split_feature=40 31 11 9 32 37 31 32 27 2 34 39 2 2
split_gain=115.89 81.5987 66.4645 65.6963 59.4333 58.5633 53.2018 65.2917 51.3343 56.1665 51.298 52.229 53.5767 43.9458
threshold=98.500000000000014 214.50000000000003 1.0000000180025095e-35 70.01527559118334 -119.49999999999999 92.06270707875116 -17.499999999999996 -299.49999999999994 55.646811060000012 20.675000000000004 530.50000000000011 61.891666666666673 18.091666666666672 2.4250000000000003
decision_type=10 2 10 8 2 10 2 2 2 2 10 8 2 2
left_child=1 3 -2 5 -3 6 10 8 9 -8 11 -1 -13 -5
right_child=2 4 -4 13 -6 -7 7 -9 -10 -11 -12 12 -14 -15
leaf_value=0.44679996856827547 0.93977843359014412 -4.349400917036701 -0.19928988663810987 -0.22143373334263153 -0.34488769615267761 0.10199853263385347 1.8195967256631937 -0.052155400629182051 -1.2354154313647088 -1.9008116630227769 0.79029499669641823 -0.33722240388498159 1.2125007883200021 0.44495842205821851
leaf_weight=408 1376 209 133 64 641 1425 48 2762 378 37 166 1167 110 1093
leaf_count=408 1376 209 133 64 641 1425 48 2762 378 37 166 1167 110 1093
internal_value=-0.000685766 -0.00204489 0.00697351 -0.00106541 -0.0108578 -0.00223777 -0.00374631 -0.00607254 -0.0164871 0.00453488 0.000307775 -0.00126335 -0.00424883 0.00551813
internal_weight=10017 8508 1509 7658 850 6501 5076 3225 463 85 1851 1685 1277 1157
internal_count=10017 8508 1509 7658 850 6501 5076 3225 463 85 1851 1685 1277 1157
is_linear=0
shrinkage=0.03


Tree=53
num_leaves=15
num_cat=0
split_feature=0 8 0 26 27 34 32 16 6 26 26 30 26 6
split_gain=141.263 103.276 84.0117 98.9007 84.8593 101.349 67.3536 63.3148 48.7756 66.9907 51.1159 47.7902 60.0633 47.603
threshold=141.50000000000003 6.5000000000000009 -90.499999999999986 37.479357640000011 55.651852825000006 107.50000000000001 -200.99999999999997 26.500000000000004 6.5000000000000009 37.853990420000009 37.622113575000007 390.00000000000006 37.414099515000011 7.5000000000000009
decision_type=2 2 2 2 2 10 2 10 2 2 2 2 2 2
left_child=2 13 6 11 5 7 -1 -5 9 -6 -10 -4 -13 -2
right_child=1 -3 3 4 8 -7 -8 -9 10 -11 -12 12 -14 -15
leaf_value=2.8015221580316547 -0.92620219946322124 -2.3146655109555474 0.34355800120302132 -0.041924782748792425 -1.3379992032371379 0.84274877868782117 0.57491881065768424 1.1530293047029383 -0.074721914606454803 0.77941528289067274 -0.0056041592344426737 0.30155446495331301 -0.65857670420216774 0.08181704498976293
leaf_weight=230 774 432 1846 1358 562 453 702 284 749 74 1402 180 163 768
leaf_count=230 774 432 1846 1358 562 453 702 284 749 74 1402 180 163 768
internal_value=-0.000652435 -0.00783797 0.00112069 4.24208e-06 -0.00237149 0.00218989 0.00958199 -0.00127815 -0.00579986 -0.0130926 -0.00363848 0.00530137 -0.00497093 -0.00419961
internal_weight=9977 1974 8003 7071 4882 2095 932 1642 2787 636 2151 2189 343 1542
internal_count=9977 1974 8003 7071 4882 2095 932 1642 2787 636 2151 2189 343 1542
is_linear=0
shrinkage=0.03


Tree=54
num_leaves=15
num_cat=0
split_feature=40 25 11 9 37 3 26 6 35 38 13 9 26 13
split_gain=103.999 77.5276 64.4945 52.1451 47.5492 47.5092 62.8886 46.9839 45.1181 61.7445 41.8288 35.4994 34.1919 33.9038
threshold=76.500000000000014 195.50000000000003 1.0000000180025095e-35 70.01527559118334 83.797722302338187 1.0000000180025095e-35 37.731615325000007 8.5000000000000018 197.48392087970791 -29.499999999999996 271.00000000000006 50.01527559118334 37.678865000000009 -19.499999999999996
decision_type=10 2 10 8 10 2 2 2 10 8 10 10 2 8
left_child=1 3 7 4 13 6 8 10 -5 -10 -2 -4 -7 -1
right_child=2 -3 11 5 -6 12 -8 -9 9 -11 -12 -13 -14 -15
leaf_value=-0.003508001091506566 0.49635454657495909 -0.74386955985073622 0.022217969597203378 -0.29304478217766955 0.080349094664073223 0.036613958028552891 1.8059023295988026 1.4059603602935662 -1.6196946458294417 0.8433241766901528 -3.053772771528831 -0.3018482367390401 -0.14621724590248777 -0.15173686911492409
leaf_weight=1568 1166 1070 80 150 1359 55 213 490 85 428 53 95 119 3071
leaf_count=1568 1166 1070 80 150 1359 55 213 490 85 428 53 95 119 3071
internal_value=-0.000809757 -0.00228353 0.00553846 -0.00114059 -0.00222037 0.00502379 0.00786773 0.00731579 0.00329819 0.00752918 0.00415574 -0.0117614 -0.00925714 -0.00366595
internal_weight=10002 8118 1884 7048 5998 1050 876 1709 663 513 1219 175 174 4639
internal_count=10002 8118 1884 7048 5998 1050 876 1709 663 513 1219 175 174 4639
is_linear=0
shrinkage=0.03


Tree=55
num_leaves=15
num_cat=0
split_feature=0 37 0 0 23 13 5 40 16 16 39 39 27 23
split_gain=146.466 102.365 82.0988 64.0788 48.1442 43.5153 41.0272 58.0036 40.4174 40.2626 40.1538 39.6848 37.0777 42.5202
threshold=11.500000000000002 92.06270707875116 216.50000000000003 -190.49999999999997 0.90881374722838149 146.50000000000003 6.5000000000000009 165.50000000000003 18.500000000000004 27.500000000000004 54.142450051641674 150.20833333333334 55.647441485000009 0.94602686518854195
decision_type=2 10 2 2 2 10 2 10 8 10 8 8 2 2
left_child=3 2 4 -1 9 -3 7 8 -6 11 -5 -2 -10 -14
right_child=1 5 -4 10 6 -7 -8 -9 12 -11 -12 -13 13 -15
leaf_value=3.6612608822526509 -0.52453538692469592 0.61414293297058786 -2.4489075070400328 1.095248875364929 -0.5923616479673911 -0.40335533337202434 -0.69009313532290772 1.5839442391813645 0.76785991741350801 0.90204677023361779 0.020854915365343129 -0.90920913618334276 0.18074692798330921 -0.85085709476217819
leaf_weight=133 791 1052 629 379 513 617 162 151 377 90 4147 469 359 129
leaf_count=133 791 1052 629 379 513 617 162 151 377 90 4147 469 359 129
internal_value=-0.000378038 -0.00376966 -0.00657042 0.00350858 -0.00452663 0.00238922 -0.00115248 0.000372549 -0.00156635 -0.00874907 0.00290258 -0.0101348 0.0023903 -0.00306748
internal_weight=9998 5339 3670 4659 3041 1669 1691 1529 1378 1350 4526 1260 865 488
internal_count=9998 5339 3670 4659 3041 1669 1691 1529 1378 1350 4526 1260 865 488
is_linear=0
shrinkage=0.03


Tree=56
num_leaves=15
num_cat=0
split_feature=0 40 0 26 9 10 21 5 6 5 0 39 3 18
split_gain=137.015 69.9719 67.8937 56.6817 60.096 74.7995 52.5427 50.8837 50.3075 49.6564 47.3488 45.1148 35.6876 35.415
threshold=48.500000000000007 54.500000000000007 -206.49999999999997 37.479357640000011 75.01527559118334 0.91666666666666685 3.0500000000000003 5.5000000000000009 6.5000000000000009 11.500000000000002 211.50000000000003 60.195684736891671 1.0000000180025095e-35 407.56820392501919
decision_type=2 10 2 2 10 10 10 2 2 2 2 8 2 8
left_child=2 8 -1 12 11 -6 -7 -3 10 -9 -2 -5 13 -4
right_child=1 7 3 4 5 6 -8 9 -10 -11 -12 -13 -14 -15
leaf_value=4.3513663012900956 -0.50424070165176793 0.45181898174743312 -0.22933515715996761 0.53236203474995236 1.1961268467505635 0.96289843362945537 -0.10365481688330942 -2.1589530239147123 -0.3635982155461559 0.29120650864236969 -3.0355626041261932 -0.025148423242126246 0.00051154364428826417 1.4838665452544817
leaf_weight=116 795 808 133 493 352 39 110 106 2121 34 384 3178 462 896
leaf_count=116 795 808 133 493 352 39 110 106 2121 34 384 3178 462 896
internal_value=-0.000499601 -0.00458932 0.00250692 0.00203919 0.000244428 0.00998008 -0.0078 0.0025922 -0.00665253 -0.0140426 -0.0116186 -0.0010866 0.00705764 0.010165
internal_weight=10027 4248 5779 5663 4172 501 149 948 3300 140 1179 3671 1491 1029
internal_count=10027 4248 5779 5663 4172 501 149 948 3300 140 1179 3671 1491 1029
is_linear=0
shrinkage=0.03


Tree=57
num_leaves=15
num_cat=0
split_feature=0 8 27 26 31 2 20 6 41 39 12 36 32 2
split_gain=148.118 84.415 133.407 68.874 65.5769 62.7416 61.0533 49.283 48.2188 45.8687 44.5246 38.4426 33.6 31.0406
threshold=48.500000000000007 6.5000000000000009 55.670980610000008 37.440657635000008 -200.99999999999997 10.808333333333335 13.357919254658389 8.5000000000000018 45.500000000000007 75.656944459650006 -133.49999999999997 16.969463869463873 -63.499999999999993 12.508333333333335
decision_type=2 2 2 2 2 2 8 2 10 10 8 8 2 2
left_child=4 3 5 9 -1 -3 -7 10 12 -2 -5 -4 -6 -12
right_child=1 2 11 7 8 6 -8 -9 -10 -11 13 -13 -14 -15
leaf_value=3.1645192604279151 0.99485710740237121 3.4019719340273169 0.22413511213940676 1.856772603132762 0.13109554468370099 0.14045535022029171 -1.1278507655658403 0.15081274003713871 0.38288175071672659 -0.34064498530251786 -1.1292819837364221 -2.0941844331972712 -0.0092308195614340133 -0.40330971585325159
leaf_weight=172 484 67 38 49 2027 244 69 702 1025 252 1024 468 2522 873
leaf_count=172 484 67 38 49 2027 244 69 702 1025 252 1024 468 2522 873
internal_value=-0.000179695 -0.00441114 -0.0126494 -0.00225111 0.00296503 0.000787402 -0.00487261 -0.00450736 0.0024 0.0058616 -0.00696456 -0.0227219 0.00107473 -0.00769758
internal_weight=10016 4270 886 3384 5746 380 313 2648 5574 736 1946 506 4549 1897
internal_count=10016 4270 886 3384 5746 380 313 2648 5574 736 1946 506 4549 1897
is_linear=0
shrinkage=0.03


Tree=58
num_leaves=15
num_cat=0
split_feature=0 7 0 26 34 16 41 27 27 36 0 19 0 36
split_gain=134.401 101.736 69.3332 52.4854 79.7731 56.6476 44.8539 44.631 49.8207 42.6035 50.9691 56.7295 41.9938 44.5424
threshold=141.50000000000003 1.0000000180025095e-35 -206.49999999999997 37.479357640000011 336.50000000000006 22.500000000000004 223.50000000000003 55.648402350000005 55.640478355000006 22.268468468468473 -46.499999999999993 134.8322818191927 -69.499999999999986 25.986512027491411
decision_type=2 2 2 2 10 8 8 2 2 8 2 10 2 10
left_child=2 6 -1 -4 5 12 -2 8 -7 -6 -11 -12 13 -5
right_child=1 -3 3 4 9 7 -8 -9 -10 10 11 -13 -14 -15
leaf_value=4.1874907492836702 -0.8783609189729783 -1.6695703939633246 0.13901991411103445 0.78540343185223416 0.98214180807276341 0.0093953747457164016 0.16821614927174761 -0.020824239482499212 1.0523485513027533 0.74525921620798152 -0.44054376113298216 0.84670886137141421 -0.21994102935601076 -2.8373400464234422
leaf_weight=113 658 585 2286 284 293 689 732 1355 355 97 227 113 2235 36
leaf_count=113 658 585 2286 284 293 689 732 1355 355 97 227 113 2235 36
internal_value=-0.00047122 -0.00748482 0.0012432 0.000910802 -0.000633245 -0.00199798 -0.00306254 0.0013125 0.00597129 0.00861833 0.00267123 -0.00281525 -0.00510563 0.00504673
internal_weight=10058 1975 8083 7970 5684 4954 1390 2399 1044 730 437 340 2555 320
internal_count=10058 1975 8083 7970 5684 4954 1390 2399 1044 730 437 340 2555 320
is_linear=0
shrinkage=0.03


Tree=59
num_leaves=15
num_cat=0
split_feature=0 30 27 40 0 31 26 38 41 39 36 39 38 19
split_gain=116.764 86.5699 119.456 78.7998 60.9695 57.6463 42.7057 41.7003 40.9593 39.2601 44.7968 36.9964 41.7041 36.0809
threshold=11.500000000000002 330.00000000000006 55.673303265000008 57.500000000000007 -190.49999999999997 277.50000000000006 37.757521395000005 35.500000000000007 -163.49999999999997 151.89166666666668 19.327011258255485 26.148098799708336 179.50000000000003 111.8070703248648
decision_type=2 2 2 10 2 2 2 8 8 10 10 8 10 10
left_child=4 3 5 7 -1 6 13 8 -2 10 -6 12 -4 -3
right_child=1 2 11 -5 9 -7 -8 -9 -10 -11 -12 -13 -14 -15
leaf_value=3.3236459594613037 0.88520345788074939 0.043100357651199343 2.2529550896513206 0.58850288679605112 0.071169808327888717 -3.4887060992805505 -0.79396151834320583 -0.063107341963894392 -0.73062945144793101 -0.044821780715844667 0.021927226671239999 -1.5816675032327372 -1.2201101648993529 1.3534559082492623
leaf_weight=151 79 253 33 972 1351 48 36 1878 1190 722 2414 705 32 149
leaf_count=151 79 253 33 972 1351 48 36 1878 1190 722 2414 705 32 149
internal_value=-0.000266627 -0.00327567 -0.0101671 -0.00117233 0.00322052 0.00147844 0.00492027 -0.0034784 -0.00767717 0.0025869 0.00381572 -0.0175097 0.00409091 0.00774194
internal_weight=10013 5375 1256 4119 4638 486 438 3147 1269 4487 3765 770 65 402
internal_count=10013 5375 1256 4119 4638 486 438 3147 1269 4487 3765 770 65 402
is_linear=0
shrinkage=0.03


Tree=60
num_leaves=15
num_cat=0
split_feature=0 37 0 0 39 27 9 2 32 27 18 38 2 38
split_gain=137.085 85.6729 77.1908 60.1131 53.7028 52.0478 48.491 50.537 44.1046 63.2689 49.2465 44.0187 38.872 35.7865
threshold=11.500000000000002 19.405189339383245 326.50000000000006 -206.49999999999997 26.148098799708336 55.647441485000009 58.974214364491672 10.891666666666667 -218.49999999999997 55.673303265000008 60.705401743287943 15.500000000000002 15.841666666666669 321.50000000000006
decision_type=2 10 2 2 8 2 10 2 2 2 10 10 2 10
left_child=3 2 4 -1 13 6 -6 -8 10 -10 -7 -9 -11 -2
right_child=1 -3 -4 -5 5 8 7 11 9 12 -12 -13 -14 -15
leaf_value=4.0146183624903307 2.4036034499381365 0.048206387390457156 -5.516409713240277 0.027045680286670475 -0.49675292544981059 0.20611956232340589 2.6661814680435181 -0.42486088120426341 -1.7973198473706451 -0.035090592347710815 -1.1337422248186093 0.38270473236287716 -1.4245284236609588 -1.044910232655597
leaf_weight=120 71 2392 164 4574 599 35 126 63 213 816 530 202 156 30
leaf_count=120 71 2392 164 4574 599 35 126 63 213 816 530 202 156 30
internal_value=-0.000324019 -0.00358466 -0.00695609 0.00342492 -0.00579521 -0.00658884 -0.00108981 0.00711735 -0.00969732 -0.00639966 -0.0165901 -0.000338346 -0.00314491 0.0155882
internal_weight=10091 5397 3005 4694 2841 2740 990 391 1750 1185 565 265 972 101
internal_count=10091 5397 3005 4694 2841 2740 990 391 1750 1185 565 265 972 101
is_linear=0
shrinkage=0.03


Tree=61
num_leaves=15
num_cat=0
split_feature=0 8 0 26 34 36 26 37 38 9 18 38 9 0
split_gain=128.903 91.1234 73.12 55.7236 65.8826 56.0573 53.3988 51.7838 46.0052 47.2102 43.589 42.259 47.167 63.1324
threshold=121.50000000000001 6.5000000000000009 -190.49999999999997 37.479357640000011 348.59645615250002 22.990731292517008 37.48296091000001 -16.202182953514747 104.50000000000001 72.01527559118334 2478.7961682090813 9.5000000000000018 62.942810304358339 277.50000000000006
decision_type=2 2 2 2 10 10 2 10 8 10 10 10 10 2
left_child=2 8 -1 -4 6 -6 -5 -8 9 -2 -9 -3 -13 -14
right_child=1 11 3 4 5 -7 7 10 -10 -11 -12 12 13 -15
leaf_value=3.1400145342432833 -1.0151351668982271 -2.205628670680253 0.13653389268067764 -1.0094105710426424 0.71761902338715589 -0.22353381187751392 -0.048253968284937263 0.59294518261178053 0.066969653921981953 4.7636527574256231 -0.030156357741010595 -1.4432698307881988 0.6302741608095761 -11.446864092762089
leaf_weight=154 819 242 2135 181 478 198 2995 742 944 31 768 126 114 50
leaf_count=154 819 242 2135 181 478 198 2995 742 944 31 768 126 114 50
internal_value=-0.000598316 -0.00678126 0.00128202 0.000860229 -0.000771956 0.00797637 -0.00203542 -0.00139148 -0.00354318 -0.00860165 0.003137 -0.0176735 -0.00989691 0.000727273
internal_weight=9977 2326 7651 7497 5362 676 4686 4505 1794 850 1510 532 290 164
internal_count=9977 2326 7651 7497 5362 676 4686 4505 1794 850 1510 532 290 164
is_linear=0
shrinkage=0.03


Tree=62
num_leaves=15
num_cat=0
split_feature=0 4 38 11 0 40 27 8 2 18 35 2 9 2
split_gain=126.721 70.7408 84.2735 58.9223 57.5357 49.9746 44.3681 43.7307 38.624 46.511 37.5781 41.9439 36.9633 33.5
threshold=11.500000000000002 1.0000000180025095e-35 13.500000000000002 1.0000000180025095e-35 -206.49999999999997 -27.499999999999996 55.661758930000012 9.5000000000000018 12.758333333333335 2358.6256688842095 3272.7642483353493 21.425000000000004 29.015275591183336 10.808333333333335
decision_type=2 2 8 10 2 8 2 2 2 10 10 2 10 2
left_child=4 2 7 5 -1 -4 13 12 9 -7 -10 -12 -2 -3
right_child=1 6 3 -5 -6 8 -8 -9 10 -11 11 -13 -14 -15
leaf_value=3.6649894875253586 -0.94806320019841928 3.2687202466725744 -0.7718417072506768 -0.64385627558001801 0.024171245903987917 0.29081305987680584 -1.4988939703431829 -2.0430100828731192 0.058157553733705923 -0.74309193472933943 1.5652252524325267 -0.87714276293885962 0.0084432598675993013 -0.5086922434784904
leaf_weight=115 764 40 599 200 4513 915 347 136 560 693 550 50 423 142
leaf_count=115 764 40 599 200 4513 915 347 136 560 693 550 50 423 142
internal_value=-0.000456807 -0.00357011 -0.00244122 -4.20404e-05 0.00318859 0.000899644 -0.0139811 -0.00890483 0.00260022 -0.000410193 0.00677003 0.01198 -0.00704545 -0.00196721
internal_weight=10047 5419 4890 3567 4628 3367 529 1323 2768 1608 1160 600 1187 182
internal_count=10047 5419 4890 3567 4628 3367 529 1323 2768 1608 1160 600 1187 182
is_linear=0
shrinkage=0.03


Tree=63
num_leaves=15
num_cat=0
split_feature=0 32 0 26 34 6 35 26 2 2 35 19 14 2
split_gain=128.525 71.7785 70.9173 60.2872 59.0728 59.6289 51.0983 49.4553 46.7589 45.196 44.807 42.9265 64.0919 37.9888
threshold=158.50000000000003 -122.49999999999999 -169.49999999999997 37.479357640000011 301.86114810000009 9.5000000000000018 7150.9104922300912 37.48296091000001 7.9250000000000016 6.8416666666666677 440.95546972161213 134.8322818191927 -16.79999999999999 15.758333333333335
decision_type=2 2 2 2 10 2 10 2 2 2 8 10 10 2
left_child=2 8 -1 10 5 7 -7 -5 9 -2 -4 12 -6 -3
right_child=1 13 3 4 11 6 -8 -9 -10 -11 -12 -13 -14 -15
leaf_value=2.3680767576542476 -0.6365521970775313 -0.80949300949398462 -0.35571943776123705 -1.1258008574454335 -0.38105888589289194 1.0861231507790552 -0.022745024603945306 -0.035219301835035119 -2.2793290008967726 1.3966275455333772 0.19083988205045188 0.86334572053596192 0.62430036157050639 0.31084884127029999
leaf_weight=227 77 800 125 204 233 359 96 4224 418 36 2256 230 302 438
leaf_count=227 77 800 125 204 233 359 96 4224 418 36 2256 230 302 438
internal_value=-0.000308199 -0.00764407 0.00126438 0.000795766 -0.000892193 -0.00210688 0.00822368 -0.00317002 -0.0168609 0.000263158 0.00479849 0.00685379 0.00218284 -0.00368039
internal_weight=10025 1769 8256 8029 5648 4883 455 4428 531 113 2381 765 535 1238
internal_count=10025 1769 8256 8029 5648 4883 455 4428 531 113 2381 765 535 1238
is_linear=0
shrinkage=0.03


Tree=64
num_leaves=15
num_cat=0
split_feature=0 7 0 40 23 27 9 24 2 16 26 0 9 26
split_gain=106.54 83.8102 74.444 57.6779 62.0778 53.1873 42.4287 40.8288 39.6525 46.1596 37.174 48.7903 47.4345 61.3066
threshold=216.50000000000003 1.0000000180025095e-35 -206.49999999999997 98.500000000000014 0.85435606060606062 55.733677020000009 70.01527559118334 5443.0000000000009 15.175000000000002 19.500000000000004 37.479357640000011 4.5000000000000009 28.779117934708339 37.491397360000008
decision_type=2 2 2 10 2 2 8 10 2 8 2 2 10 2
left_child=2 5 -1 6 -5 8 7 10 -2 -10 -4 -12 -13 -14
right_child=1 -3 3 4 -6 -7 -8 -9 9 -11 11 12 13 -15
leaf_value=3.6168545291399763 -1.257330188678375 -3.2558088588330691 0.037523700210091417 -0.20580385800589801 0.74354316924655262 1.7702111194595971 0.1989373747519057 -0.055156377640935748 1.1989156764693996 -1.1567221786609665 0.00068062376103519124 -0.88266482187212847 1.779597889119455 -0.26833053015521707
leaf_weight=114 338 366 2009 136 1189 135 1088 83 133 103 2186 1256 75 803
leaf_count=114 338 366 2009 136 1189 135 1088 83 133 103 2186 1256 75 803
internal_value=-0.0005332 -0.00945167 0.000540268 0.000227736 0.00599548 -0.00342254 -0.000791894 -0.0017215 -0.0074087 0.00202532 -0.0014455 -0.00301319 -0.00623888 -0.000887372
internal_weight=10014 1075 8939 8825 1325 709 7500 6412 574 236 6329 4320 2134 878
internal_count=10014 1075 8939 8825 1325 709 7500 6412 574 236 6329 4320 2134 878
is_linear=0
shrinkage=0.03


Tree=65
num_leaves=15
num_cat=0
split_feature=0 25 9 38 2 9 30 18 37 3 26 16 3 2
split_gain=99.9655 75.2321 56.5309 49.9512 57.74 45.171 44.2697 43.6505 41.0728 50.6542 33.8232 30.7224 48.5662 34.2331
threshold=-9.4999999999999982 285.50000000000006 72.01527559118334 -9.4999999999999982 18.091666666666672 130.22808324121669 450.00000000000006 2430.8287427768059 92.06270707875116 1.0000000180025095e-35 37.747121420000006 27.500000000000004 1.0000000180025095e-35 13.675000000000002
decision_type=2 2 10 10 2 10 2 10 10 2 2 8 2 2
left_child=2 8 3 4 -1 -4 10 -5 11 -10 -3 -2 -13 -14
right_child=1 6 5 7 -6 -7 -8 -9 9 -11 -12 12 13 -15
leaf_value=-0.21164420053833272 -0.18347441285051574 -0.53002508662033687 1.6160018527645663 1.0559901859081087 1.264108263740112 -0.23214544568500775 -5.6724269512756065 -0.081772412598941357 0.44965674310903764 -0.033888681975135879 2.1996512809734123 0.51057631142815763 -0.020729511855511654 0.0035545273162369811
leaf_weight=1087 3988 358 329 713 105 107 138 380 1478 290 36 622 193 198
leaf_count=1087 3988 358 329 713 105 107 138 380 1478 290 36 622 193 198
internal_value=-0.000377133 -0.00220624 0.00452976 0.0026378 -0.00160939 0.0144165 -0.0130582 0.00726691 -0.00135155 0.00257773 -0.00789873 -0.0027409 0.00192308 -0.00635204
internal_weight=10022 7301 2721 2285 1192 436 532 1093 6769 1768 394 5001 1013 391
internal_count=10022 7301 2721 2285 1192 436 532 1093 6769 1768 394 5001 1013 391
is_linear=0
shrinkage=0.03


Tree=66
num_leaves=15
num_cat=0
split_feature=40 25 11 27 2 32 6 39 5 38 35 6 9 34
split_gain=83.1595 56.3704 50.0727 40.8474 58.9948 78.7093 47.5808 41.4478 40.6501 47.951 60.2938 39.0365 38.2629 37.2587
threshold=84.500000000000014 195.50000000000003 1.0000000180025095e-35 55.62614872000001 12.758333333333335 -261.99999999999994 8.5000000000000018 26.148098799708336 5.5000000000000009 5.5000000000000009 1600.9471999260466 8.5000000000000018 50.01527559118334 301.86114810000009
decision_type=10 2 10 2 2 2 2 8 2 8 10 2 10 10
left_child=1 3 11 4 5 -1 -7 -5 9 10 -9 -2 -4 -11
right_child=2 -3 12 7 -6 6 -8 8 -10 13 -12 -13 -14 -15
leaf_value=2.7547123389377002 0.2884466775925244 -0.52645667758501946 0.026889071837143851 1.6575175509901448 0.8711166629987025 -0.71028654533699698 0.96686328802249644 -1.3986372855141567 -0.4387059901477835 -0.0027924647543076425 -0.16442274647459998 1.3020871867575525 -0.29517423193977149 0.5777558416856956
leaf_weight=162 1106 1089 72 84 381 406 132 265 383 3133 1794 446 88 491
leaf_count=162 1106 1089 72 84 381 406 132 265 383 3133 1794 446 88 491
internal_value=-0.000520283 -0.0017594 0.00549912 -0.000800608 0.00457486 -0.000599144 -0.00612245 -0.00174606 -0.00203725 -0.00139866 -0.0050534 0.00714746 -0.0104348 0.000678621
internal_weight=10032 8320 1712 7231 1081 700 538 6150 6066 5683 2059 1552 160 3624
internal_count=10032 8320 1712 7231 1081 700 538 6150 6066 5683 2059 1552 160 3624
is_linear=0
shrinkage=0.03


Tree=67
num_leaves=15
num_cat=0
split_feature=0 8 27 0 26 32 27 34 37 27 35 38 18 39
split_gain=109.992 88.2408 75.4314 60.5293 70.3262 60.1966 53.3482 54.7093 49.309 50.444 48.5966 47.0944 43.5099 42.2772
threshold=121.50000000000001 6.5000000000000009 55.673303265000008 -90.499999999999986 37.479357640000011 -231.74999999999997 55.653688130000006 201.88592798250002 -23.176787718690374 55.673303265000008 6767.5736551448463 9.5000000000000018 15096.981061814129 22.733333333333338
decision_type=2 2 2 2 2 2 2 10 8 2 10 10 10 8
left_child=3 13 11 5 10 -1 7 -6 9 -8 -5 -3 -7 -2
right_child=1 2 -4 4 6 12 8 -9 -10 -11 -12 -13 -14 -15
leaf_value=2.504204324169208 2.223661078538568 -0.78368160228421568 -2.0926465998405601 0.27165156583863781 -0.0046632876398065111 0.68605160416935462 -1.3729618387613622 0.63772214194772014 -0.0036189656618285859 -0.46868891134902896 -0.025902691270503955 0.35919348578340671 -0.74735968162827826 -0.42554481044335002
leaf_weight=195 39 60 362 1875 1635 690 171 408 1285 1193 221 126 35 1749
leaf_count=195 39 60 362 1875 1635 690 171 408 1285 1193 221 126 35 1749
internal_value=-0.000280737 -0.00598203 -0.0165027 0.00144766 0.000468405 0.0086645 -0.00157255 0.00206947 -0.00438113 -0.00835165 0.00503577 -0.000962567 0.00466942 -0.00275014
internal_weight=10044 2336 548 7708 6788 920 4692 2043 2649 1364 2096 186 725 1788
internal_count=10044 2336 548 7708 6788 920 4692 2043 2649 1364 2096 186 725 1788
is_linear=0
shrinkage=0.03


Tree=68
num_leaves=15
num_cat=0
split_feature=40 25 9 5 30 11 3 27 27 24 6 27 40 3
split_gain=72.2444 47.567 51.1441 51.3428 48.1061 46.8858 45.0882 51.4006 75.9273 43.151 40.6982 40.6076 38.1812 46.1186
threshold=84.500000000000014 285.50000000000006 70.01527559118334 5.5000000000000009 450.00000000000006 1.0000000180025095e-35 1.0000000180025095e-35 55.647441485000009 55.718844985000011 5443.0000000000009 9.5000000000000018 55.730589025000008 -35.499999999999993 1.0000000180025095e-35
decision_type=10 2 8 2 2 10 2 2 2 10 2 2 8 2
left_child=1 2 3 9 11 -2 7 -4 -9 10 12 -3 13 -1
right_child=5 4 6 -5 -6 -7 -8 8 -10 -11 -12 -13 -14 -15
leaf_value=-0.64773204183328059 0.60168208929820255 -0.78778056407965003 1.1619815423775179 -0.60697827890874201 -5.0816699783362731 -0.16496180513510988 -0.029158169530238469 -0.75847103100376589 0.74312936960103437 -0.051587032718949162 0.59148116097950387 0.1473624178615916 -0.0017036703129140432 0.17728903441805424
leaf_weight=1822 1574 284 493 242 142 157 178 247 242 88 377 99 3909 165
leaf_count=1822 1574 284 493 242 142 157 178 247 242 88 377 99 3909 165
internal_value=-0.000428144 -0.00159247 -0.00100077 -0.0020215 -0.0103232 0.00514434 0.0048062 0.00732452 0.000428571 -0.00150424 -0.00120975 -0.00476562 -0.00182127 -0.00520624
internal_weight=10019 8288 7763 6603 525 1731 1160 982 489 6361 6273 383 5896 1987
internal_count=10019 8288 7763 6603 525 1731 1160 982 489 6361 6273 383 5896 1987
is_linear=0
shrinkage=0.03


Tree=69
num_leaves=15
num_cat=0
split_feature=31 32 40 11 27 39 38 37 13 32 9 27 26 37
split_gain=75.9189 66.2958 65.8514 53.2683 43.3083 53.8768 54.5862 42.1709 38.5282 38.4765 48.707 39.8101 67.6184 36.8448
threshold=285.50000000000006 15.750000000000002 98.500000000000014 1.0000000180025095e-35 55.644023925000006 25.59327426920834 -18.499999999999996 -350.48403916755836 -19.499999999999996 -122.49999999999999 39.388024177091673 55.663635485000007 37.631753030000006 518.59404298160405
decision_type=2 2 10 10 2 8 8 8 8 2 10 2 2 10
left_child=2 -2 4 -4 -1 -6 7 -7 -8 10 13 12 -11 -10
right_child=1 -3 3 -5 5 6 8 -9 9 11 -12 -13 -14 -15
leaf_value=0.082819902759166439 -4.7332580906445498 -0.16488082389231165 0.72930373710042395 -0.1754817439130332 1.6686251367134379 -1.3894263510108176 0.43254403879439524 -0.51208921340722002 -0.59952160512207875 -1.1028747355195569 -0.017829725718685258 0.0098913735551988662 0.010345709022381203 0.039432426321818363
leaf_weight=2541 153 383 1315 119 78 175 810 1297 349 235 490 1784 265 30
leaf_count=2541 153 383 1315 119 78 175 810 1297 349 235 490 1784 265 30
internal_value=-0.000646384 -0.0116201 -2.52924e-05 0.00589547 -0.00108007 -0.00257345 -0.00293046 -0.00786151 -0.00109738 -0.0025967 -0.00796552 -0.000551422 -0.00802395 -0.0160263
internal_weight=10024 536 9488 1434 8054 5513 5435 1472 3963 3153 869 2284 500 379
internal_count=10024 536 9488 1434 8054 5513 5435 1472 3963 3153 869 2284 500 379
is_linear=0
shrinkage=0.03


Tree=70
num_leaves=15
num_cat=0
split_feature=31 40 5 39 40 8 20 18 37 26 9 9 31 18
split_gain=77.847 57.1586 54.8545 72.7257 73.6479 48.2985 46.1398 37.7438 47.6464 44.3176 36.0541 36.3865 32.1589 31.8273
threshold=-70.499999999999986 179.00000000000003 5.5000000000000009 26.148098799708336 -35.499999999999993 22.500000000000004 16.966629588431594 1543.8532591268515 -30.567998178809201 37.491397360000008 2.4771385431500001 71.90212125480835 61.500000000000007 15096.981061814129
decision_type=2 10 2 8 8 2 8 10 8 2 10 10 2 10
left_child=1 5 3 -2 6 13 10 -6 9 -9 -5 -12 -4 -1
right_child=2 -3 12 4 7 -7 -8 8 -10 -11 11 -13 -14 -15
leaf_value=0.16034319320756124 2.0903560635555749 2.3395750680756562 -0.1108703708655286 1.9296816700658714 0.063776398963286518 1.593848636308562 -0.0045288876262176746 0.0023433542812579611 0.0079866929343818064 -0.7921763109940696 -0.9310472180027749 0.78107514724553018 -1.0185616511011359 -0.7962227857348434
leaf_weight=1163 180 174 392 47 2117 106 662 509 2579 643 1145 39 305 35
leaf_count=1163 180 174 392 47 2117 106 662 509 2579 643 1145 39 305 35
internal_value=-0.000516985 0.00584178 -0.00160808 -0.000897501 -0.00133686 0.00367816 -0.00647835 0.000328261 -0.00148714 -0.00655681 -0.00991071 -0.0109367 -0.00967049 0.00195163
internal_weight=10096 1478 8618 7921 7741 1304 1893 5848 3731 1152 1231 1184 697 1198
internal_count=10096 1478 8618 7921 7741 1304 1893 5848 3731 1152 1231 1184 697 1198
is_linear=0
shrinkage=0.03


Tree=71
num_leaves=15
num_cat=0
split_feature=31 40 32 11 39 27 5 18 27 35 27 26 18 17
split_gain=70.9784 60.4291 54.2774 46.4692 45.2378 39.9893 39.6492 42.1229 50.2945 53.2602 60.0469 41.8112 36.6773 34.4881
threshold=285.50000000000006 116.50000000000001 15.750000000000002 1.0000000180025095e-35 24.94166666666667 55.741697860000009 1.5000000000000002 4922.3966136636755 55.644023925000006 1571.5895379612 55.670980610000008 37.81759447000001 2403.3974140303649 68.53424200000002
decision_type=2 10 2 10 8 2 2 8 2 10 2 2 8 10
left_child=1 4 -2 13 -1 -4 12 8 -8 11 -11 -10 -6 -3
right_child=2 3 5 -5 6 -7 7 -9 9 10 -12 -13 -14 -15
leaf_value=1.5549783371827581 -4.5256013003735474 1.0739884908610995 -0.55375529396735823 -0.16814813026446712 0.2480140983862649 0.17466867395851718 0.025759634496527753 0.018624333755006158 -0.76386727955159262 -1.225266788378792 -0.036638996929608036 0.48895852806160151 -0.020367853809247462 0.0086106504829966107
leaf_weight=93 144 790 344 123 1737 66 1524 560 457 541 2040 55 1271 315
leaf_count=93 144 790 344 123 1737 66 1524 560 457 541 2040 55 1271 315
internal_value=-0.000274327 0.00033449 -0.0107027 0.0065419 -0.000587027 -0.00510949 -0.000824579 -0.00241599 -0.0033586 -0.00555591 -0.00379938 -0.014386 0.00191426 0.00849005
internal_weight=10060 9506 554 1228 8278 410 8185 5177 4617 3093 2581 512 3008 1105
internal_count=10060 9506 554 1228 8278 410 8185 5177 4617 3093 2581 512 3008 1105
is_linear=0
shrinkage=0.03


Tree=72
num_leaves=15
num_cat=0
split_feature=0 8 27 0 26 38 39 40 27 38 24 35 13 39
split_gain=96.5469 83.8918 64.7177 59.0469 55.9235 53.5675 44.7103 46.5439 45.7528 41.6771 41.5775 35.5385 39.2115 34.763
threshold=121.50000000000001 6.5000000000000009 55.673303265000008 -206.49999999999997 37.47437934500001 9.5000000000000018 142.96666666666667 -100.49999999999999 55.647441485000009 -63.499999999999993 3282.9188194715002 585.27812605484712 -13.499999999999998 25.59327426920834
decision_type=2 2 2 2 2 10 8 8 2 8 10 8 10 8
left_child=3 9 5 -1 10 -3 7 8 -6 -2 11 -5 -13 -11
right_child=1 2 -4 4 6 -7 -8 -9 -10 13 -12 12 -14 -15
leaf_value=3.3223487540602972 -1.3943254156222722 -0.61760851375383652 -1.8987869457851205 -0.25496017084821404 0.24240495240522436 0.36625046262261429 -0.036815087478635461 0.12201772755736222 -1.0331004679984332 1.8559806611319363 -0.037611656138546556 1.1838843983543688 0.084086898664161941 -0.1859558000716261
leaf_weight=119 209 65 360 127 148 134 2093 2859 361 71 95 564 1290 1550
leaf_count=119 209 65 360 127 148 134 2093 2859 361 71 95 564 1290 1550
internal_value=-0.00027175 -0.00553556 -0.0156964 0.00137129 0.00103874 -0.00195 -0.000554742 0.00158504 -0.00676471 -0.0024249 0.0052287 0.00616044 0.00721294 -0.000795314
internal_weight=10045 2389 559 7656 7537 199 5461 3368 509 1830 2076 1981 1854 1621
internal_count=10045 2389 559 7656 7537 199 5461 3368 509 1830 2076 1981 1854 1621
is_linear=0
shrinkage=0.03


Tree=73
num_leaves=15
num_cat=0
split_feature=0 7 0 26 17 37 9 6 27 26 26 23 14 13
split_gain=91.2859 82.5084 64.5616 54.7665 54.7677 58.6512 53.2878 53.0929 46.5839 38.8577 47.5273 76.2254 38.4067 38.1135
threshold=216.50000000000003 1.0000000180025095e-35 -206.49999999999997 37.479357640000011 34.926843500000011 -487.84368745282774 42.01527559118334 9.5000000000000018 55.739195915000003 37.533866470000014 37.727344995000003 0.27136363636363642 -32.699999999999989 41.500000000000007
decision_type=2 2 2 2 8 10 10 2 2 2 2 2 8 8
left_child=2 8 -1 4 -4 -6 7 -5 -2 13 12 -12 -11 -8
right_child=1 -3 3 6 5 -7 9 -9 -10 10 11 -13 -14 -15
leaf_value=3.2356771662056047 -0.61025497163553677 -2.8463836802880715 1.1016465886007496 -0.15023232250619092 -0.070322380536021259 0.10205990029017803 0.86217331488227089 0.41429939967229079 2.1086582977335144 -1.1045755572344258 -0.94424321942273515 0.61114059565488266 -0.037847406058378115 0.054515260705570903
leaf_weight=118 612 371 597 3334 349 1794 247 320 111 77 70 523 1182 309
leaf_count=118 612 371 597 3334 349 1794 247 320 111 77 70 523 1182 309
internal_value=-0.000263605 -0.00843836 0.000739827 0.000443031 0.00396206 0.00172108 -0.00114795 -0.00343092 -0.00252762 0.00231631 0.000226659 0.00722222 -0.00307143 0.00926391
internal_weight=10014 1094 8920 8802 2740 2143 6062 3654 723 2408 1852 593 1259 556
internal_count=10014 1094 8920 8802 2740 2143 6062 3654 723 2408 1852 593 1259 556
is_linear=0
shrinkage=0.03


Tree=74
num_leaves=15
num_cat=0
split_feature=0 8 27 26 9 31 12 2 20 41 6 26 9 14
split_gain=101.541 55.1923 82.3779 56.307 59.0927 45.9309 44.0329 37.6348 46.2856 37.3291 36.7112 33.2821 31.247 31.1379
threshold=51.500000000000007 7.5000000000000009 55.67592130500001 37.440657635000008 36.569842776241671 -200.99999999999997 -133.49999999999997 10.891666666666667 13.357919254658389 41.500000000000007 8.5000000000000018 37.716110390000004 72.01527559118334 -25.499999999999996
decision_type=2 2 2 2 10 2 10 2 8 10 2 2 10 10
left_child=5 3 7 4 13 -1 -5 -3 -9 12 -8 -12 -7 -2
right_child=1 2 -4 6 -6 9 10 8 -10 -11 11 -13 -14 -15
leaf_value=2.1393389554016622 -0.14602587306047329 1.6958846067496136 -1.7643315511592439 0.85989327538318439 -0.51758252200164423 -0.0025814197624687276 -0.65117112666129451 0.0043580674306789996 -0.91591592284005297 0.26014107113569562 -0.067518279036276926 2.8975390705555224 0.39614596777860617 1.3080908994342459
leaf_weight=183 106 88 405 139 218 4053 1842 229 67 1097 551 85 534 423
leaf_count=183 106 88 405 139 218 4053 1842 229 67 1097 551 85 534 423
internal_value=-0.000173635 -0.00376264 -0.0108987 -0.00208618 0.0051738 0.00236708 -0.00415966 -0.000935065 -0.00606061 0.00188918 -0.00508269 0.0011303 0.000699651 0.0105849
internal_weight=10020 4153 789 3364 747 5867 2617 384 296 5684 2478 636 4587 529
internal_count=10020 4153 789 3364 747 5867 2617 384 296 5684 2478 636 4587 529
is_linear=0
shrinkage=0.03


Tree=75
num_leaves=15
num_cat=0
split_feature=0 7 0 2 41 18 0 5 41 18 10 38 9 2
split_gain=98.8673 71.8691 57.3846 47.1935 55.9808 43.7828 40.2831 38.5929 41.9514 41.6322 43.9242 36.0684 35.5278 34.7456
threshold=158.50000000000003 1.0000000180025095e-35 -206.49999999999997 12.675000000000002 223.50000000000003 6823.8958060605137 285.50000000000006 1.5000000000000002 17.500000000000004 2391.5849092715157 0.58333333333333337 -1.4999999999999998 39.959310950450011 12.341666666666669
decision_type=2 2 2 2 8 10 2 2 8 8 10 8 10 2
left_child=2 3 -1 -2 -5 12 -3 9 -9 10 11 -4 -6 -11
right_child=1 6 7 4 5 -7 -8 8 -10 13 -12 -13 -14 -15
leaf_value=3.2470516293758989 -1.0567398483169876 -0.45728237780959202 0.030135074544139027 -0.8429498818322092 1.9328758985747692 -0.14214706943431973 -4.8067560743866693 -0.3191763375371614 0.009242759504010465 -0.080615073217398969 -0.033750866657469687 0.8233496339178924 -0.073249984582001854 0.048918192204673507
leaf_weight=111 544 363 488 299 229 35 213 1652 3329 651 201 1231 96 557
leaf_count=111 544 363 488 299 229 35 213 1652 3329 651 201 1231 96 557
internal_value=-0.000483 -0.00689326 0.000904999 -0.00271595 0.00268182 0.0106371 -0.0155979 0.000610358 -0.00102971 0.00322148 0.00596564 0.00751744 0.0140798 -0.00114144
internal_weight=9999 1779 8220 1203 659 360 576 8109 4981 3128 1920 1719 325 1208
internal_count=9999 1779 8220 1203 659 360 576 8109 4981 3128 1920 1719 325 1208
is_linear=0
shrinkage=0.03


Tree=76
num_leaves=15
num_cat=0
split_feature=31 9 39 27 30 8 20 40 26 18 37 9 9 35
split_gain=68.7811 53.439 49.2907 60.7506 72.8237 62.4844 49.4143 49.2579 45.4994 48.6666 59.9069 52.6425 53.4468 43.8232
threshold=-62.499999999999993 80.026028440000019 26.148098799708336 55.644023925000006 450.00000000000006 13.500000000000002 29.951190476190479 198.50000000000003 37.479357640000011 2416.8697342295809 -26.847990317494858 28.779117934708339 14.762111685983335 3164.1722194765143
decision_type=2 8 8 2 2 2 8 10 2 10 8 8 10 10
left_child=1 7 -2 6 8 -6 -4 -1 -5 10 11 12 -10 -11
right_child=2 -3 3 4 5 -7 -8 -9 9 13 -12 -13 -14 -15
leaf_value=0.075659263899734305 1.6603835492361307 1.6152889164339375 0.18175683062880438 0.039756162911256249 -1.6785374462079434 -0.068412549312186877 -0.046942428884886388 2.1676684562106625 0.12032009083228602 -1.5389474612499905 0.041591132968174079 0.18271748433310292 -1.2631880627118153 -0.098845447077374263
leaf_weight=1316 213 154 2490 1490 424 423 398 130 149 283 815 432 454 903
leaf_count=1316 213 154 2490 1490 424 423 398 130 149 283 815 432 454 903
internal_value=-0.000381141 0.00532167 -0.00145841 -0.00182643 -0.00371232 -0.0117807 0.00168224 0.00352453 -0.00220013 -0.00430688 -0.00126418 -0.00605212 -0.0117715 -0.00904802
internal_weight=10074 1600 8474 8261 5373 847 2888 1446 4526 3036 1850 1035 603 1186
internal_count=10074 1600 8474 8261 5373 847 2888 1446 4526 3036 1850 1035 603 1186
is_linear=0
shrinkage=0.03


Tree=77
num_leaves=15
num_cat=0
split_feature=0 7 0 39 38 39 0 41 2 26 26 6 12 2
split_gain=93.0399 72.0758 58.5612 57.8983 38.9239 37.6597 36.8711 55.0765 35.9697 35.6352 52.1703 35.0823 33.7513 33.6684
threshold=150.50000000000003 1.0000000180025095e-35 -206.49999999999997 151.89166666666668 117.50000000000001 25.59327426920834 -12.499999999999998 -77.499999999999986 2.4250000000000003 37.479357640000011 37.48296091000001 8.5000000000000018 -55.499999999999993 15.175000000000002
decision_type=2 2 2 10 8 8 2 8 2 2 2 2 10 2
left_child=2 4 -1 6 -2 -3 7 -4 -9 12 -11 -10 -8 -12
right_child=1 5 3 -5 -6 -7 9 8 11 10 13 -13 -14 -15
leaf_value=2.9617464809920011 -0.6750318363060539 1.1447125395909064 -0.11872159774799364 -0.15992366788159859 0.33495212308193584 -1.3938079628520808 0.73191535689601639 -0.26320416920293926 0.46172460663352488 -0.93867133910463274 0.022467590093070311 1.5059897662851605 0.055050735257826687 -0.041279627939676711
leaf_weight=121 627 32 650 1189 620 553 307 58 962 191 2154 379 1308 903
leaf_count=121 627 32 650 1189 620 553 307 58 962 191 2154 379 1308 903
internal_value=-0.000107409 -0.00621931 0.00125502 0.000944211 -0.00213942 -0.0148976 0.00199624 0.00537073 0.00872143 0.000573602 -0.0012373 0.00972429 0.00421411 -0.0002845
internal_weight=10054 1832 8222 8101 1247 585 6912 2049 1399 4863 3248 1341 1615 3057
internal_count=10054 1832 8222 8101 1247 585 6912 2049 1399 4863 3248 1341 1615 3057
is_linear=0
shrinkage=0.03


Tree=78
num_leaves=15
num_cat=0
split_feature=0 7 0 26 32 27 38 34 35 16 37 0 9 5
split_gain=85.3296 63.4213 52.82 69.9865 62.6505 57.6002 48.9664 47.8111 44.1353 41.5349 39.1875 38.6206 37.2339 34.4478
threshold=178.50000000000003 1.0000000180025095e-35 -97.499999999999986 37.479357640000011 -261.99999999999994 55.653688130000006 -25.499999999999996 2036.5586570270002 440.95546972161213 27.500000000000004 -299.39960932523121 285.50000000000006 30.94837788253334 5.5000000000000009
decision_type=2 2 2 2 2 2 8 8 8 10 10 2 10 2
left_child=2 -2 4 8 -1 7 -7 -5 -4 -9 12 -3 -6 -8
right_child=1 11 3 5 10 6 13 9 -10 -11 -12 -13 -14 -15
leaf_value=2.4375681540438072 -0.22781378738024358 -0.48005118998058888 -0.41201918308838886 0.53469933978583817 1.4467140366218345 -0.80579201112498899 -0.0096490299943732087 -0.016719160702167869 0.17006378426468399 1.3857972880369787 0.8108866990977307 -4.7680753556840525 -1.1594503340986253 -0.77919781461422122
leaf_weight=129 999 319 126 404 36 953 1845 1668 2316 197 525 214 100 164
leaf_count=129 999 319 126 404 36 953 1845 1668 2316 197 525 214 100 164
internal_value=-0.000141056 -0.00665362 0.00103852 0.000277561 0.00841972 -0.00168005 -0.00443469 0.0019163 0.00446991 -0.00011254 0.00466767 -0.015 -0.00963504 -0.00177612
internal_weight=9995 1532 8463 7673 790 5231 2962 2269 2442 1865 661 533 136 2009
internal_count=9995 1532 8463 7673 790 5231 2962 2269 2442 1865 661 533 136 2009
is_linear=0
shrinkage=0.03


Tree=79
num_leaves=15
num_cat=0
split_feature=31 9 39 38 3 39 3 26 24 2 39 26 16 37
split_gain=65.4905 51.8307 49.0689 43.961 48.6665 64.6912 46.9449 38.8784 38.2944 36.9977 36.8287 35.2997 35.2854 38.3686
threshold=-62.499999999999993 80.026028440000019 26.148098799708336 19.500000000000004 1.0000000180025095e-35 162.53333333333339 1.0000000180025095e-35 37.399178430000006 4252.9165354710012 6.6750000000000016 138.20833333333334 37.505397220000006 7.5000000000000009 96.0609959784273
decision_type=2 8 8 8 2 10 2 2 10 2 10 2 8 10
left_child=1 8 9 6 5 7 -4 -5 -1 -2 12 -7 13 -9
right_child=2 -3 3 4 -6 11 -8 10 -10 -11 -12 -13 -14 -15
leaf_value=0.28135605585680024 -1.720998360562551 1.6936799381257068 -0.42530620585916762 0.87368933757888823 -0.023455562650149107 -0.039995809928565079 0.083057024050574649 -1.0650939318450883 -0.617292151246294 1.8484607007967486 1.1488769770156779 -0.9851342448202296 0.12444876870380368 0.28260903660241349
leaf_weight=1413 30 153 2211 307 1337 242 244 239 43 183 372 244 2836 168
leaf_count=1413 30 153 2211 307 1337 242 244 239 43 183 372 244 2836 168
internal_value=-8.38072e-05 0.00545963 -0.00114452 -0.00151445 -7.83153e-05 0.0014425 -0.00487378 0.00272241 0.00370625 0.0130374 0.00185011 -0.00887064 0.000823058 -0.00742647
internal_weight=10022 1609 8413 8200 5745 4408 2455 3922 1456 213 3615 486 3243 407
internal_count=10022 1609 8413 8200 5745 4408 2455 3922 1456 213 3615 486 3243 407
is_linear=0
shrinkage=0.03


Tree=80
num_leaves=15
num_cat=0
split_feature=0 0 6 21 24 38 27 3 4 18 38 26 18 34
split_gain=85.1421 64.5844 62.4897 71.7988 51.9366 46.8427 81.0262 55.1281 57.6335 54.1081 52.1013 42.4668 45.696 45.3309
threshold=-9.4999999999999982 359.50000000000006 8.5000000000000018 3.1500000000000008 3952.9165354710008 43.500000000000007 55.642067515000001 1.0000000180025095e-35 1.0000000180025095e-35 8682.1565343249767 557.50000000000011 37.416216135000006 4867.3280366386898 60.500000000000007
decision_type=2 2 2 10 8 8 2 2 2 8 8 2 8 10
left_child=2 5 3 -1 -4 6 -2 8 11 -9 -10 -7 13 -13
right_child=1 -3 4 -5 -6 7 -8 9 10 -11 -12 12 -14 -15
leaf_value=0.57670344220752157 0.061851778702372399 -1.5816765750041866 1.09464412621777 -0.19405245962773318 -0.63469427792502831 1.514242656659603 -0.58624495175752489 -0.04387217144037265 -0.92116816842808646 0.0074628887901241527 0.13572201402735387 -0.11867154264419091 1.4472168462889927 0.64821979210410485
leaf_weight=800 741 321 683 1184 43 518 1621 860 230 256 183 1868 279 450
leaf_count=800 741 321 683 1184 43 518 1621 860 230 256 183 1868 279 450
internal_value=-0.000182307 -0.00186272 0.00436001 0.00160202 0.0118845 -0.00125874 -0.00469742 0.00049085 0.00232927 -0.00531782 -0.00818841 0.00372593 0.00215935 0.000776197
internal_weight=10037 7327 2710 1984 726 7006 2362 4644 3528 1116 413 3115 2597 2318
internal_count=10037 7327 2710 1984 726 7006 2362 4644 3528 1116 413 3115 2597 2318
is_linear=0
shrinkage=0.03


Tree=81
num_leaves=15
num_cat=0
split_feature=0 6 12 0 36 38 2 27 2 2 23 36 38 39
split_gain=82.1822 54.259 60.3294 53.8933 50.0391 40.728 48.9171 37.1346 37.0822 50.7625 35.1957 33.523 35.2296 32.5889
threshold=51.500000000000007 7.5000000000000009 301.50000000000006 -206.49999999999997 31.152007575757576 122.50000000000001 20.841666666666672 55.604049130000007 12.758333333333335 11.341666666666669 0.5110154418303825 19.38516483516484 -117.49999999999999 55.119059391266674
decision_type=2 2 10 2 10 10 2 2 2 2 2 8 8 8
left_child=3 2 4 -1 10 -3 -7 8 9 -5 -2 12 -9 -12
right_child=1 5 -4 7 -6 6 -8 11 -10 -11 13 -13 -14 -15
leaf_value=2.7829442839428444 -0.94388221627464419 -0.23486490426943599 -3.3963365292121876 1.529484696736946 0.33853135180135241 0.68636481753477108 -1.8818996223301132 -1.0875423131276472 2.3211255679821132 -3.8041004870371911 -1.0599787645536782 -0.0041091557543056715 0.29614759857876888 -0.27512836640335825
leaf_weight=120 78 1279 195 173 112 517 69 75 114 57 327 4140 1206 1596
leaf_count=120 78 1279 195 173 112 517 69 75 114 57 327 4140 1206 1596
internal_value=-0.000280346 -0.00350024 -0.00657427 0.00200306 -0.00509461 0.000305466 0.00684838 0.00158689 0.0111304 0.00415584 -0.00618881 0.000979343 0.00521841 -0.00537942
internal_weight=10058 4173 2308 5885 2113 1865 586 5765 344 230 2001 5421 1281 1923
internal_count=10058 4173 2308 5885 2113 1865 586 5765 344 230 2001 5421 1281 1923
is_linear=0
shrinkage=0.03


Tree=82
num_leaves=15
num_cat=0
split_feature=0 7 27 0 26 5 3 27 2 9 10 39 26 26
split_gain=75.3661 61.6309 55.6329 55.5967 44.9838 45.6843 54.7426 57.5688 49.5672 45.5185 54.1869 43.728 57.4432 49.0896
threshold=216.50000000000003 1.0000000180025095e-35 55.733677020000009 -206.49999999999997 37.479357640000011 6.5000000000000009 1.0000000180025095e-35 55.74024179500001 17.008333333333336 69.01527559118334 0.91666666666666685 142.00114363769168 37.48296091000001 37.507777600000004
decision_type=2 2 2 2 2 2 2 2 2 10 10 10 2 2
left_child=3 2 -2 -1 5 6 7 8 -5 11 -11 12 -6 -13
right_child=1 -3 -4 4 9 -7 -8 -9 -10 10 -12 13 -14 -15
leaf_value=2.7693829785926618 -0.56937594391404323 -2.5453954764482156 1.8226858029090387 0.20489187182349916 -0.84642018640525885 -0.43909735312736969 -0.026756830368225421 1.8171566236753969 2.1969174947983596 0.60671343743931849 -0.068692644089820537 0.69592565966124054 -0.0037041564041915007 -0.83404120151468908
leaf_weight=107 592 375 125 1370 217 172 563 332 303 801 202 74 4074 725
leaf_count=107 592 375 125 1370 217 172 563 332 303 801 202 74 4074 725
internal_value=-0.000358816 -0.00779506 -0.00263231 0.000550274 0.000288657 0.00348048 0.00448424 0.00680459 0.00453405 -0.00114703 0.00469124 -0.00229817 -0.00109739 -0.0087375
internal_weight=10032 1092 717 8940 8833 2740 2568 2005 1673 6093 1003 5090 4291 799
internal_count=10032 1092 717 8940 8833 2740 2568 2005 1673 6093 1003 5090 4291 799
is_linear=0
shrinkage=0.03


Tree=83
num_leaves=15
num_cat=0
split_feature=0 10 38 5 0 27 40 41 2 26 37 26 9 0
split_gain=75.9449 50.7105 58.9588 48.7448 47.2297 42.6503 40.0785 37.2171 40.6861 35.9674 32.3276 34.8233 43.5362 33.6931
threshold=11.500000000000002 0.91666666666666685 -3.4999999999999996 5.5000000000000009 -206.49999999999997 55.645938805000007 114.50000000000001 630.50000000000011 7.9250000000000016 37.853056340000009 92.06270707875116 37.416216135000006 28.015275591183336 294.50000000000006
decision_type=2 10 8 2 2 2 10 10 2 2 8 2 10 2
left_child=4 2 5 6 -1 -2 10 8 -5 -7 11 -4 -13 -14
right_child=1 -3 3 7 -6 9 -8 -9 -10 -11 -12 12 13 -15
leaf_value=2.6833989355420829 0.018947484201528669 -0.67816406140814223 0.28837200003225411 0.11352506254280627 0.024799600168169088 -1.1633690540416934 0.57690784056963318 0.49916292368508153 -1.4946331268777182 1.182344085471305 0.25200370515716852 -0.87995652437696048 0.06796175226189391 -3.1711525816116897
leaf_weight=115 366 140 306 84 4532 814 547 35 214 52 1237 772 765 60
leaf_count=115 366 140 306 84 4532 814 547 35 214 52 1237 772 765 60
internal_value=-0.000248008 -0.00267013 -0.00219303 -0.000432728 0.00256239 -0.00793187 0.00056128 -0.0114072 -0.0148495 -0.0115571 -0.000744986 -0.00319853 -0.00497497 -0.000181598
internal_weight=10039 5392 5252 4020 4647 1232 3687 333 298 866 3140 1903 1597 825
internal_count=10039 5392 5252 4020 4647 1232 3687 333 298 866 3140 1903 1597 825
is_linear=0
shrinkage=0.03


Tree=84
num_leaves=15
num_cat=0
split_feature=0 32 0 26 15 6 32 39 17 9 32 2 27 27
split_gain=76.407 68.3508 53.6436 46.626 53.8742 53.5634 45.8163 44.0218 44.6739 42.5293 46.5219 46.9575 42.0341 83.7744
threshold=-69.499999999999986 -214.99999999999997 297.50000000000006 37.47437934500001 682.00000000000011 9.5000000000000018 113.50000000000001 134.90842472443336 -111.46575799999998 28.779117934708339 14.500000000000002 19.041666666666671 55.650468480000008 55.705094765000005
decision_type=2 2 2 2 10 2 2 8 10 8 2 2 2 2
left_child=1 -1 3 -2 5 9 -4 -3 -9 -5 12 -12 -11 -14
right_child=2 7 6 4 -6 -7 -8 8 -10 10 11 -13 13 -15
leaf_value=1.5831729735132862 0.088527226113149449 0.80299753318874356 -3.9512453139870254 -0.41266278076905744 0.084774361699750153 0.43293886504838586 -0.26736688603166048 -0.61658407861542086 1.0984724216515425 0.0017560957958006828 0.28233398280337291 -0.58878781839187999 -1.1774266901284633 0.0067294134861302706
leaf_weight=257 2901 545 175 1936 624 370 352 299 125 945 713 92 470 279
leaf_count=257 2901 545 175 1936 624 370 352 299 125 945 713 92 470 279
internal_value=7.43752e-05 0.00709046 -0.000897494 -0.000309687 -0.00195028 -0.00302747 -0.0101705 0.00343299 -0.00381176 -0.00394274 -0.001356 0.00457816 -0.00417699 -0.00948
internal_weight=10083 1226 8857 8330 5429 4805 527 969 424 4435 2499 805 1694 749
internal_count=10083 1226 8857 8330 5429 4805 527 969 424 4435 2499 805 1694 749
is_linear=0
shrinkage=0.03


Tree=85
num_leaves=15
num_cat=0
split_feature=0 0 39 0 38 37 2 0 36 40 26 35 2 9
split_gain=75.2767 64.675 48.9391 43.6491 55.7192 47.6802 44.5344 49.9553 42.7805 39.1118 35.8523 30.1071 34.8733 34.1159
threshold=359.50000000000006 -206.49999999999997 26.148098799708336 11.500000000000002 -3.4999999999999996 107.59043713713545 15.091666666666669 121.50000000000001 19.021263395375076 194.50000000000003 37.760862440000004 3493.8354263642241 15.758333333333335 9.0152755911833342
decision_type=2 2 8 2 8 10 2 2 10 10 2 10 2 10
left_child=1 -1 8 -4 6 9 7 -5 -3 10 -6 12 -7 -13
right_child=-2 2 3 4 5 11 -8 -9 -10 -11 -12 13 -14 -15
leaf_value=2.4883773087951186 -1.5765837681307293 1.8481087743611724 0.019119545586248135 0.1235141218899837 -0.18868699546613346 0.12090657500864541 -1.3184324710666573 -0.90058348117334452 -1.2512465909017043 0.33121135926201095 -0.78106414688610959 2.0693591334744923 -1.3911810303097809 0.39992430662765832
leaf_weight=118 333 177 4490 454 2228 193 383 306 33 210 204 199 64 591
leaf_count=118 333 177 4490 454 2228 193 383 306 33 210 204 199 64 591
internal_value=-0.000279447 0.00020516 -6.92332e-05 -0.000392577 -0.0023712 -0.000577236 -0.00815559 -0.00394218 0.014218 -0.00272418 -0.00379778 0.00483779 -0.00406977 0.00773704
internal_weight=9983 9650 9532 9322 4832 3689 1143 760 210 2642 2432 1047 257 790
internal_count=9983 9650 9532 9322 4832 3689 1143 760 210 2642 2432 1047 257 790
is_linear=0
shrinkage=0.03


Tree=86
num_leaves=15
num_cat=0
split_feature=0 0 6 38 3 5 41 3 6 38 35 3 6 38
split_gain=81.5864 61.882 47.3943 37.8339 34.9781 31.6778 32.7653 31.3637 39.8367 37.6742 32.2122 30.77 30.32 27.2693
threshold=178.50000000000003 -206.49999999999997 7.5000000000000009 40.500000000000007 1.0000000180025095e-35 1.5000000000000002 17.500000000000004 1.0000000180025095e-35 8.5000000000000018 22.500000000000004 2205.0198002526977 1.0000000180025095e-35 8.5000000000000018 1113.0000000000002
decision_type=2 2 2 8 2 2 8 2 2 8 8 2 2 8
left_child=1 -1 4 -4 13 7 11 8 9 -3 -11 -7 -9 -2
right_child=2 5 3 -5 -6 6 -8 12 -10 10 -12 -13 -14 -15
leaf_value=2.5152594743467174 -1.3000813995136657 -0.23458055834529254 -1.1587166299832894 0.38697129460687696 -3.3697168687406198 -0.41415371613733853 0.0083059290286536577 0.0059539447139589181 0.79025692378718893 0.99582083076304495 0.068091748186977344 0.11589223638675769 -0.042504989307564862 0.11719648161015107
leaf_weight=119 705 699 154 476 87 1604 3531 329 747 421 761 113 241 126
leaf_count=119 705 699 154 476 87 1604 3531 329 747 421 761 113 241 126
internal_value=-0.00028772 0.000858043 -0.00662363 -0.000285261 -0.0109684 0.000554043 -0.000880168 0.00290716 0.0042906 0.00196068 0.00522401 -0.00427823 -0.0034676 -0.00905048
internal_weight=10113 8565 1548 630 918 8446 5248 3198 2628 1881 1182 1717 570 831
internal_count=10113 8565 1548 630 918 8446 5248 3198 2628 1881 1182 1717 570 831
is_linear=0
shrinkage=0.03


Tree=87
num_leaves=15
num_cat=0
split_feature=0 0 4 38 38 39 24 6 11 2 41 26 41 0
split_gain=76.2306 50.6955 40.0838 47.9075 43.683 37.8925 36.3657 36.0318 74.1411 34.4956 34.1179 32.371 30.8725 35.8655
threshold=51.500000000000007 -206.49999999999997 1.0000000180025095e-35 13.500000000000002 -167.99999999999997 143.78447697102504 389.50000000000006 8.5000000000000018 1.0000000180025095e-35 7.9250000000000016 39.500000000000007 37.533866470000014 235.50000000000003 319.50000000000006
decision_type=2 2 2 8 10 8 8 2 10 2 8 2 10 2
left_child=1 -1 3 4 -2 7 12 10 -9 -4 11 -3 13 -5
right_child=2 5 9 6 -6 -7 -8 8 -10 -11 -12 -13 -14 -15
leaf_value=2.4712853863400284 0.5215623766616323 0.19139141557221237 0.10960820929880669 0.0091011342930637194 -0.77234493112513236 -0.011803041515011187 -0.82680403993982798 0.89635081529717275 -0.14475239338940307 -1.1202114882498169 0.18683879920897886 -0.28273338398871983 0.60867753483183862 -1.9314488906840106
leaf_weight=113 167 536 89 1919 870 2388 114 724 94 322 1169 871 483 179
leaf_count=113 167 536 89 1919 870 2388 114 724 94 322 1169 871 483 179
internal_value=-0.000161371 0.00203019 -0.00327944 -0.00229842 -0.00777457 0.00163929 -0.000189169 0.00367599 0.00915751 -0.0121602 0.00193248 -0.00121449 0.000546088 -0.00102906
internal_weight=10038 5895 4143 3732 1037 5782 2695 3394 818 411 2576 1407 2581 2098
internal_count=10038 5895 4143 3732 1037 5782 2695 3394 818 411 2576 1407 2581 2098
is_linear=0
shrinkage=0.03


Tree=88
num_leaves=15
num_cat=0
split_feature=0 0 32 2 39 36 8 40 3 9 39 3 6 36
split_gain=63.4157 55.902 45.3332 44.255 37.6212 46.0618 34.6 32.7051 44.3047 36.6159 30.44 34.4633 61.6952 53.2274
threshold=-206.49999999999997 319.50000000000006 103.50000000000001 15.758333333333335 26.148098799708336 19.021263395375076 2.5000000000000004 -33.499999999999993 1.0000000180025095e-35 8.9742143644916688 151.89166666666668 1.0000000180025095e-35 8.5000000000000018 33.278297872340438
decision_type=2 2 2 2 8 10 2 8 2 10 10 2 2 8
left_child=-1 4 -3 -4 5 -2 -5 8 9 -6 11 -9 13 -13
right_child=1 2 3 6 7 -7 -8 10 -10 -11 -12 12 -14 -15
leaf_value=2.3656631285261152 1.7528441182747634 -4.4775401648679516 -1.4103626614288329 -0.41248393935406608 0.67299799342502098 -1.1706113915558678 1.9005610794673662 0.20976867194652088 0.18123914230132329 -0.5432506373401218 -0.071184177661953091 -0.041582502326835004 -0.036775913651434886 0.019710431370800655
leaf_weight=119 194 147 147 78 262 39 78 4880 162 1712 1045 529 360 344
leaf_count=119 194 147 147 78 262 39 78 4880 162 1712 1045 529 360 344
internal_value=7.13083e-05 -0.000189417 -0.01051 -0.00384868 0.000299118 0.0121795 0.00726115 0 -0.0032569 -0.0044962 0.000972203 0.00178116 -0.00269854 0.00161327
internal_weight=10096 9977 450 303 9527 233 156 9294 2136 1974 7158 6113 1233 873
internal_count=10096 9977 450 303 9527 233 156 9294 2136 1974 7158 6113 1233 873
is_linear=0
shrinkage=0.03


Tree=89
num_leaves=15
num_cat=0
split_feature=0 0 3 38 39 39 5 27 38 39 37 0 16 18
split_gain=66.6964 48.5588 42.1055 41.3342 37.4403 56.3788 36.1321 40.9331 37.4083 44.3134 36.45 36.1825 34.4197 31.6787
threshold=178.50000000000003 -206.49999999999997 1.0000000180025095e-35 3.5000000000000004 77.075000000000003 71.483333333333348 6.5000000000000009 55.685470205000009 45.500000000000007 26.974052334508336 -228.25146636963277 -1.0000000180025095e-35 22.500000000000004 4535.5280484223931
decision_type=2 2 2 8 8 10 2 2 10 10 8 2 8 8
left_child=1 -1 3 -2 5 6 8 -8 9 -3 -11 -10 -12 -6
right_child=2 4 -4 -5 13 -7 7 -9 11 10 12 -13 -14 -15
leaf_value=2.1842407229110319 -1.4368783749019969 1.7125743581361346 -2.7741267262986953 -0.12146790150692893 -0.041487304619302189 1.0432950537334043 0.69616998685789655 -1.0397449895595285 1.3236466292276374 -0.88169639022684054 -0.26124757848603153 0.16052302047724343 0.36707729207757112 0.014785474281962934
leaf_weight=119 328 65 143 1048 4783 311 36 75 262 179 505 700 479 1028
leaf_count=119 328 65 143 1048 4783 311 36 75 262 179 505 700 479 1028
internal_value=-0.000229577 0.000800656 -0.00601974 -0.00440087 0.000530627 0.0035132 0.00188966 -0.0147321 0.00273848 -0.000732303 -0.00208763 0.00716511 0.000182741 -0.000810392
internal_weight=10061 8542 1519 1376 8423 2612 2301 111 2190 1228 1163 962 984 5811
internal_count=10061 8542 1519 1376 8423 2612 2301 111 2190 1228 1163 962 984 5811
is_linear=0
shrinkage=0.03


Tree=90
num_leaves=15
num_cat=0
split_feature=0 6 21 0 32 16 18 14 39 18 27 27 38 30
split_gain=57.1756 49.8642 56.9051 39.4273 60.7416 51.8403 38.7779 33.2558 32.8106 33.9991 35.3761 48.7089 62.9094 59.0723
threshold=-9.4999999999999982 8.5000000000000018 3.9500000000000006 319.50000000000006 149.50000000000003 20.500000000000004 11053.573393105557 -10.999999999999986 26.148098799708336 4644.2351104200452 55.643770265000008 55.688671190000008 47.500000000000007 1.0000000180025095e-35
decision_type=2 2 10 2 2 8 10 8 8 8 2 2 10 2
left_child=1 2 -1 8 -5 7 -3 -6 -2 10 -10 12 -12 -13
right_child=3 6 -4 4 5 -7 -8 -9 9 -11 11 13 -14 -15
leaf_value=0.40494483919571755 1.3323816909589925 0.9802106608243687 -0.16159700379991623 -4.1525530161653794 -1.606411159438738 -2.261576193075276 -0.83119712333961593 0.59238599760569255 0.019990452754419793 0.014341910053504048 -0.83419516963097418 0.10668469849708244 0.029535906983774556 -0.29481179889467796
leaf_weight=797 189 661 1189 161 36 82 38 170 1917 1104 967 1547 502 654
leaf_count=797 189 661 1189 161 36 82 38 170 1917 1104 967 1547 502 654
internal_value=4.19371e-05 0.0037863 0.00135883 -0.00133015 -0.00993333 -0.0016609 0.0106714 0.00637681 -0.00076733 -0.00111626 -0.00206693 -0.00379188 -0.00802041 -0.000967302
internal_weight=10014 2685 1986 7329 449 288 699 206 6880 6691 5587 3670 1469 2201
internal_count=10014 2685 1986 7329 449 288 699 206 6880 6691 5587 3670 1469 2201
is_linear=0
shrinkage=0.03


Tree=91
num_leaves=15
num_cat=0
split_feature=0 10 37 18 27 0 25 39 0 8 8 13 26 20
split_gain=61.437 48.1689 40.7632 50.6523 45.8464 48.2297 44.7965 40.7868 39.4498 34.1669 43.8745 42.2956 35.1243 32.54
threshold=11.500000000000002 0.75000000000000011 92.06270707875116 2403.3974140303649 55.643770265000008 285.50000000000006 227.50000000000003 76.675000000000026 -206.49999999999997 32.000000000000007 9.5000000000000018 204.50000000000003 37.507454235000004 32.569023569023578
decision_type=2 10 8 10 2 2 2 8 2 2 2 10 2 8
left_child=8 2 3 4 6 9 13 -5 -1 10 12 -12 -6 -2
right_child=1 -3 -4 7 5 -7 -8 -9 -10 -11 11 -13 -14 -15
leaf_value=2.0944810509829952 0.72372051182229935 -0.72488174775432779 0.13471281673729976 0.091283057216281591 0.16830576715322534 -3.9769649255127013 -1.2408813170425335 -0.98157651378028021 0.021621305514637583 0.54921073614413474 -1.3401885560036266 0.12869679499558345 -0.36608282775839179 -0.81281212965279848
leaf_weight=118 469 163 1889 282 682 113 63 793 4520 30 170 33 645 36
leaf_count=118 469 163 1889 282 682 113 63 793 4520 30 170 33 645 36
internal_value=8.39412e-05 -0.00210095 -0.00159624 -0.00359964 -0.00103033 -0.00353047 0.00632689 -0.00894981 0.00261263 -0.00215247 -0.0027825 -0.0157353 -0.000790663 0.0093083
internal_weight=10006 5368 5205 3316 2241 1673 568 1075 4638 1560 1530 203 1327 505
internal_count=10006 5368 5205 3316 2241 1673 568 1075 4638 1560 1530 203 1327 505
is_linear=0
shrinkage=0.03


Tree=92
num_leaves=15
num_cat=0
split_feature=0 6 0 32 18 18 18 9 39 10 39 3 20 39
split_gain=59.3241 51.8538 60.0756 50.1653 48.0982 42.9627 40.5826 46.4497 41.6673 70.907 54.9767 35.3062 33.5675 32.4348
threshold=-92.499999999999986 7.5000000000000009 183.50000000000003 -218.49999999999997 10082.445279062127 1543.8532591268515 4535.5280484223931 31.569842776241671 80.550000000000011 1.0000000180025095e-35 72.092695106666682 1.0000000180025095e-35 9.6571316614420066 135.65000000000001
decision_type=2 2 2 2 10 8 8 8 10 10 10 2 10 10
left_child=3 2 6 -1 13 12 7 8 10 -10 -2 -4 -3 -5
right_child=1 5 11 4 -6 -7 -8 -9 9 -11 -12 -13 -14 -15
leaf_value=1.5330788660632355 -0.1546013610841063 0.0080130555527803266 -1.0129654623254876 0.96369075989302799 -0.61808883797812009 -0.0017322423980084337 0.055234952545936904 0.014181880446833616 -1.3590551406602294 0.056809872646680942 1.1669497259672881 -3.9335084747371645 0.7806975852861463 -0.29675281173939422
leaf_weight=187 720 529 765 458 43 3222 394 2049 533 127 105 80 710 221
leaf_count=187 720 529 765 458 43 3222 394 2049 533 127 105 80 710 221
internal_value=0.000109424 -0.00061072 -0.00278383 0.00741758 0.00381743 0.00171448 -0.00122168 -0.00224045 -0.0062786 -0.0118911 -0.00177966 -0.0100355 0.00645968 0.00577941
internal_weight=10143 9234 4773 909 722 4461 3928 3534 1485 660 825 845 1239 679
internal_count=10143 9234 4773 909 722 4461 3928 3534 1485 660 825 845 1239 679
is_linear=0
shrinkage=0.03


Tree=93
num_leaves=15
num_cat=0
split_feature=0 8 2 40 23 0 16 38 2 0 20 8 39 2
split_gain=57.5129 47.5562 44.0167 40.4056 38.2285 36.3291 33.9696 31.4625 30.8576 35.4739 30.6329 54.1266 28.5036 27.933
threshold=319.50000000000006 4.5000000000000009 15.758333333333335 116.50000000000001 0.85206228956228969 -206.49999999999997 19.500000000000004 266.50000000000006 7.2583333333333337 -1.0000000180025095e-35 1.4701754385964914 6.5000000000000009 26.148098799708336 20.925000000000004
decision_type=2 2 2 10 2 2 8 10 2 2 10 2 8 2
left_child=3 2 -2 5 -5 -1 -4 12 -6 -10 -11 13 -7 -12
right_child=1 -3 6 4 8 7 -8 -9 9 10 11 -13 -14 -15
leaf_value=1.653992930669625 -1.2438205712859776 -4.0230252795505805 0.67152487459821897 -0.18414957330906212 -0.42284518549732758 1.286135167055936 -1.277039679489314 -0.33027823746324431 1.7946809510307971 0.66415195988838049 0.98034559975601232 -0.78077230711398948 -0.0079783933661046903 -0.67079791414194445
leaf_weight=82 151 160 106 126 129 128 49 364 312 120 381 79 7845 51
leaf_count=82 151 160 106 126 129 128 49 364 312 120 381 79 7845 51
internal_value=2.97501e-06 -0.0102784 -0.00332248 0.000502183 0.00565471 -0.000231591 0.00788462 -0.00042816 0.00749301 0.009375 0.00526899 0.00205078 -3.386e-05 0.00623557
internal_weight=10083 466 306 9617 1198 8419 155 8337 1072 943 631 511 7973 432
internal_count=10083 466 306 9617 1198 8419 155 8337 1072 943 631 511 7973 432
is_linear=0
shrinkage=0.03


Tree=94
num_leaves=15
num_cat=0
split_feature=0 27 37 0 39 34 18 37 9 0 27 39 36 13
split_gain=52.2325 42.8744 41.113 41.8063 39.367 39.7326 35.9052 44.4261 60.4686 47.5779 43.2544 34.845 36.1882 34.1479
threshold=48.500000000000007 55.613787210000005 92.06270707875116 346.50000000000006 77.924537077183359 247.64356347600003 2160.4308818560235 -58.042410810173742 79.01527559118334 -36.499999999999993 55.68982058000001 70.641666666666694 21.250210930009594 50.500000000000007
decision_type=2 2 10 2 10 10 10 8 10 2 2 10 10 8
left_child=1 -1 3 4 11 -6 7 8 10 -9 13 12 -2 -3
right_child=2 6 -4 -5 5 -7 -8 9 -10 -11 -12 -13 -14 -15
leaf_value=1.3315809956532361 -0.6066197335814526 -0.22079602042190488 0.10837433256520186 -3.0207995956431488 -0.75136070202894323 0.11233189437369226 -0.019296379504688588 1.1108635742064499 0.95110846570545404 0.032417436034963824 0.26457938964601824 0.43084831730353756 0.16133274061883873 -0.81617169771315112
leaf_weight=401 782 954 1420 160 901 220 1961 286 169 1065 777 263 471 147
leaf_count=401 782 954 1420 160 901 220 1961 286 169 1065 777 263 471 147
internal_value=0.000111245 0.00196841 -0.00242532 -0.00453538 -0.00362775 -0.0078877 0.00125933 0.00312445 0.000336914 0.00734467 -0.00121341 -0.000474621 -0.00255981 -0.0050363
internal_weight=9977 5760 4217 2797 2637 1121 5359 3398 2047 1351 1878 1516 1253 1101
internal_count=9977 5760 4217 2797 2637 1121 5359 3398 2047 1351 1878 1516 1253 1101
is_linear=0
shrinkage=0.03


Tree=95
num_leaves=15
num_cat=0
split_feature=6 2 18 27 3 0 27 15 0 20 27 38 6 0
split_gain=50.1554 63.074 61.6895 51.2215 70.3474 62.2392 43.6679 43.5761 41.7356 39.2625 61.2372 38.4306 37.8526 37.5632
threshold=7.5000000000000009 6.2750000000000012 1823.0809591238024 55.787792490000008 1.0000000180025095e-35 178.50000000000003 55.613787210000005 486.00548346600004 -1.0000000180025095e-35 6.4684684684684699 55.671247645000008 213.50000000000003 6.5000000000000009 -58.499999999999993
decision_type=2 2 8 2 2 2 2 10 2 8 2 10 2 2
left_child=1 11 8 9 -5 7 -4 -6 -2 10 -3 -1 -11 -12
right_child=2 3 6 4 5 -7 -8 -9 -10 12 13 -13 -14 -15
leaf_value=0.30500312482160657 1.0319095347738489 0.36837514971066193 0.88984479128337823 1.6922057537678923 0.11835450179655069 -2.5518524723241267 -0.026881065231253984 -0.040963002135070335 0.098423273361030614 -0.69858262588858011 0.3015339542103011 -0.44872047522555847 -0.14822993213531144 -0.88640210336096426
leaf_weight=779 764 458 537 202 123 68 2536 206 1076 1372 108 90 1400 358
leaf_count=779 764 458 537 202 123 68 2536 206 1076 1372 108 90 1400 358
internal_value=-2.6791e-05 -0.002091 0.00214286 -0.0035824 0.00455 -0.00278894 -0.000458686 0.00263636 0.00648561 -0.00490127 0.000454054 0.00527586 -0.0066859 -0.00719486
internal_weight=10077 5164 4913 4295 599 397 3073 329 1840 3696 924 869 2772 466
internal_count=10077 5164 4913 4295 599 397 3073 329 1840 3696 924 869 2772 466
is_linear=0
shrinkage=0.03


Tree=96
num_leaves=15
num_cat=0
split_feature=0 5 38 18 32 2 2 27 6 38 23 2 2 16
split_gain=57.5917 43.0651 47.1877 42.247 41.6184 43.8371 65.134 43.0736 38.7492 41.6595 37.6935 35.3577 34.5188 49.3221
threshold=51.500000000000007 5.5000000000000009 45.500000000000007 1948.3160041284345 -344.49999999999994 12.758333333333335 14.175000000000002 55.604049130000007 7.5000000000000009 83.500000000000014 0.21536231884057974 7.9250000000000016 14.341666666666669 28.500000000000004
decision_type=2 2 8 10 2 2 2 2 2 10 2 2 2 8
left_child=3 2 -2 8 -5 -6 -7 -8 12 -10 -4 -3 -1 -14
right_child=1 11 10 4 5 6 7 -9 9 -11 -12 -13 13 -15
leaf_value=0.12015419851672969 -0.49067719616694289 0.18441874960462798 -0.99714168292914129 0.36143805818464469 -0.057728679649415714 0.35331312475304866 2.3732390904898875 -0.017911056162610208 0.1708125705798284 1.7333466074510229 0.057592178581055857 -1.1993652944799256 -0.45028804663212824 0.056371180140352174
leaf_weight=1164 1351 81 99 151 1433 168 66 839 1090 343 2363 260 423 194
leaf_count=1164 1351 81 99 151 1433 168 66 839 1090 343 2363 260 423 194
internal_value=-0.000344105 -0.00304693 -0.00213162 0.00156846 -0.00123025 -0.00215397 0.00243017 -0.000761589 0.0038818 0.0075523 0.000341048 -0.0132456 0.000925926 -0.00480583
internal_weight=10025 4154 3813 5871 2657 2506 1073 905 3214 1433 2462 341 1781 617
internal_count=10025 4154 3813 5871 2657 2506 1073 905 3214 1433 2462 341 1781 617
is_linear=0
shrinkage=0.03


Tree=97
num_leaves=15
num_cat=0
split_feature=0 7 16 2 0 37 18 10 39 39 16 38 5 37
split_gain=45.417 65.0713 44.5271 44.1948 41.1225 38.159 41.1643 52.4832 58.2163 74.1085 39.2011 38.8416 59.0807 40.9238
threshold=297.50000000000006 1.0000000180025095e-35 20.500000000000004 17.841666666666672 -169.49999999999997 92.06270707875116 2441.4905957309993 1.0000000180025095e-35 77.924537077183359 62.134116718308341 6.5000000000000009 -14.499999999999998 2.5000000000000004 -330.94209030018732
decision_type=2 2 8 2 2 10 8 8 8 10 8 8 2 8
left_child=4 2 3 -2 -1 6 11 8 9 -8 -9 13 -13 -6
right_child=1 -3 -4 -5 5 -7 7 10 -10 -11 -12 12 -14 -15
leaf_value=1.3087512544131705 -0.60366927380535129 -3.6058867862718764 -1.4420805979039224 1.5115616071234124 -1.094492645439634 0.1142349353813685 -1.0631754186881839 0.18065183340243882 -0.90626427123356956 0.83066448502651136 -0.0010335673625679847 0.2076497237588478 -0.12031524853401578 -0.060179485047617692
leaf_weight=227 140 186 115 133 247 1894 135 104 1142 237 595 2755 947 1200
leaf_count=227 140 186 115 133 247 1894 135 104 1142 237 595 2755 947 1200
internal_value=-5.66713e-05 -0.00824348 -0.00123393 0.00536496 0.000439688 0.000129632 -0.000847481 -0.00426829 -0.00740594 0.00289544 0.00252857 0.000623301 0.00225223 -0.00354282
internal_weight=10057 574 388 273 9483 9256 7362 2213 1514 372 699 5149 3702 1447
internal_count=10057 574 388 273 9483 9256 7362 2213 1514 372 699 5149 3702 1447
is_linear=0
shrinkage=0.03


Tree=98
num_leaves=15
num_cat=0
split_feature=26 12 27 21 9 16 27 9 18 37 18 5 2 40
split_gain=38.2944 58.1277 51.1206 58.7606 42.5085 42.2278 39.9631 52.2201 68.7023 50.7857 39.4194 38.5145 43.497 36.4001
threshold=37.479357640000011 16.500000000000004 55.653688130000006 3.0500000000000003 297.50000000000006 22.500000000000004 55.676113765000004 56.942810304358339 2403.3974140303649 -118.7216395887081 3787.6608687925418 6.5000000000000009 7.8416666666666677 130.50000000000003
decision_type=2 8 2 8 8 10 2 10 8 8 10 2 2 8
left_child=1 -1 3 -2 11 10 -4 8 -8 -9 -5 -3 -13 -12
right_child=2 4 6 5 -6 -7 7 9 -10 -11 13 12 -14 -15
leaf_value=0.73479381949106781 0.35495435716882467 0.016065912392097117 -0.5349343294882053 -0.2087876848950819 1.0374652486958398 0.22327884116180902 0.17015521003202638 -1.9493570343142368 -0.088878376042518331 -0.027699158504668815 1.6231573912277257 0.23113117869538655 -0.83009406721641577 -0.013258891862339563
leaf_weight=715 1091 2318 757 908 69 760 1646 176 999 268 80 39 140 125
leaf_count=715 1091 2318 757 908 69 760 1646 176 999 268 80 39 140 125
internal_value=-3.86445e-05 0.0026234 -0.00132139 0.00163912 0.000514219 -0.00158485 -0.00360281 -0.00208738 -0.000487528 -0.0115955 -0.00530521 -0.000132106 -0.0135 0.0065534
internal_weight=10091 3281 6810 2964 2566 1873 3846 3089 2645 444 1113 2497 179 205
internal_count=10091 3281 6810 2964 2566 1873 3846 3089 2645 444 1113 2497 179 205
is_linear=0
shrinkage=0.03


Tree=99
num_leaves=15
num_cat=0
split_feature=0 18 37 26 27 26 0 27 30 36 40 27 24 27
split_gain=48.46 51.0561 47.3911 45.0145 32.8542 31.858 41.1869 40.1929 57.59 37.8209 57.4016 55.4018 38.7182 32.3218
threshold=-14.499999999999998 2202.2520888110153 -62.301859039600281 37.515676915000007 55.631656905000007 37.479357640000011 343.50000000000006 55.653688130000006 1.0000000180025095e-35 22.751275776297842 -73.499999999999986 55.694533525000004 7.8332030500000007 55.975227905000004
decision_type=2 10 10 2 2 2 2 2 2 10 8 2 10 2
left_child=1 2 4 -3 -1 6 13 -7 9 10 11 -9 -12 -2
right_child=5 3 -4 -5 -6 7 -8 8 -10 -11 12 -13 -14 -15
leaf_value=1.4935354530922553 0.059773912211650779 0.34706555188386312 1.0980322548107022 -0.4984553797909379 0.14632940334955802 0.00066412659082089927 -1.7527814996264288 -1.3246476602737367 -1.0261574379421781 -0.45294939001493739 -0.014154982815972911 1.4769516999543888 0.081018657230026991 -0.29646619280356412
leaf_weight=145 2555 317 312 513 1287 2149 161 306 496 497 698 86 468 51
leaf_count=145 2555 317 312 513 1287 2149 161 306 496 497 698 86 468 51
internal_value=-0.000170285 0.00337864 0.00629226 -0.00274368 0.00397767 -0.00139395 0.00115968 -0.00289726 -0.00544279 -0.00322471 -0.000923669 -0.0108397 0.00241645 0.00207135
internal_weight=10041 2574 1744 830 1432 7467 2767 4700 2551 2055 1558 392 1166 2606
internal_count=10041 2574 1744 830 1432 7467 2767 4700 2551 2055 1558 392 1166 2606
is_linear=0
shrinkage=0.03


Tree=100
num_leaves=15
num_cat=0
split_feature=6 11 15 26 18 26 39 31 27 9 23 27 18 14
split_gain=46.0825 83.4492 49.3987 51.0101 56.0908 57.1181 49.9893 40.4419 36.5528 35.1514 34.8348 34.7496 40.6526 32.9778
threshold=8.5000000000000018 1.0000000180025095e-35 225.04700309850003 37.532286195000005 2403.3974140303649 37.440657635000008 142.00114363769168 417.50000000000006 55.646811060000012 22.959310950450003 0.92711782560706413 55.684757300000008 3655.9829997154534 52.050000000000004
decision_type=2 8 8 2 10 2 10 2 2 10 2 2 10 8
left_child=2 8 3 4 -1 9 -5 -4 10 -6 -2 -10 -13 -11
right_child=1 -3 7 6 5 -7 -8 -9 11 13 -12 12 -14 -15
leaf_value=0.20414522045593614 1.4639670002394856 -0.02305856156978324 0.032314362825165026 -0.18119071126369299 1.9315541025759246 -0.7617839021317574 -1.2054862533193738 -4.6464410295210703 -0.12447723295687677 -0.47215472527512747 0.44955537394626843 0.73269709797548888 -0.6983221294208255 1.3623109524730463
leaf_weight=1416 449 408 2564 1850 151 932 533 69 534 162 317 555 95 34
leaf_count=1416 449 408 2564 1850 151 932 533 69 534 162 317 555 95 34
internal_value=0.000145978 0.00381518 -0.0009764 -0.00270526 0.000122404 -0.00442969 -0.00590185 0.00235763 0.00639672 0.00594828 0.0114993 0.00308861 0.00774194 -0.00243655
internal_weight=10069 2358 7711 5078 2695 1279 2383 2633 1950 347 766 1184 650 196
internal_count=10069 2358 7711 5078 2695 1279 2383 2633 1950 347 766 1184 650 196
is_linear=0
shrinkage=0.03


Tree=101
num_leaves=15
num_cat=0
split_feature=0 9 39 17 41 39 36 27 38 23 20 5 35 2
split_gain=47.9396 50.834 61.1862 45.7343 42.6275 38.5568 40.6991 34.309 54.0246 60.2616 44.3893 31.1137 38.5252 37.8945
threshold=-48.499999999999993 80.026028440000019 138.20833333333334 -128.56582899999998 80.500000000000014 26.148098799708336 19.021263395375076 55.644023925000006 9.5000000000000018 0.40679264555669054 28.553442028985511 2.5000000000000004 3594.3045755454855 21.841666666666672
decision_type=2 10 8 10 8 8 10 2 8 2 8 2 8 2
left_child=1 2 4 -4 -1 6 -2 10 9 -9 -7 13 -13 -10
right_child=5 -3 3 -5 -6 7 -8 8 11 -11 -12 12 -14 -15
leaf_value=0.48120032892265779 1.6470995854311083 1.34876026182839 -0.75335837640330527 0.18196834788235788 1.2655668871399743 0.1274982656224907 -1.2863229985391611 0.12220502996711942 0.024273185385211792 -0.63417401872504264 -0.057675080280798055 -0.53956930464036734 0.00878889393735564 -0.024720276451003324
leaf_weight=743 198 138 225 325 196 2482 34 84 2596 1395 400 610 414 213
leaf_count=743 198 138 225 325 196 2482 34 84 2596 1395 400 610 414 213
internal_value=-5.07261e-05 0.00466216 0.00304027 -0.00490018 0.00769149 -0.000961196 0.011073 -0.00130323 -0.00273292 -0.00760135 0.00133195 -0.000852895 -0.00532683 0.000779359
internal_weight=10053 1627 1489 550 939 8426 232 8194 5312 1479 2882 3833 1024 2809
internal_count=10053 1627 1489 550 939 8426 232 8194 5312 1479 2882 3833 1024 2809
is_linear=0
shrinkage=0.03


Tree=102
num_leaves=15
num_cat=0
split_feature=0 25 37 36 37 2 2 0 2 41 41 23 27 8
split_gain=37.5138 33.4144 37.4963 28.7508 31.7629 39.9167 57.7445 30.9695 34.1296 32.4537 38.7679 33.045 35.4323 32.6136
threshold=-206.49999999999997 285.50000000000006 -151.04345846066738 34.854978354978364 160.82600073589364 20.025000000000002 17.925000000000004 11.500000000000002 20.925000000000004 -195.49999999999997 9.5000000000000018 0.21536231884057974 55.65948546500001 8.5000000000000018
decision_type=2 2 8 10 10 2 2 2 2 8 8 2 2 2
left_child=-1 3 -3 4 7 6 -6 -2 9 -9 -11 -12 13 -13
right_child=1 2 -4 -5 5 -7 -8 8 -10 10 11 12 -14 -15
leaf_value=1.9283442343230375 0.012999925164323108 -2.5302472614143285 -0.068697249348086728 0.23221794130792034 0.094729641357432406 -0.13756964499485688 3.8843722764652568 0.7109548820558601 -0.86877605977828587 -0.5784754863683983 -0.74796916509877598 0.099011294036921174 -0.20981590350709492 0.78787578108954259
leaf_weight=105 4025 128 440 236 798 258 129 125 205 726 105 839 1664 259
leaf_count=105 4025 128 440 236 798 258 129 125 205 726 105 839 1664 259
internal_value=7.7666e-05 -0.000111692 -0.00717047 0.000316969 4.92665e-05 0.00462901 0.00753233 -0.000634042 -0.00253058 -0.00187147 -0.00239566 -0.00082636 -0.00019544 0.00398544
internal_weight=10042 9937 568 9369 9133 1185 927 7948 3923 3718 3593 2867 2762 1098
internal_count=10042 9937 568 9369 9133 1185 927 7948 3923 3718 3593 2867 2762 1098
is_linear=0
shrinkage=0.03


Tree=103
num_leaves=15
num_cat=0
split_feature=0 6 24 26 27 24 27 6 27 38 2 26 27 36
split_gain=46.4504 46.3552 40.6327 38.0487 38.5297 36.3053 46.0891 39.8924 44.214 51.3091 33.743 33.5209 48.4112 39.0202
threshold=163.50000000000003 7.5000000000000009 10.859807649500002 37.479357640000011 55.975227905000004 550.5054834660001 55.797411235000006 7.5000000000000009 55.553544570000007 321.50000000000006 7.9250000000000016 37.48296091000001 55.663635485000007 19.543537414965989
decision_type=2 2 10 2 2 10 2 2 2 10 2 2 2 10
left_child=3 2 10 4 5 6 7 8 -1 -10 -2 12 -5 -13
right_child=1 -3 -4 11 -6 -7 -8 -9 9 -11 -12 13 -14 -15
leaf_value=-3.3809900975913822 0.14718107272466682 0.15140130044846783 -1.7598267172992976 -0.72684488882932508 -0.22605718190363147 -0.031023405727597864 0.47355314523498487 0.71146562513037426 0.18152580964186357 -1.3162263430448347 -0.73696736739043944 0.030391873053168563 0.71882419306869572 -0.054598380046954484
leaf_weight=59 180 706 240 196 56 329 352 948 624 61 556 2328 35 3409
leaf_count=59 180 706 240 196 56 329 352 948 624 61 556 2328 35 3409
internal_value=0.000306548 -0.00424242 -0.00847492 0.00121815 0.00438272 0.0049663 0.00645477 0.00439457 -0.000805369 0.00135569 -0.00496608 -7.03635e-05 -0.01125 0.000381666
internal_weight=10079 1682 976 8397 2429 2373 2044 1692 744 685 736 5968 231 5737
internal_count=10079 1682 976 8397 2429 2373 2044 1692 744 685 736 5968 231 5737
is_linear=0
shrinkage=0.03


Tree=104
num_leaves=15
num_cat=0
split_feature=0 27 9 39 0 15 2 38 14 34 39 20 4 2
split_gain=42.5575 34.1944 31.2473 36.8705 32.8268 31.617 30.716 38.7988 31.2248 30.1405 28.8871 34.0913 30.8404 24.2981
threshold=51.500000000000007 55.604049130000007 79.01527559118334 54.142450051641674 -44.499999999999993 1400.5000000000002 12.758333333333335 157.50000000000003 -20.399999999999967 2625.5964561525002 25.59327426920834 16.966629588431594 1.0000000180025095e-35 20.758333333333336
decision_type=2 2 10 8 2 10 2 10 10 8 8 10 2 2
left_child=1 6 3 -3 -4 -5 7 8 -1 -6 -2 12 13 -12
right_child=10 2 4 5 9 -7 -8 -9 -10 -11 11 -13 -14 -15
leaf_value=0.52046867125335272 0.90676041196278745 0.5945404113400421 1.0385853614803804 -0.014348798383007408 1.3539117207384084 0.072879784936268691 1.9135258956072498 4.2303786682656064 -3.1389543545530039 -0.0013313072042714679 -0.20807843361100112 0.091655966407448941 -0.67551036402569686 -1.0830985325586346
leaf_weight=108 147 493 155 4122 94 245 121 71 65 341 2519 1056 260 184
leaf_count=108 147 493 155 4122 94 245 121 71 65 341 2519 1056 260 184
internal_value=3.90703e-05 0.00169704 0.00110072 0.000308578 0.00761421 -0.000570055 0.0105738 0.00440816 -0.00327586 0.00337156 -0.00227502 -0.00275373 -0.00440283 -0.00345044
internal_weight=9981 5815 5450 4860 590 4367 365 244 173 435 4166 4019 2963 2703
internal_count=9981 5815 5450 4860 590 4367 365 244 173 435 4166 4019 2963 2703
is_linear=0
shrinkage=0.03


Tree=105
num_leaves=15
num_cat=0
split_feature=0 8 16 2 0 39 17 9 3 0 12 40 40 6
split_gain=48.8409 68.9074 43.0418 42.5583 38.5887 34.3865 39.915 32.0159 62.5599 38.8537 36.1165 32.067 32.758 37.0413
threshold=297.50000000000006 4.5000000000000009 20.500000000000004 17.508333333333336 -206.49999999999997 151.89166666666668 544.06718900000021 71.01527559118334 1.0000000180025095e-35 -1.0000000180025095e-35 40.500000000000007 -391.99999999999994 -105.49999999999999 6.5000000000000009
decision_type=2 2 8 2 2 10 10 8 2 2 8 8 8 2
left_child=4 2 3 -2 -1 7 -7 11 10 -10 -9 -6 13 -13
right_child=1 -3 -4 -5 5 6 -8 8 9 -11 -12 12 -14 -15
leaf_value=1.8464119918163211 -0.54712824985167385 -3.3743500557731623 -1.2947833750021793 0.9862758690885135 0.77038379844545657 -0.16847612781925342 1.1638721697144467 1.2267631169393658 1.6629506452970391 -0.1155117268239079 0.19984414808300588 -1.0705079279989334 0.012644846308338144 -0.03304684640727714
leaf_weight=120 129 183 113 131 61 1282 34 306 31 147 601 335 6075 562
leaf_count=120 129 183 113 131 61 1282 34 306 31 147 601 335 6075 562
internal_value=1.78024e-05 -0.00861759 -0.00120321 0.00551724 0.000521193 0.000305246 -0.00419134 0.00103461 0.00582873 -0.0103911 0.00901982 0.000294285 0.000103255 -0.00524499
internal_weight=10110 556 373 260 9554 9434 1316 8118 1085 178 907 7033 6972 897
internal_count=10110 556 373 260 9554 9434 1316 8118 1085 178 907 7033 6972 897
is_linear=0
shrinkage=0.03


Tree=106
num_leaves=15
num_cat=0
split_feature=6 11 15 26 5 27 27 39 18 25 2 23 35 2
split_gain=38.9662 64.615 51.5738 51.1376 70.8725 48.5567 48.8029 42.7894 42.422 33.7782 28.9569 27.475 28.0348 27.3824
threshold=8.5000000000000018 1.0000000180025095e-35 193.09645615250002 37.440657635000008 6.5000000000000009 55.73083620500001 55.634618535000008 142.5916666666667 1641.4740698522235 415.00000000000006 5.6250000000000009 0.85982456140350882 720.00074617434927 20.508333333333336
decision_type=2 8 8 2 2 2 2 8 10 2 2 2 10 2
left_child=2 8 3 4 5 6 -1 13 -2 -4 -8 -7 -13 -5
right_child=1 -3 9 7 -6 11 10 -9 -10 -11 -12 12 -14 -15
leaf_value=0.98908035679946771 0.92228318999257197 -0.01998261458168318 0.029325711671690725 -0.099631857546772548 -1.3027826998583896 -1.1971461176660356 0.77996056616070542 -0.72306015214518893 0.26370742467069114 -4.2913604951460043 -0.57746473547808186 -0.99638461259181232 1.6348674486039685 -1.094739828906526
leaf_weight=133 615 433 2686 2502 83 33 69 1224 1281 63 291 31 376 174
leaf_count=133 615 433 2686 2502 83 33 69 1224 1281 63 291 31 376 174
internal_value=6.6033e-05 0.00346352 -0.000966606 -0.00280659 0.00318584 0.00555675 -0.000910931 -0.00436811 0.00585134 0.00232364 -0.0066482 0.0127891 0.0149265 -0.00224131
internal_weight=9994 2329 7665 4916 1016 933 493 3900 1896 2749 360 440 407 2676
internal_count=9994 2329 7665 4916 1016 933 493 3900 1896 2749 360 440 407 2676
is_linear=0
shrinkage=0.03


Tree=107
num_leaves=15
num_cat=0
split_feature=2 6 15 10 9 16 4 24 39 23 21 13 36 39
split_gain=40.6726 47.8231 55.796 45.8791 44.596 41.7489 36.1769 32.2975 29.8193 28.4467 27.6444 25.0261 24.94 27.3448
threshold=20.675000000000004 8.5000000000000018 249.50000000000003 1.0000000180025095e-35 72.01527559118334 7.5000000000000009 1.0000000180025095e-35 4084.0000000000005 142.5916666666667 0.97793998377939995 19.950000000000003 -82.499999999999986 28.59174020662936 118.46769510666668
decision_type=2 2 8 8 10 8 2 10 10 2 10 8 10 10
left_child=1 2 8 4 7 -2 10 -3 -1 -8 -4 -7 -13 -14
right_child=5 3 6 -5 -6 11 9 -9 -10 -11 -12 12 13 -15
leaf_value=-0.063933335475706995 -0.69466009877208545 0.48571411223388039 0.16413431397819964 -0.015900323424824777 1.8175717149370021 0.98656011585968562 0.030071536026191899 -0.96403938315535109 -0.62413048793335302 -0.37824471234700063 -0.014815445376215238 -0.038031950789926501 0.14833955343233554 -0.23397697652053193
leaf_weight=4064 120 1476 1439 290 186 51 286 36 827 151 408 562 153 42
leaf_count=4064 120 1476 1439 290 186 51 286 36 827 151 408 562 153 42
internal_value=0.000104043 0.000710388 -0.000430602 0.00482655 0.00670983 -0.00587729 0.00343982 0.0049967 -0.00223835 -0.00431507 0.00527597 -0.00341162 -0.00478892 0.00443878
internal_weight=10091 9163 7175 1988 1698 928 2284 1512 4891 437 1847 808 757 195
internal_count=10091 9163 7175 1988 1698 928 2284 1512 4891 437 1847 808 757 195
is_linear=0
shrinkage=0.03


Tree=108
num_leaves=15
num_cat=0
split_feature=1 2 2 18 2 35 2 2 2 16 38 12 26 6
split_gain=37.9261 30.7073 43.6172 34.4209 47.7841 50.8338 45.6389 26.7509 26.7086 47.4431 26.418 25.9383 24.8808 31.1755
threshold=11.092311158333336 20.841666666666672 17.841666666666672 2430.8287427768059 12.675000000000002 3636.1355648996887 14.091666666666669 14.841666666666669 6.2750000000000012 5.5000000000000009 -91.499999999999986 34.500000000000007 37.566423880000009 9.5000000000000018
decision_type=2 2 2 10 2 10 2 2 2 10 10 10 2 2
left_child=1 2 3 6 8 7 -1 -6 -5 -10 -8 -4 -2 -14
right_child=12 -3 11 4 5 -7 10 -9 9 -11 -12 -13 13 -15
leaf_value=0.26146246373798554 0.00075070826525150847 -0.032892764007532556 1.7381746129102826 -0.0017016642601218105 0.27500045505251092 0.58417073891233673 -0.69947344455051641 -0.57309807149879954 1.0817005574137224 -0.71361628595124638 0.012340039288644923 0.6975938080696249 -0.23032561151589073 0.74583231273449635
leaf_weight=2440 2114 572 220 594 87 276 223 156 81 635 656 413 1448 130
leaf_count=2440 2114 572 220 594 87 276 223 156 81 635 656 413 1448 130
internal_value=0.000403146 0.00180831 0.00246455 0.00154982 -0.0017541 0.00594231 0.00337048 -0.00405738 -0.00480549 -0.00870293 -0.00248864 0.00988959 -0.00201462 -0.00486384
internal_weight=10045 6353 5781 5148 1829 519 3319 243 1310 716 879 633 3692 1578
internal_count=10045 6353 5781 5148 1829 519 3319 243 1310 716 879 633 3692 1578
is_linear=0
shrinkage=0.03


Tree=109
num_leaves=15
num_cat=0
split_feature=5 14 39 36 18 40 2 34 36 16 31 39 19 2
split_gain=37.1977 41.0271 37.3867 49.3815 34.2041 31.481 34.1032 26.618 27.414 29.8408 25.482 37.9413 22.1703 29.5193
threshold=5.5000000000000009 3.0000000000000018 26.148098799708336 19.075564011959774 49.051504179131278 116.50000000000001 7.3416666666666677 4041.0586570270002 34.854978354978364 15.500000000000002 -86.499999999999986 289.62509139110006 67.496483777191685 14.925000000000002
decision_type=2 10 8 10 10 10 2 10 10 8 2 10 8 2
left_child=2 -2 3 -1 -3 7 -7 8 -4 -10 -8 -12 -9 -14
right_child=1 4 5 -5 -6 6 10 12 9 -11 11 -13 13 -15
leaf_value=1.7158007127814441 -0.019478771108735662 0.38761774383910119 -0.01381778462189648 -1.7263491072955146 -1.2698643828655169 -0.51590358398384417 1.4275313501031379 1.5242447379270869 0.00594556844263392 0.95123953776734005 0.3991562988563257 -0.93887515387829401 0.88013249382458436 -1.6578319885040267
leaf_weight=163 463 39 7736 32 265 112 201 70 128 103 626 48 37 30
leaf_count=163 463 39 7736 32 265 112 201 70 128 103 626 48 37 30
internal_value=0.000134275 -0.00621094 0.000658986 0.0136224 -0.0147541 0.000379454 0.00543522 -0.000236891 -0.000463102 0.00969828 0.00743151 0.00462222 0.0128261 0.000441176
internal_weight=10053 767 9286 195 304 9091 987 8104 7967 231 875 674 137 67
internal_count=10053 767 9286 195 304 9091 987 8104 7967 231 875 674 137 67
is_linear=0
shrinkage=0.03


Tree=110
num_leaves=15
num_cat=0
split_feature=0 32 14 0 16 26 13 27 27 6 18 26 37 21
split_gain=49.5732 70.0443 42.3428 34.4548 33.951 30.6438 39.6453 35.1888 49.0526 90.5008 54.8702 42.0595 38.2228 39.8048
threshold=297.50000000000006 103.50000000000001 -16.499999999999982 -260.99999999999994 20.500000000000004 37.479357640000011 -13.499999999999998 55.653688130000006 55.688671190000008 6.5000000000000009 2441.4905957309993 37.48296091000001 81.177827455905984 40.050000000000004
decision_type=2 2 8 2 8 2 8 2 2 2 10 2 8 10
left_child=3 -2 -3 -1 -4 6 -5 -7 9 -9 -10 -11 -13 -14
right_child=1 2 4 5 -6 7 -8 8 10 11 -12 12 13 -15
leaf_value=4.1891021118010343 -3.1723722919610782 -1.9744424237877365 0.40789175184541643 0.9852389994704942 -1.1397203549291333 0.037356472921963993 0.029527549718924125 -1.6556679667701877 0.081101121657980918 -0.86245575183439738 -0.12327153561888247 -0.26679923248071075 0.1600616294917161 -0.11643675944487039
leaf_weight=37 190 47 221 439 84 2774 2627 363 1238 195 698 782 304 39
leaf_count=37 190 47 221 439 84 2774 2627 363 1238 195 698 782 304 39
internal_value=0.000197231 -0.00861878 -0.000679887 0.000701274 0.00343137 0.000586681 0.00305184 -0.000595871 -0.0025442 -0.0062886 0.000712442 -0.00263437 -0.000399645 0.00793605
internal_weight=10038 542 352 9496 305 9459 3066 6393 3619 1683 1936 1320 1125 343
internal_count=10038 542 352 9496 305 9459 3066 6393 3619 1683 1936 1320 1125 343
is_linear=0
shrinkage=0.03


Tree=111
num_leaves=15
num_cat=0
split_feature=27 0 0 39 24 38 0 32 14 38 27 38 32 2
split_gain=44.2489 50.445 49.2682 41.8332 31.8383 31.3622 30.6632 49.1851 38.51 36.3451 48.0043 32.1771 29.116 44.9196
threshold=55.644023925000006 5.5000000000000009 -206.49999999999997 23.614765466375005 345.50000000000006 213.50000000000003 346.50000000000006 149.50000000000003 3.5999999999999961 45.500000000000007 55.702370685000005 -167.99999999999997 -299.49999999999994 12.341666666666669
decision_type=2 2 2 8 10 10 2 2 10 8 2 10 2 2
left_child=2 -2 -1 -3 12 -6 9 -8 -9 10 -5 -12 -4 -14
right_child=1 3 4 6 5 -7 7 8 -10 -11 11 -13 13 -15
leaf_value=2.9809138222260101 0.010302080749625304 1.352965297748014 0.45592393618514548 -0.83658207927936545 -0.0063005247037377105 -3.091947779513919 -3.7041225874962236 -1.8529505338044043 0.22770670701417059 -0.052282643312751988 1.1647959515353579 -0.31851522396579485 -0.11865792433715308 0.26604428075193354
leaf_weight=76 3079 84 593 717 255 76 114 40 57 2012 78 488 1180 1198
leaf_count=76 3079 84 593 717 255 76 114 40 57 2012 78 488 1180 1198
internal_value=-2.6871e-05 -0.00144378 0.00277005 -0.00385965 0.00221617 -0.00659639 -0.0043627 -0.0154245 0.000306122 -0.00364988 -0.00759346 -0.0010582 0.00319987 0.00171501
internal_weight=10047 6669 3378 3590 3302 331 3506 211 97 3295 1283 566 2971 2378
internal_count=10047 6669 3378 3590 3302 331 3506 211 97 3295 1283 566 2971 2378
is_linear=0
shrinkage=0.03


Tree=112
num_leaves=15
num_cat=0
split_feature=6 18 27 25 27 27 27 15 27 9 9 20 20 9
split_gain=42.5803 60.0941 53.582 45.9198 46.2344 52.9238 37.6386 67.5447 36.0331 48.7893 70.8446 34.257 33.2281 31.6533
threshold=7.5000000000000009 1532.6541134649704 55.739195915000003 242.50000000000003 55.568546850000011 55.62614872000001 55.697012170000008 574.14356347600017 55.644023925000006 50.01527559118334 33.902121254808343 0.36681818181818188 11.93063352044908 297.50000000000006
decision_type=2 8 2 2 2 2 2 10 2 8 10 10 8 8
left_child=3 2 -2 4 -1 11 7 8 12 10 -10 -6 -7 -8
right_child=1 -3 -4 -5 5 6 13 -9 9 -11 -12 -13 -14 -15
leaf_value=-1.5069733183443219 0.31749404102608725 0.00038075850370130552 2.6567511674321125 -1.1607872078329728 -0.046069286459348942 0.26362285662066343 0.0059624530297336196 0.11536731832868799 -1.0461917153059135 -1.2794637514314104 0.61594649663954815 0.72072569363827743 -0.45779987038345776 0.86148538576058997
leaf_weight=203 1244 3497 151 409 197 324 1922 244 438 358 223 384 372 111
leaf_count=203 1244 3497 151 409 197 324 1922 244 438 358 223 384 372 111
internal_value=0.000187537 0.00219497 0.00745702 -0.00170652 -0.000879213 -0.000255794 -0.0014876 -0.00445408 -0.00655594 -0.0101471 -0.00530211 0.00819588 -0.00129125 0.00137168
internal_weight=10077 4892 1395 5185 4776 4573 3992 1959 1715 1019 661 581 696 2033
internal_count=10077 4892 1395 5185 4776 4573 3992 1959 1715 1019 661 581 696 2033
is_linear=0
shrinkage=0.03


Tree=113
num_leaves=15
num_cat=0
split_feature=2 5 2 37 14 26 23 26 13 39 38 39 15 26
split_gain=39.1177 46.4324 38.3799 33.3546 35.5233 52.4602 44.2482 34.3196 41.2034 39.8902 43.3632 29.7951 32.153 29.4116
threshold=20.925000000000004 1.5000000000000002 2.5916666666666672 19.405189339383245 3.5999999999999961 37.414099515000011 0.95617236521961846 37.481214500000007 -25.499999999999996 142.96666666666667 46.500000000000007 140.65833333333336 785.51096693200009 37.445535565000007
decision_type=2 2 2 8 10 2 2 2 10 8 10 10 8 2
left_child=1 2 -1 4 7 -6 -7 8 -3 10 11 12 -9 -10
right_child=-2 3 -4 -5 5 6 -8 9 13 -11 -12 -13 -14 -15
leaf_value=-0.16900650005574322 -0.034253051310715842 1.2701002506847956 0.16691304749710073 0.035482840112231684 0.93749513038617704 -0.83806287614252506 0.067223951750402508 -0.31847594724314754 -0.16091360543209332 -0.4648821475954924 0.47018914791619942 0.26233987100418471 1.0322608008499232 0.29134419281106333
leaf_weight=147 816 249 3258 2255 102 1095 166 563 333 606 292 30 35 136
leaf_count=147 816 249 3258 2255 102 1095 166 563 333 606 292 30 35 136
internal_value=5.05752e-05 0.000605309 0.00339107 -0.00101313 -0.00280211 -0.00662023 -0.00829635 -0.000481069 0.0049235 -0.00302554 0.000912052 -0.00352941 -0.00500835 -0.000319149
internal_weight=10083 9267 3405 5862 3607 1363 1261 2244 718 1526 920 628 598 469
internal_count=10083 9267 3405 5862 3607 1363 1261 2244 718 1526 920 628 598 469
is_linear=0
shrinkage=0.03


Tree=114
num_leaves=15
num_cat=0
split_feature=31 25 6 24 26 26 36 30 15 2 27 5 2 3
split_gain=35.6601 35.4923 34.6226 34.6716 26.0034 35.6857 32.7858 36.5006 31.2976 30.8218 30.6672 30.634 51.2782 36.5737
threshold=-200.99999999999997 393.50000000000006 9.5000000000000018 1349.5000000000002 37.479357640000011 37.48296091000001 19.543537414965989 2040.0000000000002 277.06170640000005 15.425000000000002 55.644089160000007 6.5000000000000009 7.8416666666666677 1.0000000180025095e-35
decision_type=2 2 2 10 2 2 10 2 10 2 2 2 2 2
left_child=-1 2 4 -4 11 -6 8 -8 -7 -10 -11 13 -13 -2
right_child=1 -3 3 -5 5 6 7 -9 9 10 -12 12 -14 -15
leaf_value=0.87004603507870926 0.36929524852447937 -1.4302319522793332 0.82027252126526551 -0.033561120426081593 -0.58636163449048384 -0.00027909222245081123 -0.12650295315481097 13.572032851239033 0.24104660781965859 -0.48832563858343775 0.32975405365060134 0.33675806408504394 -0.57821801299375131 -0.023821599799775158
leaf_weight=239 2329 167 507 130 277 1772 3359 31 312 85 81 49 159 562
leaf_count=239 2329 167 507 130 277 1772 3359 31 312 85 81 49 159 562
internal_value=0.000199801 -7.94216e-05 0.000158484 0.00691223 -0.000319397 -0.0014853 -0.000967913 -0.00283102 0.00183918 0.00864301 -0.00179641 0.00190645 -0.0091866 0.00270747
internal_weight=10059 9820 9653 637 9016 5917 5640 3390 2250 478 166 3099 208 2891
internal_count=10059 9820 9653 637 9016 5917 5640 3390 2250 478 166 3099 208 2891
is_linear=0
shrinkage=0.03


Tree=115
num_leaves=15
num_cat=0
split_feature=0 10 36 41 0 0 40 20 1 20 2 27 36 34
split_gain=41.7625 36.8397 29.7446 28.4601 25.7244 25.5948 26.0151 35.0961 29.4657 31.9322 29.0185 28.7911 25.4182 23.3
threshold=11.500000000000002 0.75000000000000011 35.739278131634826 -185.49999999999997 -260.99999999999994 580.50000000000011 -29.499999999999996 16.89237451737452 12.237888300000002 25.55931034482759 15.425000000000002 55.63585247000001 29.192234848484851 1931.9433181160002
decision_type=2 10 10 8 2 2 8 8 2 8 2 2 10 8
left_child=4 2 3 -2 -1 6 7 10 9 -8 -5 -10 -9 -13
right_child=1 -3 -4 5 -6 -7 8 12 11 -11 -12 13 -14 -15
leaf_value=3.9349841756043289 0.61210935860643134 -0.58816851353005795 0.77597049897667247 -0.29413468259844588 0.025870600627629314 -9.1616900023866439 0.092585077491837281 0.25126899201208758 0.13366357473800605 -0.63644290637935108 -1.1930419889482804 0.12175394009598645 -1.5952255047521917 -0.90873281118143789
leaf_weight=31 149 158 82 691 4625 34 2825 390 79 291 292 34 56 317
leaf_count=31 149 158 82 691 4625 34 2825 390 79 291 292 34 56 317
internal_value=0.000173048 -0.00162252 -0.00119061 -0.00147703 0.00225467 -0.00186228 -0.00168207 -0.0050979 -0.000304483 0.000712223 -0.0082622 -0.00765661 0.00187919 -0.0113352
internal_weight=10054 5398 5240 5158 4656 5009 4975 1429 3546 3116 983 430 446 351
internal_count=10054 5398 5240 5158 4656 5009 4975 1429 3546 3116 983 430 446 351
is_linear=0
shrinkage=0.03


Tree=116
num_leaves=15
num_cat=0
split_feature=39 36 27 38 25 9 16 16 2 12 27 22 39 9
split_gain=26.6406 44.4368 30.9158 31.1616 36.256 36.0373 41.4775 39.8591 45.5802 31.6822 28.9224 27.9675 27.5091 26.7311
threshold=26.148098799708336 19.021263395375076 55.644023925000006 -18.499999999999996 415.00000000000006 55.907688832983339 28.500000000000004 24.500000000000004 15.841666666666669 -37.499999999999993 55.731569795000006 0.059714795008912663 143.33333333333334 103.13735140355836
decision_type=8 10 2 8 2 10 8 8 2 8 2 10 10 8
left_child=1 -1 -2 5 9 7 -7 8 11 10 -5 -4 -9 -11
right_child=2 -3 3 4 -6 6 -8 12 -10 13 -12 -13 -14 -15
leaf_value=1.4132742770637154 0.061786096224813784 -1.6513134699267289 0.13659830446017798 0.11798435926540783 -6.7141314425733558 -1.6326574980344761 0.24995870974797479 0.66640553894944476 -1.0738303795185837 -0.01574913455964877 0.79117572621326049 -0.24582111590297334 -0.64688634725587835 0.32905192509004427
leaf_weight=189 3386 32 67 729 41 224 61 239 362 3461 227 615 63 321
leaf_count=189 3386 32 67 729 41 224 61 239 362 3461 227 615 63 321
internal_value=0.000128768 0.0104054 -0.000104114 -0.00132897 -0.000106695 -0.00490809 -0.0145804 -0.00285078 -0.00562679 0.00013927 0.00501567 -0.00105417 0.00673267 -0.00109437
internal_weight=10017 221 9796 6410 4779 1631 285 1346 1044 4738 956 682 302 3782
internal_count=10017 221 9796 6410 4779 1631 285 1346 1044 4738 956 682 302 3782
is_linear=0
shrinkage=0.03


Tree=117
num_leaves=15
num_cat=0
split_feature=0 6 2 26 12 40 41 36 6 10 20 0 10 39
split_gain=33.2729 43.2082 44.5016 40.0417 42.2235 40.4941 38.0273 28.9434 32.4952 50.4124 41.9149 35.1887 34.0726 30.6499
threshold=143.50000000000003 4.5000000000000009 7.9250000000000016 37.533866470000014 -72.499999999999986 -228.49999999999997 250.50000000000003 26.69082597730139 8.5000000000000018 1.0000000180025095e-35 4.3249011857707513 63.500000000000007 0.75000000000000011 60.969059391266676
decision_type=2 2 2 2 8 8 10 10 2 10 10 2 8 8
left_child=3 2 -2 4 -1 -6 -3 8 10 -10 11 -5 13 -12
right_child=1 6 -4 7 5 -7 -8 -9 9 -11 12 -13 -14 -15
leaf_value=0.78062062989658698 0.12406617804152546 -0.36490296239494907 -1.4767138059092848 0.035954347512665595 0.59983451267295862 0.019432305588476289 0.5957175119233965 -0.13335554033169689 0.57344623078327861 -0.024262293387176202 0.22157884950391471 -0.6422777245914989 0.090162172739951779 -0.60384397082308361
leaf_weight=507 61 1255 248 775 115 3177 394 288 906 213 308 103 223 1445
leaf_count=507 61 1255 248 775 115 3177 394 288 906 213 308 103 223 1445
internal_value=0.000137738 -0.00336907 -0.0136452 0.000989952 0.00322895 0.00198603 -0.00143636 -0.00100657 -0.000339708 0.00399107 -0.00203853 0.00341297 -0.00446131 -0.00586659
internal_weight=10018 1958 309 8060 3799 3292 1649 4261 3973 1119 2854 878 1976 1753
internal_count=10018 1958 309 8060 3799 3292 1649 4261 3973 1119 2854 878 1976 1753
is_linear=0
shrinkage=0.03


Tree=118
num_leaves=15
num_cat=0
split_feature=6 3 12 36 30 12 14 26 39 23 34 10 36 18
split_gain=28.8074 48.0961 38.0571 38.5966 35.2152 32.3713 31.5553 27.2646 25.1642 28.3996 24.7295 22.8362 31.0162 34.9882
threshold=8.5000000000000018 1.0000000180025095e-35 313.50000000000006 14.141196013289038 330.00000000000006 -255.49999999999997 3.8000000000000118 37.733506195000011 151.89166666666668 0.5110154418303825 1628.0000000000002 1.0000000180025095e-35 35.739278131634826 2403.3974140303649
decision_type=2 2 10 10 2 8 8 2 8 2 10 8 10 10
left_child=2 7 5 -4 6 -1 -5 8 9 -2 -9 12 13 -7
right_child=1 -3 3 4 -6 11 -8 10 -10 -11 -12 -13 -14 -15
leaf_value=0.52687043364083719 3.0789076849570058 -0.021143042887293417 0.56884955591059105 -1.7223911709873203 -3.7878100405061148 -0.0088990308483721491 0.027621443335822764 1.6770944220023327 -0.15735499484819718 0.34462327064647447 -0.41166529451733935 0.01817317791972476 1.1325767108835609 -0.44663823308377754
leaf_weight=207 69 451 37 80 110 3697 134 145 462 1186 44 1380 68 1981
leaf_count=207 69 451 37 80 110 3697 134 145 462 1186 44 1380 68 1981
internal_value=-0.000140271 0.00276081 -0.00102924 -0.0105249 -0.0138462 -0.000560404 -0.00669767 0.00484531 0.00364959 0.00585191 0.0156316 -0.0009008 -0.00173308 -0.0019757
internal_weight=10051 2357 7694 361 324 7333 214 1906 1717 1255 189 7126 5746 5678
internal_count=10051 2357 7694 361 324 7333 214 1906 1717 1255 189 7126 5746 5678
is_linear=0
shrinkage=0.03


Tree=119
num_leaves=15
num_cat=0
split_feature=0 37 13 39 14 0 13 39 39 9 8 9 35 16
split_gain=34.7382 36.2471 42.2032 29.2645 42.5019 29.1704 28.6823 43.27 41.5189 33.1355 40.7012 28.2721 27.2948 32.0825
threshold=11.500000000000002 92.06270707875116 285.50000000000006 138.20833333333334 4.1999999999999833 -260.99999999999994 104.50000000000001 77.924537077183359 70.641666666666694 68.026028440000019 9.5000000000000018 48.974214364491672 341.76801997315658 20.500000000000004
decision_type=2 10 10 10 10 2 8 8 10 10 2 10 8 10
left_child=5 2 6 -3 -5 -1 7 8 9 10 11 -2 13 -7
right_child=1 3 -4 4 -6 12 -8 -9 -10 -11 -12 -13 -14 -15
leaf_value=3.6078479641839722 -0.19633214364195314 0.0058324476950612648 -1.8270818578140606 -0.10835913793653773 1.9891341687914026 -0.3194020999422193 0.022827202128715481 -0.46744456204790186 1.1833555330714765 1.1285711450022515 -1.4390856189273207 1.4788541967887796 0.022683594235461173 0.57609136224611635
leaf_weight=34 557 1359 164 158 167 246 1396 1252 134 60 90 44 4285 53
leaf_count=34 557 1359 164 158 167 246 1396 1252 134 60 90 44 4285 53
internal_value=-5.1e-05 -0.00168896 -0.00335046 0.00195846 0.0100307 0.00185754 -0.00265705 -0.00484097 0.00023702 -0.0025133 -0.00437861 -0.00154485 0.00164885 -0.0071
internal_weight=9999 5381 3697 1684 325 4618 3533 2137 885 751 691 601 4584 299
internal_count=9999 5381 3697 1684 325 4618 3533 2137 885 751 691 601 4584 299
is_linear=0
shrinkage=0.03


Tree=120
num_leaves=15
num_cat=0
split_feature=0 25 37 18 27 24 39 36 2 9 37 2 2 2
split_gain=35.3774 32.4001 31.8268 33.028 39.2992 37.5824 35.0233 47.2392 33.7362 49.986 35.8191 30.946 34.9492 37.7986
threshold=11.500000000000002 393.50000000000006 109.81704303176663 2403.3974140303649 55.616008930000007 345.50000000000006 77.924537077183359 19.449719101123598 15.091666666666669 78.041758057766671 -66.399656488936429 21.675000000000004 12.758333333333335 19.958333333333336
decision_type=2 2 10 8 2 10 8 8 2 10 8 2 2 2
left_child=-1 2 3 4 -2 8 7 -5 -6 10 -10 12 -4 -14
right_child=1 -3 11 6 5 -7 -8 -9 9 -11 -12 -13 13 -15
leaf_value=0.020821504619847671 0.71872293740644522 -2.2276398270952469 -0.07856324052675262 -1.6972320250176582 0.041011266674846746 -0.56313233197997126 -0.71010867699300406 0.4817233917091906 -1.1352089470416686 0.44943224337886362 -0.038988247877018371 -0.63055571705759972 1.3581344289055002 -0.16307518924864603
leaf_weight=4635 237 133 593 72 1657 83 865 286 283 127 182 80 495 239
leaf_count=4635 237 133 593 72 1657 83 865 286 283 127 182 80 495 239
internal_value=-0.000111356 -0.00177761 -0.00140192 -0.00283153 -0.000898833 -0.00208315 -0.00688725 0.00100279 -0.00134667 -0.00748735 -0.0120386 0.00245028 0.00354669 0.00791837
internal_weight=9967 5332 5199 3792 2569 2332 1223 358 2249 592 465 1407 1327 734
internal_count=9967 5332 5199 3792 2569 2332 1223 358 2249 592 465 1407 1327 734
is_linear=0
shrinkage=0.03


Tree=121
num_leaves=15
num_cat=0
split_feature=0 39 17 9 0 39 14 16 41 39 36 27 27 18
split_gain=38.5085 38.1317 31.6573 28.7396 28.5782 27.0716 28.4978 29.2874 25.0377 24.1453 36.0866 23.6465 45.5147 42.6091
threshold=-92.499999999999986 134.90842472443336 -85.073156499999996 81.01527559118334 580.50000000000011 294.57299734850841 0.3999999999999973 13.500000000000002 37.500000000000007 26.148098799708336 19.021263395375076 55.644023925000006 55.688671190000008 3960.1313983729383
decision_type=2 8 10 10 2 10 10 10 8 8 10 2 2 10
left_child=1 8 3 -3 5 9 -7 -8 -1 10 -2 -11 13 -13
right_child=4 2 -4 -5 -6 6 7 -9 -10 11 -12 12 -14 -15
leaf_value=0.71003535954596309 1.3586492284990959 -0.42880517780320054 1.1394450284455759 1.6416906229320039 -8.1430934406588449 -0.9484640294041804 -1.2999126668796295 0.39849570216954833 2.3614758620903533 0.049423483130010638 -1.0256135993836113 -0.41390979086719526 0.016998988117570991 0.02076018700523315
leaf_weight=378 183 257 88 38 34 170 68 136 110 2988 33 1828 3372 295
leaf_count=378 183 257 88 38 34 170 68 136 110 2988 33 1828 3372 295
internal_value=0.000204429 0.00622706 -0.000859375 -0.00557432 -0.0003722 -0.000267798 -0.00816 -0.000585366 0.0117791 7.24138e-05 0.00995392 -0.000180339 -0.00134825 -0.00478814
internal_weight=9978 871 383 295 9107 9073 374 204 488 8699 216 8483 5495 2123
internal_count=9978 871 383 295 9107 9073 374 204 488 8699 216 8483 5495 2123
is_linear=0
shrinkage=0.03


Tree=122
num_leaves=15
num_cat=0
split_feature=0 7 2 9 26 9 10 39 0 27 35 18 26 0
split_gain=43.5969 59.5402 40.6906 41.7706 38.6345 40.0917 43.8675 39.0557 38.3947 37.7852 36.4099 41.1815 42.3001 40.9883
threshold=319.50000000000006 1.0000000180025095e-35 16.008333333333336 16.518114693200005 37.479357640000011 70.01527559118334 0.91666666666666685 142.00114363769168 -126.49999999999999 55.588231310000005 3855.8641233939561 2497.0220396626605 37.671347040000008 -20.499999999999996
decision_type=2 2 2 10 2 10 10 8 2 2 10 10 2 2
left_child=4 2 3 -2 -1 7 -7 8 -6 -4 11 12 13 -9
right_child=1 -3 9 -5 5 6 -8 10 -10 -11 -12 -13 -14 -15
leaf_value=0.069826390124458113 0.23227937160161147 -3.0373267068083258 -0.58193128526801674 -1.7251249270395423 1.0393633850748234 0.34794058217986673 -0.04876096302631918 0.8206453102601039 -0.016793987044182713 1.4431337117041751 0.015710335372939928 -1.457169804770905 -0.52223760264024155 -0.0083445226387788441
leaf_weight=3041 63 163 50 92 218 864 193 128 3309 94 436 326 681 353
leaf_count=3041 63 163 50 92 218 864 193 128 3309 94 436 326 681 353
internal_value=-8.09029e-05 -0.00907127 -0.0011 -0.0117308 0.000354974 -0.000949455 0.00439509 -0.00198643 -0.000110544 0.0103448 -0.00542338 -0.00765615 -0.0050043 0.00180498
internal_weight=10011 462 299 155 9549 6508 1057 5451 3527 144 1924 1488 1162 481
internal_count=10011 462 299 155 9549 6508 1057 5451 3527 144 1924 1488 1162 481
is_linear=0
shrinkage=0.03


Tree=123
num_leaves=15
num_cat=0
split_feature=1 2 2 6 23 36 38 38 27 26 9 9 27 6
split_gain=30.4701 50.6203 35.8878 37.4354 43.5269 30.4426 29.681 28.841 27.8629 27.5631 26.8513 30.8079 30.3108 26.3397
threshold=11.108811808333334 20.925000000000004 2.4250000000000003 7.5000000000000009 0.91318840579710148 18.675381635907957 76.500000000000014 50.500000000000007 55.643770265000008 37.47437934500001 59.602921675050005 33.902121254808343 55.613994790000007 9.5000000000000018
decision_type=2 2 2 2 2 10 10 10 2 2 10 8 2 2
left_child=1 2 -1 4 5 7 13 -4 -2 -10 11 -7 -13 -5
right_child=8 -3 3 6 -6 10 -8 -9 9 -11 -12 12 -14 -15
leaf_value=-0.067614884106388246 0.043406510628492337 -0.032387606614724555 0.16213875342895273 0.030571409698492806 0.17169972642910475 -0.33078490062711485 0.67142567193453961 -0.22023707664147252 -0.0019185873721812236 -0.29283957737289523 -0.9175180631487202 -2.7316048565817717 0.23656952521237826 1.0827492297610009
leaf_weight=179 1222 534 200 1580 1316 635 914 135 959 1503 173 51 385 209
leaf_count=179 1222 534 200 1580 1316 635 914 135 959 1503 173 51 385 209
internal_value=-6.30252e-05 0.00120247 0.00201973 0.00244329 7.25138e-05 -0.00328481 0.00498151 0.00473214 -0.00223066 -0.00406821 -0.00544578 -0.00366604 0.0024714 0.00273184
internal_weight=9995 6311 5777 5598 2895 1579 2703 335 3684 2462 1244 1071 436 1789
internal_count=9995 6311 5777 5598 2895 1579 2703 335 3684 2462 1244 1071 436 1789
is_linear=0
shrinkage=0.03


Tree=124
num_leaves=15
num_cat=0
split_feature=0 30 0 14 26 9 37 27 26 0 26 27 39 32
split_gain=41.6635 47.5757 36.2765 31.1004 30.8756 33.7398 36.167 50.3259 38.5534 39.8419 35.1032 37.8249 33.0169 30.8029
threshold=319.50000000000006 1.0000000180025095e-35 -260.99999999999994 -10.600000000000014 37.479357640000011 42.01527559118334 -26.847990317494858 55.687883890000009 37.511715455000008 11.500000000000002 37.624665930000006 55.644089160000007 142.96666666666667 88.500000000000014
decision_type=2 2 2 8 2 10 8 2 2 2 2 2 10 2
left_child=2 3 -1 -2 -4 6 7 -6 -9 -10 11 -8 -12 -7
right_child=1 -3 4 -5 5 13 10 8 9 -11 12 -13 -14 -15
leaf_value=3.3018818319778065 -1.3443588975910206 -2.9999085828671728 0.05662840061207873 0.10750069806752362 -0.67987073268970111 0.0091890053125425197 0.3467537780705236 0.96943335335510494 0.11564649205537687 -1.4102229254712146 0.14478800240070225 -0.068654995498668492 -0.71872885719528279 0.60953210654374657
leaf_weight=38 52 154 3099 238 954 2415 263 138 381 149 1043 736 176 214
leaf_count=38 52 154 3099 238 954 2415 263 138 381 149 1043 736 176 214
internal_value=-5.96956e-05 -0.00903371 0.00035599 -0.00185567 0.000238269 -0.000941267 -0.00273366 -0.00613678 0.000179372 -0.00350282 -0.000243353 -0.00441 0.00317213 0.00167681
internal_weight=10050 444 9606 290 9568 6469 3840 1622 668 530 2218 999 1219 2629
internal_count=10050 444 9606 290 9568 6469 3840 1622 668 530 2218 999 1219 2629
is_linear=0
shrinkage=0.03


Tree=125
num_leaves=15
num_cat=0
split_feature=0 3 27 0 26 36 18 27 30 34 37 0 12 2
split_gain=42.3203 39.7619 34.6457 34.3161 35.2053 36.1373 32.5006 35.9832 32.4896 30.6867 30.5147 49.3831 30.0057 30.1581
threshold=178.50000000000003 1.0000000180025095e-35 55.741697860000009 -260.99999999999994 37.479357640000011 15.397368421052635 2416.8697342295809 55.625296430000006 570.00000000000011 808.68499447300007 -44.989943817970634 -1.4999999999999998 -133.49999999999997 9.8583333333333361
decision_type=2 2 2 2 2 10 10 2 2 10 10 2 10 2
left_child=3 2 -2 -1 5 -5 10 -8 12 -10 -6 -12 -7 -14
right_child=1 -3 -4 4 6 8 7 -9 9 -11 11 -13 13 -15
leaf_value=3.4334572308703235 -0.38337083058642235 -1.6434733273223128 1.2898666964047216 -0.028151973004681037 -0.0073468012634965302 1.2428881482703231 0.29036469100102519 -0.12084185014132159 -0.96012836140791902 0.26378647030465263 1.132687678477194 0.04869377821796473 0.0048045262520089605 0.34346702987881977
leaf_weight=37 1193 155 151 412 3112 173 195 1581 90 51 291 774 726 1063
leaf_count=37 1193 155 151 412 3112 173 195 1581 90 51 291 774 726 1063
internal_value=-5.3973e-05 -0.0047 -0.00303346 0.000765342 0.00063762 0.00361288 -0.000619751 -0.00401801 0.00520437 -0.00866197 0.000825754 0.00520638 0.00620479 0.00504469
internal_weight=10004 1499 1344 8505 8468 2515 5953 1776 2103 141 4177 1065 1962 1789
internal_count=10004 1499 1344 8505 8468 2515 5953 1776 2103 141 4177 1065 1962 1789
is_linear=0
shrinkage=0.03


Tree=126
num_leaves=15
num_cat=0
split_feature=0 7 39 0 21 36 2 2 38 20 2 13 39 2
split_gain=38.1419 56.6027 30.5331 31.0193 38.6561 48.1045 32.8777 31.199 37.6423 29.0181 28.6861 28.6056 28.1767 37.5816
threshold=346.50000000000006 1.0000000180025095e-35 142.96666666666667 -9.4999999999999982 21.750000000000004 19.021263395375076 8.9250000000000025 17.841666666666672 12.500000000000002 16.758098223615466 18.425000000000004 257.50000000000006 26.974052334508336 6.5916666666666677
decision_type=2 2 10 2 8 8 2 2 10 10 2 10 8 2
left_child=2 10 3 4 5 -1 -6 8 -7 -10 -2 -4 13 -5
right_child=1 -3 11 12 6 7 -8 -9 9 -11 -12 -13 -14 -15
leaf_value=0.9614476789655102 -0.52896152569328958 -2.9791627250718582 -0.048182955844731583 -1.6369891377568646 0.41345640916037296 -0.076492142341023361 -0.31141661914893692 0.81666810480752949 0.96968484317498094 -0.77619508622782152 0.79102595189514446 -2.2226575196918099 -0.0054731237535512881 1.1020352847089414
leaf_weight=294 165 128 1600 43 144 678 360 127 361 81 72 93 5684 214
leaf_count=294 165 128 1600 43 144 678 360 127 361 81 72 93 5684 214
internal_value=-8.36237e-05 -0.00959016 0.000275826 0.00105171 0.00423754 0.00659533 -0.0029703 0.00401442 0.00240856 0.00920993 -0.000882353 -0.00338253 -4.54392e-05 0.00965116
internal_weight=10044 365 9679 7986 2045 1541 504 1247 1120 442 237 1693 5941 257
internal_count=10044 365 9679 7986 2045 1541 504 1247 1120 442 237 1693 5941 257
is_linear=0
shrinkage=0.03


Tree=127
num_leaves=15
num_cat=0
split_feature=0 39 9 19 24 37 37 0 26 40 38 21 14 14
split_gain=36.8116 45.2725 39.8065 32.7218 30.711 32.3799 29.9041 35.4106 37.2524 29.9754 28.6958 28.5004 28.6701 28.4059
threshold=-30.499999999999996 135.65000000000001 78.041758057766671 277.42459113725761 4084.0000000000005 -8.5848437863643863 89.421882139395066 216.50000000000003 37.413741455000007 -391.99999999999994 209.50000000000003 6.9500000000000011 16.049999999999994 12.499999999999998
decision_type=2 10 10 8 10 8 10 2 2 8 10 10 10 8
left_child=1 2 4 10 5 11 7 9 -9 -2 13 -1 -13 -3
right_child=6 3 -4 -5 -6 -7 -8 8 -10 -11 -12 12 -14 -15
leaf_value=0.65518843008760086 0.52449636518815645 -0.5298808220442921 1.5408529418830059 -1.3006920059892975 -0.41213579318289673 1.036102592913803 0.040482402850383001 0.78192013543848515 -1.1569048522505556 -0.01501077580316668 1.5898317539503326 -0.12335170800914536 1.3642698780525817 0.7719509009575849
leaf_weight=427 39 354 117 69 32 257 2142 72 553 5153 54 620 50 98
leaf_count=427 39 354 117 69 32 257 2142 72 553 5153 54 620 50 98
internal_value=0.00011058 0.00366522 0.00640293 -0.00348958 0.00497477 0.0056679 -0.000817839 -0.00193365 -0.00867412 -0.00112074 -0.000828402 0.0034153 -0.000447094 -0.00331126
internal_weight=10037 2078 1503 575 1386 1354 7959 5817 625 5192 506 1097 670 452
internal_count=10037 2078 1503 575 1386 1354 7959 5817 625 5192 506 1097 670 452
is_linear=0
shrinkage=0.03


Tree=128
num_leaves=15
num_cat=0
split_feature=0 12 6 26 27 9 37 27 18 22 37 2 9 38
split_gain=29.0969 28.0254 43.1864 29.1835 35.7793 36.3723 52.1302 34.6684 35.9497 32.3527 31.9199 30.5673 35.2199 44.6165
threshold=-260.99999999999994 301.50000000000006 4.5000000000000009 37.479357640000011 55.653688130000006 58.974214364491672 14.775820903257626 55.676113765000004 2403.3974140303649 0.17108013937282232 230.48309129352927 20.841666666666672 48.017592617533339 -48.499999999999993
decision_type=2 10 2 2 2 10 8 2 10 8 10 2 10 8
left_child=-1 3 -3 9 11 7 -7 -6 -9 -2 -10 12 13 -5
right_child=1 2 -4 4 5 6 -8 8 10 -11 -12 -13 -14 -15
leaf_value=3.5188610999864522 0.48161515911116681 -2.4494860047400238 -0.033165461661881029 0.2452236356073538 -0.38240811810128122 -1.3966176950916949 0.0040176407097178256 0.053665343210649322 -0.36300571399746101 0.036607764558043848 0.032464992288567869 -0.12285641550025218 0.26614270449143684 -0.0703645467145224
leaf_weight=34 395 114 414 310 563 265 228 1781 678 2612 124 226 1238 999
leaf_count=34 395 114 414 310 563 265 228 1781 678 2612 124 226 1238 999
internal_value=0.000123222 2.71411e-05 -0.00669187 0.000404459 -0.000739124 -0.00269505 -0.0102632 -0.0015062 -3.48297e-05 0.00284242 -0.00530511 0.00182769 0.00276688 -0.000664122
internal_weight=9981 9947 528 9419 6412 3639 493 3146 2583 3007 802 2773 2547 1309
internal_count=9981 9947 528 9419 6412 3639 493 3146 2583 3007 802 2773 2547 1309
is_linear=0
shrinkage=0.03


Tree=129
num_leaves=15
num_cat=0
split_feature=2 2 0 9 13 37 12 18 23 27 26 2 27 0
split_gain=30.6003 61.8828 36.7851 40.0492 36.4412 43.4912 51.0233 30.3984 33.9076 38.0431 51.2406 28.3078 44.1634 44.0793
threshold=20.508333333333336 17.841666666666672 319.50000000000006 16.518114693200005 292.50000000000006 -206.96591183783934 352.50000000000006 1641.4740698522235 0.84494900437105402 55.644089160000007 37.737809875000004 15.841666666666669 55.613787210000005 -46.499999999999993
decision_type=2 2 2 10 10 8 10 10 2 2 2 2 2 2
left_child=1 2 11 -4 7 -6 -7 -3 -9 -10 -11 -1 -13 -14
right_child=-2 4 3 -5 5 6 -8 8 9 10 -12 12 13 -15
leaf_value=0.014116054836510987 -0.025797837956455395 2.0670007800853658 0.28459635435709429 -1.610720892153096 -1.9172559298475829 -1.7775221902029836 1.7119434670499591 3.6079158146040209 1.3279636157569847 -1.0137843689845036 3.0602825235498328 3.0623246537095836 0.17739719986440911 -0.34201192306869388
leaf_weight=7018 968 194 64 152 47 55 76 79 180 163 37 33 265 748
leaf_count=7018 968 194 64 152 47 55 76 79 180 163 37 33 265 748
internal_value=-8.92857e-06 0.00053007 -0.000253593 -0.0124424 0.00832933 -0.00368715 0.00522727 0.0116055 0.00736957 0.00362205 -0.00537313 7.43955e-05 -0.00452722 -0.00565089
internal_weight=10079 9111 8280 216 831 178 131 653 459 380 200 8064 1046 1013
internal_count=10079 9111 8280 216 831 178 131 653 459 380 200 8064 1046 1013
is_linear=0
shrinkage=0.03


Tree=130
num_leaves=15
num_cat=0
split_feature=1 18 37 39 0 36 6 12 10 39 39 35 41 0
split_gain=36.9317 24.6687 37.7798 33.9763 41.5395 26.642 27.3528 25.628 23.4898 25.1282 46.926 22.8149 22.162 21.4579
threshold=11.108811808333334 2430.8287427768059 120.75010174635493 26.974052334508336 -48.499999999999993 33.278297872340438 6.5000000000000009 -127.49999999999999 1.0000000180025095e-35 77.924537077183359 62.991666666666674 2725.537344027091 -32.499999999999993 234.50000000000003
decision_type=2 8 10 8 2 10 2 8 10 8 10 10 8 2
left_child=1 3 8 -1 7 6 -6 -5 9 10 12 -8 -3 -2
right_child=13 2 -4 4 5 -7 11 -9 -10 -11 -12 -13 -14 -15
leaf_value=1.4708295019002222 -0.025828852709512445 0.25672159213146345 0.087597825617427391 0.11258727302488697 -0.13733687902216402 0.35658910967761986 -0.022863477653099692 1.0081738245344813 0.0049922710330326664 -0.56178633212255191 0.89515870691630994 0.31609952323634172 -1.6096588613903151 -0.97520171914318154
leaf_weight=157 3354 37 1003 272 1011 82 891 524 417 843 174 849 76 368
leaf_count=157 3354 37 1003 272 1011 82 891 524 417 843 174 849 76 368
internal_value=-2.9824e-05 0.00136342 -0.000917287 0.00289939 0.00230579 0.000603387 9.81105e-05 0.00835634 -0.00385659 -0.0061008 0.0015625 0.00237794 -0.0134211 -0.00240129
internal_weight=10058 6336 2550 3786 3629 2833 2751 796 1547 1130 287 1740 113 3722
internal_count=10058 6336 2550 3786 3629 2833 2751 796 1547 1130 287 1740 113 3722
is_linear=0
shrinkage=0.03


Tree=131
num_leaves=15
num_cat=0
split_feature=0 24 26 37 9 12 39 2 39 2 41 2 32 8
split_gain=31.9965 38.8361 27.8258 34.1775 41.6999 38.9457 30.3833 34.2635 41.0662 30.3414 29.8136 29.213 27.0364 26.6228
threshold=216.50000000000003 8.1025601505000022 37.479357640000011 -532.56705396154064 31.015275591183336 16.500000000000004 76.675000000000026 9.1750000000000025 146.23942588431672 5.6250000000000009 -728.49999999999989 6.5916666666666677 141.50000000000003 4.5000000000000009
decision_type=2 10 2 10 8 10 8 2 8 2 10 2 2 2
left_child=2 -2 3 4 -1 -5 9 8 -8 -7 -11 -12 -9 -3
right_child=1 13 -4 5 -6 6 7 12 -10 10 11 -13 -14 -15
leaf_value=-0.45887406972487355 -0.053131515847482866 -0.45850264207031288 -0.0052303579533777619 0.90119405714308087 0.017561715525842465 1.5221125913976283 -1.2724736397378569 0.12744603701878576 -0.0040260171583260925 -0.85657166281128316 -1.1703231352546017 0.73906199894678393 -0.067544102957638491 -2.1196707030885023
leaf_weight=185 696 218 6143 737 282 81 136 514 227 67 31 362 162 169
leaf_count=185 696 218 6143 737 282 81 136 514 227 67 31 362 162 169
internal_value=2.39736e-05 -0.00484317 0.000614919 0.00310233 -0.00429487 0.00459448 0.00193548 -0.00106731 -0.00848901 0.00769373 0.00468547 0.00784264 0.00292467 -0.0124485
internal_weight=10010 1083 8927 2784 467 2317 1580 1039 363 541 460 393 676 387
internal_count=10010 1083 8927 2784 467 2317 1580 1039 363 541 460 393 676 387
is_linear=0
shrinkage=0.03


Tree=132
num_leaves=15
num_cat=0
split_feature=0 7 8 36 27 23 27 16 0 2 40 37 2 2
split_gain=31.7861 43.527 46.471 44.9711 39.4027 31.6129 30.9715 57.5426 27.9963 25.8823 25.8245 24.4174 22.6817 20.8812
threshold=216.50000000000003 1.0000000180025095e-35 14.500000000000002 20.951711309523812 55.739195915000003 0.95617236521961846 55.645045425000006 19.500000000000004 -260.99999999999994 12.008333333333335 -391.99999999999994 77.952022931196396 13.758333333333335 18.175000000000004
decision_type=2 2 2 8 2 2 2 8 2 2 8 10 2 2
left_child=8 4 5 -4 6 -3 7 9 -1 -2 -10 -8 -13 -9
right_child=1 2 3 -5 -6 -7 11 13 10 -11 -12 12 -14 -15
leaf_value=2.9146727073447574 -1.0462607383692193 -2.2200315054172619 -2.6507413485200804 0.25023818828834521 1.9526467572202837 0.13211825373000025 -2.3674703838383935 -0.1040391170004689 0.54793979597894316 1.5344533174713655 0.0060938217697166759 -0.87603835810810704 0.9367201975328987 -1.1677440106982486
leaf_weight=34 50 220 41 85 109 32 99 123 64 139 8807 102 45 75
leaf_count=34 50 220 41 85 109 32 99 123 64 139 8807 102 45 75
internal_value=5.08677e-05 -0.00471008 -0.0129815 0.00188976 -0.000484522 -0.0203953 -0.00335962 0.00193299 0.000650124 0.0137368 0.000544409 -0.0116599 -0.00385135 -0.00934673
internal_weight=10025 1120 378 126 742 252 633 387 8905 189 8871 246 147 198
internal_count=10025 1120 378 126 742 252 633 387 8905 189 8871 246 147 198
is_linear=0
shrinkage=0.03


Tree=133
num_leaves=15
num_cat=0
split_feature=2 2 0 0 0 9 14 39 12 38 26 2 23 26
split_gain=32.9473 41.6721 41.2036 39.3448 34.4342 43.9593 32.1157 51.4909 41.9966 29.5159 31.115 28.8884 33.2403 27.7618
threshold=20.841666666666672 17.925000000000004 445.50000000000006 -9.4999999999999982 333.50000000000006 18.974214364491669 25.999999999999989 61.69166666666667 22.500000000000004 126.50000000000001 37.730677090000007 19.675000000000004 0.89822661644695556 37.479357640000011
decision_type=2 2 2 2 2 10 8 10 10 10 2 2 2 2
left_child=1 4 6 -2 13 -6 7 -3 -9 10 -10 -8 -13 -1
right_child=3 2 -4 -5 5 -7 11 8 9 -11 -12 12 -14 -15
leaf_value=0.061114188170390771 0.44790089795436772 2.0958017509126852 -6.2918212896200796 -0.048401250788841513 0.17810574875694102 -1.8470298827080314 2.3566599666293939 1.2093469117842799 -1.1490292427743529 0.13853406687321215 1.7592494012466522 2.6754519965340466 -0.12562528752308821 -0.019196711528988619
leaf_weight=2651 123 137 42 735 77 133 158 130 135 166 30 49 96 5482
leaf_count=2651 123 137 42 735 77 133 158 130 135 166 30 49 96 5482
internal_value=-0.000106456 0.000413481 0.00638771 -0.00572759 -0.000262464 -0.0122275 0.00774945 0.00370618 -0.0011039 -0.00677711 -0.0157229 0.0156908 0.0059589 4.79469e-05
internal_weight=10144 9286 943 858 8343 210 901 598 461 331 165 303 145 8133
internal_count=10144 9286 943 858 8343 210 901 598 461 331 165 303 145 8133
is_linear=0
shrinkage=0.03


Tree=134
num_leaves=15
num_cat=0
split_feature=0 7 0 26 15 35 2 17 9 21 36 38 32 36
split_gain=31.8445 51.0469 29.622 28.4678 30.1231 43.4259 28.2064 26.9621 28.0129 29.0195 36.3889 41.2534 34.5234 27.6408
threshold=359.50000000000006 1.0000000180025095e-35 -260.99999999999994 37.479357640000011 486.00548346600004 674.66075541338751 6.1916666666666673 13.694479000000003 3.5431117257750002 32.350000000000001 26.104957160342721 336.50000000000006 -38.499999999999993 20.986407856659078
decision_type=2 2 2 2 10 8 2 8 10 10 8 10 2 10
left_child=2 -2 -1 4 5 6 -4 -7 -9 10 13 12 -12 -10
right_child=1 -3 3 -5 -6 7 -8 8 9 -11 11 -13 -14 -15
leaf_value=3.0560309543311535 -0.0042143335848136357 -3.0936283570094725 0.21971124575495224 -0.011515910201722615 -0.056622313839299519 1.111757253848255 -0.56767335412741105 1.0921596491723153 0.037630711411698027 0.17762748360697631 0.070718509818974262 1.063127114518652 -0.8405282516143372 0.48846580710029852
leaf_weight=35 200 119 32 6524 398 509 145 176 601 378 206 54 377 252
leaf_count=35 200 119 32 6524 398 509 145 176 601 378 206 54 377 252
internal_value=2.9979e-05 -0.00928125 0.000337531 0.000236196 0.00258869 0.00371293 -0.010618 0.00471026 0.0031687 0.00208668 0.000201207 -0.00521944 -0.00755137 0.00425059
internal_weight=10006 319 9687 9652 3128 2730 177 2553 2044 1868 1490 637 583 853
internal_count=10006 319 9687 9652 3128 2730 177 2553 2044 1868 1490 637 583 853
is_linear=0
shrinkage=0.03


Tree=135
num_leaves=15
num_cat=0
split_feature=0 7 39 17 12 0 2 13 2 20 38 24 36 38
split_gain=28.3431 49.1939 28.0383 31.9691 27.9349 24.9762 31.1775 51.8297 35.9764 33.9313 26.3816 27.8163 31.7461 26.0376
threshold=319.50000000000006 1.0000000180025095e-35 151.89166666666668 541.56170600000007 280.50000000000006 -38.499999999999993 9.0083333333333346 -38.499999999999993 2.4250000000000003 19.272704802259891 -49.499999999999993 1.0000000180025095e-35 20.167776839843452 45.500000000000007
decision_type=2 2 10 10 10 2 2 8 2 8 10 10 10 8
left_child=2 -2 5 4 -4 6 8 9 -1 10 -8 -12 -13 -7
right_child=1 -3 3 -5 -6 13 7 -9 -10 -11 11 12 -14 -15
leaf_value=-0.28544635261839896 -0.017857190651272489 -2.225677823759276 -0.081040703509640002 1.2893695338158671 -2.1779828710223601 -0.069873317449885716 -0.37796429372751472 1.0532256747897975 0.98717519562517198 -1.6178167682242819 -1.5162024518795751 1.1897286752110743 -0.15302499305583808 0.016012539178833825
leaf_weight=46 310 152 1249 32 43 2376 306 190 420 106 48 226 163 4469
leaf_count=46 310 152 1249 32 43 2376 306 190 420 106 48 226 163 4469
internal_value=-5.91891e-06 -0.00725702 0.000341085 -0.00371321 -0.00445476 0.000984313 0.00448207 0.00158654 0.0109208 -0.00158824 0.000685484 0.00541096 0.00807692 0.000214724
internal_weight=10136 462 9674 1324 1292 8350 1505 1039 466 849 743 437 389 6845
internal_count=10136 462 9674 1324 1292 8350 1505 1039 466 849 743 437 389 6845
is_linear=0
shrinkage=0.03


Tree=136
num_leaves=15
num_cat=0
split_feature=0 7 26 3 32 27 37 14 16 26 14 26 37 26
split_gain=29.7793 37.2879 25.8137 27.1922 36.121 48.2769 45.2873 43.3844 34.4337 33.2296 28.4236 27.2358 28.45 25.0811
threshold=359.50000000000006 1.0000000180025095e-35 37.479357640000011 1.0000000180025095e-35 -456.49999999999994 55.734511700000006 -260.85450230329423 4.1999999999999833 13.500000000000002 37.455755365000009 17.700000000000006 37.373414985000004 -392.38131772255946 37.48296091000001
decision_type=2 2 2 2 2 2 8 10 10 2 8 2 8 2
left_child=2 -2 3 4 7 6 -6 -1 -5 10 -8 -7 -13 -4
right_child=1 -3 13 8 5 11 9 -9 -10 -11 -12 12 -14 -15
leaf_value=0.014410207041320646 -0.041145415108256804 -2.7876852382814481 -0.5094732411850047 -0.040499101456658297 2.9689407754928943 0.067587812136969627 -0.35134530980712014 -1.2578154485351396 0.051599833847145074 0.60973789337870588 0.46931257842125645 -0.027462407083482389 2.2091414679478962 -0.0032293710671414291
leaf_weight=221 203 118 285 500 123 106 801 80 149 390 421 63 299 6303
leaf_count=221 203 118 285 500 123 106 801 80 149 390 421 63 299 6303
internal_value=0.000125211 -0.00885093 0.000421885 0.00265377 0.00407186 0.00540381 0.00309332 -0.00566225 -0.00281538 0.0017483 -0.000686836 0.0139446 0.0178512 -0.000646532
internal_weight=10062 321 9741 3153 2504 2203 1735 301 649 1612 1222 468 362 6588
internal_count=10062 321 9741 3153 2504 2203 1735 301 649 1612 1222 468 362 6588
is_linear=0
shrinkage=0.03


Tree=137
num_leaves=15
num_cat=0
split_feature=6 3 13 18 4 18 10 26 15 41 23 1 16 34
split_gain=26.9529 49.8395 38.5041 34.1826 30.3429 27.6163 47.1198 40.843 48.5636 34.7931 33.5428 31.9943 30.2733 30.0217
threshold=8.5000000000000018 1.0000000180025095e-35 285.50000000000006 4644.2351104200452 1.0000000180025095e-35 2536.8825121431732 1.0000000180025095e-35 37.566423880000009 933.05993310050019 -170.49999999999997 0.94602686518854195 11.092311158333336 6.5000000000000009 2036.5586570270002
decision_type=2 2 10 8 2 10 8 2 10 8 2 2 10 8
left_child=2 -2 3 5 -4 7 -7 9 11 -1 -11 -9 -8 -10
right_child=1 -3 4 -5 -6 6 12 8 13 10 -12 -13 -14 -15
leaf_value=0.76645570185608891 0.39365877901489155 -0.017703954045233273 -0.3742667596083013 0.037560873913805123 -2.1860142252630106 -0.55684047599276465 0.22496253272024946 -0.061504857563013632 0.59991738010387152 0.14166485064636258 -0.083124260822609833 -0.45219567373649416 -0.0042746588991979164 0.0091748111072110974
leaf_weight=180 1954 439 323 750 73 1342 120 1440 88 1592 707 738 209 134
leaf_count=180 1954 439 323 750 73 1342 120 1440 88 1592 707 738 209 134
internal_value=0.000139742 0.0029198 -0.000724958 -0.000230105 -0.00982368 -0.00092505 -0.00425239 0.000215164 -0.00257393 0.00291532 0.00191739 -0.00393759 0.00590909 0.0107623
internal_weight=10089 2393 7696 7300 396 6550 1671 4879 2400 2479 2299 2178 329 222
internal_count=10089 2393 7696 7300 396 6550 1671 4879 2400 2479 2299 2178 329 222
is_linear=0
shrinkage=0.03


Tree=138
num_leaves=15
num_cat=0
split_feature=0 0 6 38 18 27 2 38 27 0 2 9 8 40
split_gain=32.2894 30.1939 25.094 32.7735 36.0758 33.8247 31.8289 30.581 41.8476 31.9266 40.2294 36.8803 38.1359 36.4212
threshold=580.50000000000011 -260.99999999999994 7.5000000000000009 122.50000000000001 3092.9019820796871 55.806280210000004 2.4250000000000003 266.50000000000006 55.751380515000008 183.50000000000003 7.8416666666666677 124.02602844000002 4.5000000000000009 -30.499999999999996
decision_type=2 2 2 10 10 2 2 10 2 2 2 10 2 8
left_child=1 -1 7 5 -5 6 -4 9 -9 -3 -11 12 13 -12
right_child=-2 2 3 4 -6 -7 -8 8 -10 10 11 -13 -14 -15
leaf_value=2.8946360863132239 -6.9980940781762051 0.0050881747398070169 -0.29384251399644101 0.85720591282227332 -0.015562317464185703 -0.68304202890138721 0.012360544214435023 -0.63988682967433697 1.6187956894085089 0.21431579519596283 -1.2618967195144135 1.0574935952808906 -1.4656209067919344 0.30136175558753919
leaf_weight=35 37 3855 92 748 455 85 3514 421 37 176 134 48 221 172
leaf_count=35 37 3855 92 748 455 85 3514 421 37 176 134 48 221 172
internal_value=-2.99073e-05 7.5045e-05 -2.40988e-05 0.00150766 0.00580565 0.000105634 0.000548933 -0.00150444 -0.00888889 -0.000768396 -0.00642287 -0.0102604 -0.0125568 -0.00566775
internal_weight=10030 9993 9958 4894 1203 3691 3606 5064 458 4606 751 575 527 306
internal_count=10030 9993 9958 4894 1203 3691 3606 5064 458 4606 751 575 527 306
is_linear=0
shrinkage=0.03


Tree=139
num_leaves=15
num_cat=0
split_feature=40 38 13 2 27 17 37 18 2 38 37 0 13 10
split_gain=26.1236 31.2207 28.6422 27.119 24.2538 36.6758 23.7567 40.4916 38.2717 35.2826 34.808 39.9494 34.0106 32.5777
threshold=116.50000000000001 331.50000000000006 -25.499999999999996 7.3416666666666677 55.734511700000006 40.279967000000006 92.06270707875116 2403.3974140303649 8.5416666666666696 235.50000000000003 -198.87325411929794 -44.499999999999993 -251.99999999999997 0.75000000000000011
decision_type=10 10 10 2 2 10 10 10 2 10 8 2 10 8
left_child=6 3 -3 -2 5 -5 7 8 9 -1 12 -12 -10 -9
right_child=1 2 -4 4 -6 -7 -8 13 10 -11 11 -13 -14 -15
leaf_value=0.14916158309084393 -0.40308826012322307 1.028227881328408 -0.29329621231538811 1.1019258219301507 2.0228166217064611 -0.069796790658393545 0.052933011503307106 -0.50278240674732211 0.77890586192103506 -0.73082526991689123 0.61070827807260886 -0.018764165492203763 -0.38372885203196205 0.0048105598078616117
leaf_weight=1545 103 63 248 399 149 267 1904 1666 73 52 438 1629 1033 423
leaf_count=1545 103 63 248 399 149 267 1904 1666 73 52 438 1629 1033 423
internal_value=-0.000216151 0.00387805 -0.00432692 0.00665941 0.00849265 0.00602699 -0.000790735 -0.0016137 -8.80319e-05 0.00369837 -0.00199433 0.000304642 -0.00628726 -0.00509569
internal_weight=9992 1229 311 918 815 666 8763 6859 4770 1597 3173 2067 1106 2089
internal_count=9992 1229 311 918 815 666 8763 6859 4770 1597 3173 2067 1106 2089
is_linear=0
shrinkage=0.03


Tree=140
num_leaves=15
num_cat=0
split_feature=0 7 32 6 3 26 9 34 6 26 40 12 22 39
split_gain=34.0591 40.902 27.5857 24.7654 53.265 42.6807 36.0924 56.501 32.8492 58.3809 32.6464 31.9047 25.6983 25.3643
threshold=319.50000000000006 1.0000000180025095e-35 -1863.9999999999998 8.5000000000000018 1.0000000180025095e-35 37.661999215000009 101.26905939126668 2320.5000000000005 6.5000000000000009 37.728054620000009 -115.49999999999999 -189.99999999999997 0.95742753623188415 139.79166666666671
decision_type=2 2 2 2 2 2 10 8 2 2 10 8 8 10
left_child=3 -2 -3 5 -5 11 8 -8 9 -7 12 -1 -11 -12
right_child=1 2 -4 4 -6 6 7 -9 -10 10 13 -13 -14 -15
leaf_value=0.77080431881387357 -0.077206585654163468 0.085326097787738892 -3.1717833416039465 0.43030613280682301 -0.013886299627228935 -1.3360162476434867 1.4868335037079399 -0.14408401895375988 -0.047843632890189489 1.0221594209798395 -0.041643808366839216 0.0090850828954299277 -0.15791107014499062 -1.6065419859361232
leaf_weight=173 294 36 108 1895 425 434 83 165 1522 131 153 4447 69 101
leaf_count=173 294 36 108 1895 425 434 83 165 1522 131 153 4447 69 101
internal_value=0.000107602 -0.00806378 -0.0211034 0.0004813 0.00317966 -0.000379173 -0.0034073 0.00746988 -0.00452924 -0.00911136 -0.00158242 0.00136334 0.00746269 -0.00870588
internal_weight=10036 438 144 9598 2320 7278 2658 248 2410 888 454 4620 200 254
internal_count=10036 438 144 9598 2320 7278 2658 248 2410 888 454 4620 200 254
is_linear=0
shrinkage=0.03


Tree=141
num_leaves=15
num_cat=0
split_feature=0 7 37 2 2 41 18 27 2 36 2 39 9 5
split_gain=34.097 42.0394 28.0382 45.5038 46.6 43.7371 29.9989 40.1222 36.5248 52.9247 39.4435 33.1644 35.8075 31.3855
threshold=359.50000000000006 1.0000000180025095e-35 92.06270707875116 20.175000000000004 13.175000000000002 25.500000000000004 2478.7961682090813 55.598688340000002 12.675000000000002 24.012418597607152 14.425000000000002 77.924537077183359 71.01527559118334 1.5000000000000002
decision_type=2 2 10 2 2 10 10 2 2 8 2 8 8 2
left_child=2 -2 6 4 -4 -5 7 -1 11 10 -10 -8 -13 -9
right_child=1 -3 3 5 -6 -7 8 13 9 -11 -12 12 -14 -15
leaf_value=2.7516150995015076 -0.017499752753346521 -2.5684748537653834 0.020435067676450206 0.030121166999947876 1.1034334017473584 -0.74385075491980091 0.19070140893831733 0.13851227648479542 0.2824690564315282 0.077531670364553232 -0.82698935521128258 -0.48108325612581698 1.1597664276593953 -0.021805092713245669
leaf_weight=125 203 125 1019 223 654 154 263 1943 85 498 241 924 54 3522
leaf_count=125 203 125 1019 223 654 154 263 1943 85 498 241 924 54 3522
internal_value=1.49492e-05 -0.00948328 0.000336905 0.00345197 0.00557348 -0.00595238 -0.000497649 0.000643892 -0.00358664 0.00130909 -0.00807339 -0.00683575 -0.00937692 0.000257958
internal_weight=10033 328 9705 2050 1673 377 7655 5590 2065 824 326 1241 978 5465
internal_count=10033 328 9705 2050 1673 377 7655 5590 2065 824 326 1241 978 5465
is_linear=0
shrinkage=0.03


Tree=142
num_leaves=15
num_cat=0
split_feature=6 10 18 36 24 12 30 30 26 35 10 39 2 12
split_gain=26.426 56.3909 27.2051 26.5368 25.2223 24.7264 39.4584 33.4398 33.5711 39.4626 34.8266 32.9476 51.0306 41.0451
threshold=8.5000000000000018 0.75000000000000011 1641.4740698522235 33.278297872340438 3784.0000000000005 313.50000000000006 330.00000000000006 1050.0000000000002 37.524607320000008 3855.8641233939561 0.91666666666666685 99.750479318541679 14.091666666666669 -272.99999999999994
decision_type=2 8 10 8 10 10 2 2 2 10 10 8 2 8
left_child=3 2 -2 5 -3 7 -7 8 -1 10 11 12 -10 -13
right_child=1 4 -4 -5 -6 6 -8 -9 9 -11 -12 13 -14 -15
leaf_value=0.0097165640282595722 0.76044619574087091 -0.024160177572116796 0.15823554850872248 0.017195571856802344 0.0077399240437625166 -0.097779920408898421 -2.0526087792715906 0.20522580447416777 0.1142029367551121 0.071517896456463087 0.052860132537258075 2.2561270094156383 -0.80880033631666071 -0.86376547817822469
leaf_weight=3072 635 342 1342 1127 77 224 95 359 623 335 231 34 340 1247
leaf_count=3072 635 342 1342 1127 77 224 95 359 623 335 231 34 340 1247
internal_value=-0.000121975 0.00262829 0.00474722 -0.000979448 -0.00735714 -0.00171011 -0.00984375 -0.00129285 -0.0018358 -0.00420491 -0.00551292 -0.00665479 -0.00245851 -0.00980499
internal_weight=10083 2396 1977 7687 419 6560 319 6241 5882 2810 2475 2244 963 1281
internal_count=10083 2396 1977 7687 419 6560 319 6241 5882 2810 2475 2244 963 1281
is_linear=0
shrinkage=0.03


Tree=143
num_leaves=15
num_cat=0
split_feature=27 0 32 27 15 8 26 37 18 39 38 27 26 9
split_gain=28.9063 40.8345 44.8977 37.2795 40.5605 36.0949 38.3944 43.7334 36.9453 42.4956 33.4967 31.8052 31.7193 27.9144
threshold=55.644023925000006 346.50000000000006 149.50000000000003 55.688671190000008 616.44314007050014 2.5000000000000004 37.47437934500001 -189.07689223581875 2221.6332645889556 55.119059391266674 -124.49999999999999 55.654798845000009 37.433532415000009 297.50000000000006
decision_type=2 2 2 2 10 2 2 8 10 10 10 2 2 8
left_child=12 3 -3 4 5 8 -7 -8 -2 11 -9 -10 -1 -5
right_child=1 2 -4 13 -6 6 7 10 9 -11 -12 -13 -14 -15
leaf_value=0.43439405961477168 0.3307378308022052 -2.5623599477756005 0.01813543822697369 0.0058652239995805643 0.10632511495020945 0.20761106496429035 -1.2646930782595149 -1.4102714143028683 -0.2547365339974787 -0.58106878052910838 -0.18051694736732976 0.080992098897326295 0.04414407285832176 0.72794975750574109
leaf_weight=209 518 104 97 3815 185 74 302 186 52 300 715 98 3204 133
leaf_count=209 518 104 97 3815 185 74 302 186 52 300 715 98 3204 133
internal_value=3.60252e-05 -0.00112614 -0.0144059 -0.00070544 -0.00362814 -0.00474176 -0.00805164 -0.00934385 -0.000371517 -0.00665188 -0.00601996 0.00635762 0.00227592 0.00109395
internal_weight=9992 6579 201 6378 2430 2245 1277 1203 968 450 901 150 3413 3948
internal_count=9992 6579 201 6378 2430 2245 1277 1203 968 450 901 150 3413 3948
is_linear=0
shrinkage=0.03


Tree=144
num_leaves=15
num_cat=0
split_feature=0 39 0 30 36 2 2 12 14 2 39 9 38 4
split_gain=31.0856 32.1217 27.4872 29.6012 28.9868 24.0375 55.9657 41.7426 45.2948 31.1718 30.1082 37.2761 33.1172 26.9723
threshold=-146.49999999999997 138.20833333333334 403.00000000000006 510.00000000000006 34.854978354978364 20.841666666666672 18.008333333333336 22.500000000000004 25.999999999999989 22.841666666666672 64.225000000000009 78.041758057766671 122.50000000000001 1.0000000180025095e-35
decision_type=2 8 2 2 10 2 2 10 10 2 8 10 8 2
left_child=1 -1 4 -4 5 6 -2 -8 10 13 -9 12 -12 -7
right_child=2 -3 3 -5 -6 9 7 8 -10 -11 11 -13 -14 -15
leaf_value=1.583223234562575 -0.014012093166313307 -0.02585689108322773 -0.028527511565075114 -4.2552708576477851 0.18273712956466881 -0.13683147205488322 1.5691373918078111 2.6820742515734683 2.3033648413347438 0.0094223890248491642 -0.9003994445072534 3.0424371895421141 0.06124221976898947 0.037146790043931899
leaf_weight=183 7769 182 104 58 273 491 233 44 137 198 150 38 177 37
leaf_count=183 7769 182 104 58 273 491 233 44 137 198 150 38 177 37
internal_value=2.38213e-05 0.00860656 -0.000299691 -0.0125153 -9.11186e-05 -0.000375202 7.01836e-05 0.00773077 0.00318099 -0.0056121 -0.00182927 -0.00467213 -0.00795732 -0.00941399
internal_weight=10074 365 9709 162 9547 9274 8548 779 546 726 409 365 327 528
internal_count=10074 365 9709 162 9547 9274 8548 779 546 726 409 365 327 528
is_linear=0
shrinkage=0.03


Tree=145
num_leaves=15
num_cat=0
split_feature=0 0 39 39 17 14 12 34 0 10 26 6 2 6
split_gain=34.931 30.1181 29.8737 24.6622 44.778 29.4038 29.817 27.6051 24.7313 29.5127 26.3476 29.4527 27.7062 33.8148
threshold=-165.49999999999997 580.50000000000011 138.20833333333334 151.89166666666668 541.56170600000007 8.5999999999999943 -184.49999999999997 4342.0000000000009 11.500000000000002 0.41666666666666669 37.414099515000011 7.5000000000000009 20.925000000000004 9.5000000000000018
decision_type=2 2 8 10 10 8 10 10 2 10 2 2 2 2
left_child=2 3 -1 7 5 6 -5 8 -2 10 11 -10 13 -12
right_child=1 -3 -4 4 -6 -7 -8 -9 9 -11 12 -13 -14 -15
leaf_value=1.9758788186057319 0.018185381432081257 -6.1165563402189047 -0.011946607769099551 1.1951438975062834 0.94679739329573664 -0.0012444051399237352 -0.46271121440484886 0.60648277248003868 0.6003382615664169 -0.31607153734621501 -0.088929866727191179 -0.23113530069465518 -0.60041633599680766 1.2303146893725145
leaf_weight=131 3656 32 120 33 41 595 718 68 263 193 3586 159 273 149
leaf_count=131 3656 32 120 33 41 595 718 68 263 193 3586 159 273 149
internal_value=-0.00019465 -0.000479165 0.0108333 -0.000382126 -0.00408501 -0.00503341 -0.00897606 0.000233589 7.6087e-05 -0.00138192 -0.000880162 0.00624113 -0.00163133 -0.000955567
internal_weight=10017 9766 251 9734 1387 1346 751 8347 8279 4623 4430 422 4008 3735
internal_count=10017 9766 251 9734 1387 1346 751 8347 8279 4623 4430 422 4008 3735
is_linear=0
shrinkage=0.03


Tree=146
num_leaves=15
num_cat=0
split_feature=0 36 0 8 26 27 27 35 40 39 9 21 14 9
split_gain=33.2546 26.0165 25.0526 41.0816 26.6537 28.6432 42.8712 77.5463 53.9823 49.4067 43.1082 29.1545 37.0764 27.8243
threshold=-260.99999999999994 34.854978354978364 359.50000000000006 4.5000000000000009 37.47437934500001 55.653688130000006 55.688671190000008 1733.4316856035377 -92.499999999999986 85.033333333333346 21.015275591183336 4.0500000000000007 -19.799999999999986 297.50000000000006
decision_type=2 10 2 2 2 2 2 10 8 8 10 8 10 8
left_child=-1 2 4 -4 13 11 7 -7 -9 10 -8 -6 -13 -2
right_child=1 -3 3 -5 5 6 9 8 -10 -11 -12 12 -14 -15
leaf_value=2.9169584171889924 0.026973951933347368 0.18078762754724081 -0.01818954009773641 -2.3846066548525711 0.13763141200570894 -1.2681284164974471 0.044272624006903454 -0.97436465739012901 -0.025219295419342248 -0.018180305132502513 1.0038554988866268 -0.11497113695789661 0.035563812638592943 0.82105903270115044
leaf_weight=34 2820 260 196 94 1078 208 286 328 1174 1479 202 481 1254 72
leaf_count=34 2820 260 196 94 1078 208 286 328 1174 1479 202 481 1254 72
internal_value=-4.81589e-05 -0.000151012 -0.000403184 -0.00907216 -0.000134285 -0.00120166 -0.00294454 -0.0064173 -0.00403194 7.62195e-05 0.00834356 0.00107676 -0.00133065 0.00226063
internal_weight=9966 9932 9672 290 9382 6490 3677 1710 1502 1967 488 2813 1735 2892
internal_count=9966 9932 9672 290 9382 6490 3677 1710 1502 1967 488 2813 1735 2892
is_linear=0
shrinkage=0.03


Tree=147
num_leaves=15
num_cat=0
split_feature=0 7 36 0 39 23 9 12 27 27 38 8 26 9
split_gain=29.4702 30.8533 29.6684 24.7323 35.7495 23.4593 20.8335 23.5762 19.0408 42.9903 47.3737 48.1549 41.7007 38.0596
threshold=403.00000000000006 1.0000000180025095e-35 35.350004860503553 -146.49999999999997 138.20833333333334 0.80735492577597856 83.041758057766671 -272.99999999999994 55.653688130000006 55.688671190000008 -140.49999999999997 5.5000000000000009 37.721194170000011 39.388024177091673
decision_type=2 2 10 2 8 2 10 10 2 2 8 2 2 10
left_child=2 -2 3 4 -1 -4 7 -6 -5 10 -10 12 13 -12
right_child=1 -3 5 8 6 -7 -8 -9 9 -11 11 -13 -14 -15
leaf_value=1.1992490020592699 -0.02105939129598134 -4.3714486004481392 -0.027819119243500192 0.030541690871015915 0.090235798239061693 0.78756956923823795 1.3864798785502939 -0.71631464467393935 -2.0018811048754843 0.0040365404623517514 -0.063867458750607259 -0.84972674636349355 -1.7461540489685112 0.70646221598283299
leaf_weight=176 105 68 41 3626 45 181 37 100 113 3791 991 307 165 245
leaf_count=176 105 68 41 3626 45 181 37 100 113 3791 991 307 165 245
internal_value=-3.0024e-06 -0.0122414 0.000213871 -3.75117e-05 0.00768802 0.0110314 -0.00163934 -0.00678082 -0.000337699 -0.00143239 -0.00521954 -0.00396723 -0.00160485 0.000291027
internal_weight=9991 173 9818 9596 358 222 182 145 9238 5612 1821 1708 1401 1236
internal_count=9991 173 9818 9596 358 222 182 145 9238 5612 1821 1708 1401 1236
is_linear=0
shrinkage=0.03


Tree=148
num_leaves=15
num_cat=0
split_feature=1 2 20 2 27 20 2 21 38 41 6 27 14 2
split_gain=19.88 35.7661 29.763 29.5162 25.3523 30.3782 25.0886 29.8254 31.7589 25.0408 23.1581 29.6138 28.5463 20.5844
threshold=11.108811808333334 20.675000000000004 10.566025641025641 18.008333333333336 55.653688130000006 20.087121212121215 2.4250000000000003 3.0500000000000003 35.500000000000007 372.50000000000006 5.5000000000000009 55.67592130500001 5.6500000000000012 19.041666666666671
decision_type=2 2 8 2 2 8 2 10 8 10 2 2 10 2
left_child=1 3 -3 6 -2 10 -1 8 -8 13 12 -12 -6 -5
right_child=4 2 -4 9 5 -7 7 -9 -10 -11 11 -13 -14 -15
leaf_value=-0.067338011615086901 0.015306960865525951 -0.68656750519942111 -0.0088143621489894207 2.0578648970093409 -0.15765674638760704 0.008193596967580357 -0.036699237537456957 -0.0039086781274715182 0.27166004732159676 -0.53618170782174768 -1.1684169767573807 -0.076500327360312773 -1.1556674516938239 0.62749223389818221
leaf_weight=186 1417 130 478 190 242 604 632 3243 1106 46 219 1021 154 304
leaf_count=186 1417 130 478 190 242 604 632 3243 1106 46 219 1021 154 304
internal_value=-0.000216585 0.000802723 -0.00610837 0.00153994 -0.00197649 -0.00396252 0.000841718 0.00124649 0.00441633 0.00820702 -0.0060843 -0.00406124 -0.0123929 0.0101818
internal_weight=9972 6315 608 5707 3657 2240 5167 4981 1738 540 1636 1240 396 494
internal_count=9972 6315 608 5707 3657 2240 5167 4981 1738 540 1636 1240 396 494
is_linear=0
shrinkage=0.03


Tree=149
num_leaves=15
num_cat=0
split_feature=0 2 6 8 5 38 6 5 21 16 2 2 27 23
split_gain=29.3599 32.0767 31.3763 34.055 33.8761 36.5773 32.2492 30.1831 32.4471 28.0488 27.2732 35.8304 70.1224 33.6217
threshold=-9.4999999999999982 20.841666666666672 8.5000000000000018 3.5000000000000004 50.500000000000007 -66.499999999999986 7.5000000000000009 3.5000000000000004 15.450000000000001 27.500000000000004 17.925000000000004 15.841666666666669 55.613116985000005 0.8422647527910686
decision_type=2 2 2 2 2 8 2 2 8 10 2 2 2 2
left_child=2 9 3 6 5 -5 -1 8 -3 10 11 -2 -13 -12
right_child=1 7 -4 4 -6 -7 -8 -9 -10 -11 13 12 -14 -15
leaf_value=-0.69666295727127636 -0.0076538452590416825 -0.37031952123771994 0.57781663684652218 -0.4904822446774747 -0.35783610545983263 0.40772495466056397 0.15310457129387256 0.018468232195254744 -0.0094988330788992915 0.90815143474663562 2.5611601350830586 2.5388392648009814 -0.41359049138576293 0.14260946841342045
leaf_weight=523 5050 241 703 124 69 677 582 97 368 196 69 52 592 649
leaf_count=523 5050 241 703 124 69 677 582 97 368 196 69 52 592 649
internal_value=-0.000156109 -0.00114012 0.0025308 0.000592105 0.0050287 0.00677057 -0.00290235 -0.00721358 -0.00968852 -0.000490241 -0.000832684 -0.00152766 -0.00818605 0.00467316
internal_weight=9992 7314 2678 1975 870 801 1105 706 609 6608 6412 5694 644 718
internal_count=9992 7314 2678 1975 870 801 1105 706 609 6608 6412 5694 644 718
is_linear=0
shrinkage=0.03


Tree=150
num_leaves=15
num_cat=0
split_feature=0 0 0 11 26 36 39 2 27 23 2 31 14 39
split_gain=31.223 26.5117 18.5198 31.2497 30.3777 26.4976 25.5765 24.7666 27.5986 31.8102 29.3898 39.7615 52.8347 33.6885
threshold=580.50000000000011 -206.49999999999997 11.500000000000002 1.0000000180025095e-35 37.414099515000011 20.68264462809918 76.675000000000026 20.925000000000004 55.643770265000008 0.71718621821164896 12.591666666666669 291.50000000000006 12.999999999999993 67.528083241216677
decision_type=2 2 2 10 2 10 8 2 2 2 2 2 10 8
left_child=1 -1 -3 4 5 6 -4 8 10 -10 13 -12 -13 -6
right_child=-2 2 3 -5 7 -7 -8 -9 9 -11 11 12 -14 -15
leaf_value=1.2312972386098346 -5.7140592512497355 0.011204102840173674 0.48039017038505194 -0.29596805058454284 1.1587516876540873 0.85969851332849367 -0.89629359028087452 -0.57607526099066519 0.48470725953079768 -0.20640968816874294 0.60443796008960327 -1.273565694985956 0.82516121189760638 -0.39660739388985672
leaf_weight=118 36 4552 151 257 161 198 118 289 73 2683 649 67 30 662
leaf_count=118 36 4552 151 257 161 198 118 289 73 2683 649 67 30 662
internal_value=-5.97312e-05 4.19622e-05 -0.000127389 -0.00132609 -0.000808737 0.00647436 0.000333333 -0.00154713 -0.000977809 -0.00278564 0.00219745 0.00650602 -0.0113265 -0.00171117
internal_weight=10044 10008 9890 5338 5081 467 269 4614 4325 2756 1569 746 97 823
internal_count=10044 10008 9890 5338 5081 467 269 4614 4325 2756 1569 746 97 823
is_linear=0
shrinkage=0.03


Tree=151
num_leaves=15
num_cat=0
split_feature=0 27 27 0 32 38 32 34 0 39 8 37 36 38
split_gain=27.3246 22.8965 36.9685 35.5439 43.3028 34.7294 35.0071 27.1199 27.0813 22.3947 27.6381 36.6245 31.7835 28.5348
threshold=580.50000000000011 55.643770265000008 55.643166990000005 346.50000000000006 149.50000000000003 -18.499999999999996 -476.99999999999994 768.87984091050009 -220.49999999999997 189.70694445965003 3.5000000000000004 19.405189339383245 27.180693113241045 157.50000000000003
decision_type=2 2 2 2 2 8 2 10 2 10 2 10 10 10
left_child=1 2 8 5 -5 6 7 -3 -1 10 11 13 -13 -10
right_child=-2 3 -4 4 -6 -7 -8 -9 9 -11 -12 12 -14 -15
leaf_value=1.9989648822686727 -6.4301025710076845 -1.3484008510172214 1.3165136151468815 -1.8763575248059163 0.0012651331465327331 0.0053695133445376764 -0.1353791979096928 0.027572454994850091 -0.32011374163403639 -0.088071359168525876 0.14506340341586085 0.33619555383369093 -0.34993378397104236 0.89766879439124692
leaf_weight=38 36 122 113 93 95 4811 1428 47 792 254 1052 711 227 192
leaf_count=38 36 122 113 93 95 4811 1428 47 792 254 1052 711 227 192
internal_value=-0.000212745 -0.000117281 0.00189053 -0.00114598 -0.0139683 -0.00076767 -0.0045995 -0.0174706 0.00130395 0.00100341 0.00173445 -0.000405616 0.00383387 -0.0044467
internal_weight=10011 9975 3379 6596 188 6408 1597 169 3266 3228 2974 1922 938 984
internal_count=10011 9975 3379 6596 188 6408 1597 169 3266 3228 2974 1922 938 984
is_linear=0
shrinkage=0.03


Tree=152
num_leaves=15
num_cat=0
split_feature=0 7 26 22 40 5 39 32 26 27 6 11 21 27
split_gain=25.5893 46.5575 23.9563 29.4283 31.2444 47.6242 35.0263 31.4185 29.402 28.973 27.7375 45.832 30.623 35.0943
threshold=346.50000000000006 1.0000000180025095e-35 37.479357640000011 0.16035714285714289 130.50000000000003 6.5000000000000009 26.568274269208334 -335.49999999999994 37.48296091000001 55.663635485000007 9.5000000000000018 1.0000000180025095e-35 6.4500000000000011 55.65948546500001
decision_type=2 2 2 8 10 2 10 2 2 2 2 8 10 2
left_child=2 -2 3 -1 6 -6 7 -5 9 -4 12 -12 13 -10
right_child=1 -3 8 4 5 -7 -8 -9 10 -11 11 -13 -14 -15
leaf_value=0.54303875140027669 -0.0031972048119055705 -1.9304235344502481 -0.63153829194604783 0.20296496551075469 1.6610506581361397 -1.0854815516506575 -0.056371320505168639 0.017416976743855759 0.14788492576338605 0.79873179891656909 0.87532477710833434 -0.027156028842836501 -0.068051167531854584 -0.014176990998313668
leaf_weight=357 234 125 243 144 330 41 1601 683 1228 40 362 108 3305 1272
leaf_count=357 234 125 243 144 330 41 1601 683 1228 40 362 108 3305 1272
internal_value=-6.25372e-05 -0.00791667 0.000228513 0.00237567 0.00133929 0.00943548 9.88061e-05 0.0051087 -0.000805001 -0.0102465 -0.000377629 0.0066242 -0.000945574 0.00155938
internal_weight=10073 359 9714 3156 2799 371 2428 827 6558 283 6275 470 5805 2500
internal_count=10073 359 9714 3156 2799 371 2428 827 6558 283 6275 470 5805 2500
is_linear=0
shrinkage=0.03


Tree=153
num_leaves=15
num_cat=0
split_feature=0 10 37 26 9 2 36 26 36 36 14 2 2 41
split_gain=26.0395 27.6998 28.3942 30.916 33.8369 41.1097 63.1555 34.6138 33.2211 30.865 29.7049 28.7476 55.185 30.1289
threshold=11.500000000000002 0.91666666666666685 120.75010174635493 37.414099515000011 29.388024177091669 15.091666666666669 25.087949935017239 37.455755365000009 19.135376895385626 20.906258448229256 35.649999999999999 20.025000000000002 12.841666666666669 25.500000000000004
decision_type=2 10 10 2 10 2 8 2 8 10 10 2 2 10
left_child=-1 2 3 9 -5 7 -7 -6 -9 -2 -10 12 -4 -13
right_child=1 -3 11 4 5 6 -8 8 10 -11 -12 13 -14 -15
leaf_value=0.015061811023604337 -0.047565416950101476 -0.51681827264301805 -0.087136378334477974 -0.44689885197671914 -0.4920916831189735 -0.69567288239874714 0.27457540863768143 1.119787482350741 0.14667888403332113 1.1430287776736598 -2.0035230488405618 0.11992384764469204 1.1580415357325018 -1.0298488065429126
leaf_weight=4600 235 143 605 1708 300 350 177 151 749 142 34 168 480 111
leaf_count=4600 235 143 605 1708 300 350 177 151 749 142 34 168 480 111
internal_value=2.71248e-05 -0.00139522 -0.00103627 -0.00235508 -0.00324207 -0.000323496 -0.00732955 0.00267206 0.00551872 0.00579365 0.00302296 0.00268132 0.0048895 -0.00589286
internal_weight=9953 5353 5210 3846 3469 1761 527 1234 934 377 783 1364 1085 279
internal_count=9953 5353 5210 3846 3469 1761 527 1234 934 377 783 1364 1085 279
is_linear=0
shrinkage=0.03


Tree=154
num_leaves=15
num_cat=0
split_feature=0 39 0 2 23 16 18 27 26 26 5 13 18 26
split_gain=29.2364 34.2212 27.287 22.7231 21.5701 28.1909 35.5093 26.9574 48.7873 33.0048 32.5323 25.5042 26.6448 28.053
threshold=-151.49999999999997 138.20833333333334 580.50000000000011 11.925000000000002 0.89668856048166401 18.500000000000004 4587.6235905060903 55.74024179500001 37.392479105000007 37.373414985000004 3.5000000000000004 230.50000000000003 898.00375700286691 37.417799130000013
decision_type=2 8 2 2 2 8 10 2 2 2 2 10 10 2
left_child=1 -1 4 -3 -2 6 7 8 -6 -9 -11 12 -7 -14
right_child=2 3 -4 -5 5 11 -8 9 -10 10 -12 -13 13 -15
leaf_value=1.3425810295594407 -0.017496226834316422 -0.15537447970548471 -5.0491833874274139 0.87056796127456848 1.3736780260741954 -0.041273215330711994 0.46885526523459659 -0.13067810526287968 -0.33234515949346094 0.95679706311756896 -0.21763421341301309 -0.57518953393078931 1.0116575125396088 0.16020050497104285
leaf_weight=174 3897 89 37 63 58 848 227 83 1422 239 123 229 334 2154
leaf_count=174 3897 89 37 63 58 848 227 83 1422 239 123 229 334 2154
internal_value=-0.00038184 0.00844037 -0.000680688 -0.00196078 -0.000580343 0.000592865 -0.00211797 -0.00344237 -0.00538825 0.00302691 0.00694215 0.00222939 0.00289482 0.00445962
internal_weight=9977 326 9651 152 9614 5717 2152 1925 1480 445 362 3565 3336 2488
internal_count=9977 326 9651 152 9614 5717 2152 1925 1480 445 362 3565 3336 2488
is_linear=0
shrinkage=0.03


Tree=155
num_leaves=15
num_cat=0
split_feature=13 6 14 13 27 36 39 13 22 32 39 22 18 26
split_gain=21.7887 46.4224 34.0395 28.3923 24.7082 46.5452 32.9465 40.7435 30.9169 30.0972 29.1847 35.4083 26.1028 24.4738
threshold=285.50000000000006 5.5000000000000009 3.3999999999999919 337.50000000000006 55.62614872000001 25.75119047619048 76.675000000000026 -38.499999999999993 0.95916666666666683 -39.499999999999993 83.856092550983348 0.3987179487179488 869.6620828414483 37.509563315000001
decision_type=10 2 8 10 2 8 10 10 8 2 10 8 10 2
left_child=4 -2 -3 -4 5 8 9 12 -1 -7 -9 -12 -8 -11
right_child=1 2 3 -5 -6 6 7 10 -10 13 11 -13 -14 -15
leaf_value=0.83539107637868437 -0.90729950928685621 -0.56027084847991304 -0.61085609134152608 0.70568069765396613 -0.0016200266588921152 1.9349630888059648 1.2690406867291171 -2.8143805404510793 -0.2674368275207426 0.82230877529259383 0.042075493850215202 -2.558910070840045 0.04872535522529288 -0.089757127930350622
leaf_weight=460 128 178 70 149 7958 92 43 120 60 265 208 53 190 35
leaf_count=460 128 178 70 149 7958 92 43 120 60 265 208 53 190 35
internal_value=0.000182817 -0.00576046 -0.000678392 0.00722727 0.000512388 0.00400786 0.000238332 -0.00409756 0.011286 0.0070229 -0.0101309 -0.00446565 0.00576923 0.00239203
internal_weight=10009 525 397 219 9484 1526 1006 614 520 392 381 261 233 300
internal_count=10009 525 397 219 9484 1526 1006 614 520 392 381 261 233 300
is_linear=0
shrinkage=0.03


Tree=156
num_leaves=15
num_cat=0
split_feature=27 27 0 8 35 18 16 12 38 9 9 9 39 38
split_gain=24.2712 34.6962 44.6009 44.5586 35.7484 63.198 54.1058 32.1448 31.909 31.6756 30.6623 51.5074 26.427 27.4223
threshold=55.644023925000006 55.688671190000008 359.50000000000006 4.5000000000000009 4329.8738290223055 2221.6332645889556 11.500000000000002 80.500000000000014 -63.499999999999993 297.50000000000006 59.602921675050005 36.942810304358339 26.568274269208334 281.50000000000006
decision_type=2 2 2 2 10 10 8 8 10 8 8 10 8 10
left_child=-1 4 9 -4 5 6 -2 -6 10 12 11 -8 13 -3
right_child=1 2 3 -5 7 -7 8 -9 -10 -11 -12 -13 -14 -15
leaf_value=0.056420009973016737 0.72983380029724676 1.2506093432558429 0.051556077568195739 -2.4620019340398227 0.46181694983902533 -0.89066230548507286 -1.2392098589958722 -0.0077418976967280929 -0.03455437394952323 0.69001798140825998 -1.3812234774299745 0.58685985926921458 -0.0006357105534105452 -0.59626619350081544
leaf_weight=3412 194 182 64 89 127 554 165 259 879 130 187 127 3582 36
leaf_count=3412 194 182 64 89 127 554 165 259 879 130 187 127 3582 36
internal_value=-0.000189227 -0.00125456 0.00044809 -0.0153896 -0.00404332 -0.0055814 -0.00247263 0.00434109 -0.00459161 0.00106843 -0.0108125 -0.0047099 0.000568272 0.0106849
internal_weight=9987 6575 4083 153 2492 2106 1552 386 1358 3930 479 292 3800 218
internal_count=9987 6575 4083 153 2492 2106 1552 386 1358 3930 479 292 3800 218
is_linear=0
shrinkage=0.03


Tree=157
num_leaves=15
num_cat=0
split_feature=0 37 26 14 26 14 41 26 34 38 36 39 40 27
split_gain=32.6728 29.5791 37.1441 32.8495 29.2479 28.9838 23.2551 24.3251 20.9909 21.8306 20.7889 19.8059 19.6408 19.1584
threshold=216.50000000000003 48.192114767016058 37.413741455000007 13.199999999999998 37.667786035000006 11.799999999999999 250.50000000000003 37.454509895000008 1309.5000000000002 74.500000000000014 35.350004860503553 67.528083241216677 -391.99999999999994 55.62614872000001
decision_type=2 8 2 10 2 10 10 2 8 8 10 10 8 2
left_child=10 2 -2 8 5 -3 7 -7 -4 -10 12 -6 -1 -14
right_child=1 4 3 -5 11 6 -8 -9 9 -11 -12 -13 13 -15
leaf_value=0.71464405750351134 0.48548747444338131 -0.7180149309633066 0.12045778046008251 -1.5976060519619906 -1.2157755447265428 0.97206060681869344 0.66554739708059363 -2.3341141158810959 -2.315574046063531 -0.12052115593479679 0.20167570974445884 1.1128395370049566 0.14656151869862655 -0.0068375500994172179
leaf_weight=64 64 225 44 232 30 67 62 43 55 130 208 137 1359 7277
leaf_count=64 64 225 44 232 30 67 62 43 55 130 208 137 1359 7277
internal_value=-0.000189038 -0.00509174 -0.0102091 -0.0131818 -0.000318584 -0.00474874 0.00450867 -0.00378378 -0.00508696 -0.00951613 0.000410821 0.0101786 0.000186185 6.25217e-05
internal_weight=9997 1089 525 461 564 397 172 110 229 185 8908 167 8700 8636
internal_count=9997 1089 525 461 564 397 172 110 229 185 8908 167 8700 8636
is_linear=0
shrinkage=0.03


Tree=158
num_leaves=15
num_cat=0
split_feature=27 9 27 38 16 27 38 23 39 16 26 18 38 36
split_gain=27.934 58.6063 35.6371 32.0714 33.4577 35.2049 31.8555 30.8614 27.9658 27.6355 34.4258 27.3481 46.4702 34.5914
threshold=55.653688130000006 55.907688832983339 55.663635485000007 -43.499999999999993 24.500000000000004 55.688671190000008 -73.499999999999986 0.90392307692307705 290.85000000000008 20.500000000000004 37.723279030000008 1823.0809591238024 -29.499999999999996 28.95401691331924
decision_type=2 10 2 8 10 2 8 2 10 10 2 8 8 10
left_child=8 2 7 4 5 -4 -3 -2 11 -5 -11 13 -13 -1
right_child=1 6 3 9 -6 -7 -8 -9 -10 10 -12 12 -14 -15
leaf_value=0.12493142856180059 -0.0073045142628437327 -1.3764890563811432 -1.4413465400843544 0.0030575005074668774 0.36832720898249416 -0.11202243274273029 -0.10729239178109715 -0.83616323582376462 -0.38025708741738012 0.42566542287220366 -0.85730781311660897 0.21917265548872081 -0.05040088741488577 1.4484996598382152
leaf_weight=1438 230 161 171 2640 229 498 791 209 145 1017 98 492 1776 154
leaf_count=1438 230 161 171 2640 229 498 791 209 145 1017 98 492 1776 154
internal_value=5.67164e-05 -0.00123077 4.71235e-05 0.000818651 -0.00427141 -0.00765672 -0.00805876 -0.00811364 0.0019995 0.00203674 0.00599462 0.0024864 0.000370207 0.00549906
internal_weight=10049 6044 5092 4653 898 669 952 439 4005 3755 1115 3860 2268 1592
internal_count=10049 6044 5092 4653 898 669 952 439 4005 3755 1115 3860 2268 1592
is_linear=0
shrinkage=0.03


Tree=159
num_leaves=15
num_cat=0
split_feature=6 10 12 2 23 8 27 27 2 27 35 9 38 37
split_gain=27.3295 38.4333 34.4026 26.0003 24.8102 24.6787 44.0762 51.9848 46.7741 41.3872 44.382 40.073 39.8841 33.7975
threshold=8.5000000000000018 1.0000000180025095e-35 313.50000000000006 2.9750000000000005 0.82371439141694425 3.5000000000000004 55.655464945000013 55.686098940000008 6.1916666666666673 55.738747010000004 4683.9018250039799 49.01527559118334 331.50000000000006 86.817704622263605
decision_type=2 8 10 2 2 2 2 2 2 2 10 8 10 8
left_child=2 3 5 -2 -5 9 -7 11 -9 13 -11 -8 -10 -1
right_child=1 -3 -4 4 -6 6 7 8 12 10 -12 -13 -14 -15
leaf_value=-0.35419446016615891 -0.53960919715909661 -0.013083972440929344 -0.56809368523869863 1.9830047443628129 0.3586323515901782 0.12180569020610719 0.18515784171663605 0.34505115349401738 -0.0097429767639680871 0.18889081318639406 -0.0683764449660174 -1.0186142210334537 -0.59286044919141345 0.039534539210605298
leaf_weight=2586 138 433 350 104 1656 1191 60 372 1410 352 92 213 91 916
leaf_count=2586 138 433 350 104 1656 1191 60 372 1410 352 92 213 91 916
internal_value=-0.000385349 0.00245712 -0.0012536 0.004297 0.00528109 -0.000811367 0.00108748 -0.00148114 0.000304162 -0.00241703 0.00620225 -0.0136861 -0.00205726 -0.00351128
internal_weight=9964 2331 7633 1898 1760 7283 3337 2146 1873 3946 444 273 1501 3502
internal_count=9964 2331 7633 1898 1760 7283 3337 2146 1873 3946 444 273 1501 3502
is_linear=0
shrinkage=0.03


Tree=160
num_leaves=15
num_cat=0
split_feature=6 10 26 0 27 34 38 40 6 26 18 3 16 22
split_gain=27.0661 34.0876 24.1248 37.6513 32.0142 50.2789 42.5547 31.4863 29.898 54.9712 26.2574 26.1897 26.4138 50.9415
threshold=8.5000000000000018 0.75000000000000011 37.566423880000009 187.50000000000003 55.654052025000006 11285.000000000002 266.50000000000006 -192.99999999999997 6.5000000000000009 37.814695765000003 3888.2861501159819 1.0000000180025095e-35 19.500000000000004 0.29198717948717956
decision_type=2 8 2 2 2 8 8 8 2 2 10 2 10 8
left_child=2 -2 3 7 5 -4 10 -1 9 -6 -7 12 13 -5
right_child=1 -3 4 11 8 6 -8 -9 -10 -11 -12 -13 -14 -15
leaf_value=0.35824104970280146 0.28904933031791913 -0.0097153325647747271 0.72613600461470462 1.2866315883031778 -0.90391323577466276 -0.0032941453305680864 -0.41040193855542156 0.014126881380391226 -0.051465201174353624 0.069816692817871909 0.21725698773347116 -1.135485761801357 -0.64563312818926222 -0.43154547834843116
leaf_weight=185 1942 422 203 115 557 565 298 3420 1337 273 102 78 351 211
leaf_count=185 1942 422 203 115 557 565 298 3420 1337 273 102 78 351 211
internal_value=-0.000193837 0.00261311 -0.00105639 0.000412749 -0.00297662 0.00102652 -0.0018323 0.00168885 -0.00513376 -0.00960289 0.00238024 -0.0056746 -0.00376106 0.00238532
internal_weight=10059 2364 7695 4360 3335 1168 965 3605 2167 830 667 755 677 326
internal_count=10059 2364 7695 4360 3335 1168 965 3605 2167 830 667 755 677 326
is_linear=0
shrinkage=0.03


Tree=161
num_leaves=15
num_cat=0
split_feature=0 6 3 0 2 13 26 13 35 2 0 2 18 2
split_gain=26.4071 22.1189 30.8966 24.3902 26.5994 26.2852 22.1277 27.826 29.8459 28.2835 31.7092 39.13 27.8599 43.18
threshold=580.50000000000011 9.5000000000000018 1.0000000180025095e-35 -146.49999999999997 11.841666666666669 -127.49999999999999 37.479357640000011 -13.499999999999998 319.82442590304316 5.6250000000000009 183.50000000000003 10.241666666666669 1014.1495297937657 21.758333333333336
decision_type=2 2 2 2 2 8 2 10 8 2 2 2 10 2
left_child=1 3 -3 4 5 -1 7 8 -5 -9 11 -11 -13 -14
right_child=-2 2 -4 6 -6 -7 -8 9 -10 10 -12 12 13 -15
leaf_value=-0.86380132908508123 -4.5308426058846827 0.90595233262030794 -0.007769979651145547 -0.35791342483096994 1.3078208680083345 1.8465763957763446 -0.032260318980104771 0.28847931043816433 0.48528851288953573 -0.19075240900306467 -0.6131819510975185 -0.12431262151947492 0.4084336811050292 -0.084943939870557345
leaf_weight=87 35 457 193 74 188 63 5880 329 738 505 521 155 662 133
leaf_count=87 35 457 193 74 188 63 5880 329 738 505 521 155 662 133
internal_value=-0.00018561 -9.31304e-05 0.00525346 -0.000465938 0.00743363 -0.00198675 -0.000763503 0.00127967 0.00605166 -0.000403296 -0.00176024 0.00051511 0.00410095 0.00636935
internal_weight=10020 9985 650 9335 338 150 8997 3117 812 2305 1976 1455 950 795
internal_count=10020 9985 650 9335 338 150 8997 3117 812 2305 1976 1455 950 795
is_linear=0
shrinkage=0.03


Tree=162
num_leaves=15
num_cat=0
split_feature=0 39 2 16 39 37 39 25 2 2 9 24 0 36
split_gain=28.0695 34.123 38.2458 26.7329 27.5146 33.3884 29.927 26.2084 27.2083 25.6232 25.5726 24.9025 22.0871 21.408
threshold=-30.499999999999996 136.42371424166669 6.4416666666666673 27.500000000000004 26.148098799708336 -392.38131772255946 58.875000000000007 45.500000000000007 15.175000000000002 2.4250000000000003 80.026028440000019 1.0000000180025095e-35 -157.49999999999997 44.391303158009968
decision_type=2 8 2 10 8 10 8 2 2 2 10 10 2 8
left_child=1 2 -1 4 5 -2 7 8 -6 -3 11 -4 -13 -11
right_child=3 9 10 -5 6 -7 -8 -9 -10 13 -12 12 -14 -15
leaf_value=0.91638212007981301 -0.43866190979653208 -0.52567290393271093 -0.79737446766940323 0.52917473615743527 0.23272678778433167 1.0517124557961242 -0.01008133167198752 -0.52223948478006932 -0.5437142967386378 -0.082447075659462105 0.96176124648338324 1.1793152021460644 0.15448682709427969 0.70525508399586678
leaf_weight=137 35 56 83 294 305 189 6538 528 103 716 62 115 819 76
leaf_count=137 35 56 83 294 305 189 6538 528 103 716 62 115 819 76
internal_value=-0.000125286 0.00299274 0.006212 -0.000930814 -0.00127029 0.00906667 -0.00158127 -0.00659552 -0.000880196 -0.00162544 0.00430556 0.00315324 0.00455615 -0.000226986
internal_weight=10056 2064 1216 7992 7698 224 7474 936 408 848 1079 1017 934 792
internal_count=10056 2064 1216 7992 7698 224 7474 936 408 848 1079 1017 934 792
is_linear=0
shrinkage=0.03


Tree=163
num_leaves=15
num_cat=0
split_feature=6 0 12 31 26 2 0 27 38 39 25 34 17 12
split_gain=29.0779 30.2491 23.2002 22.802 22.5974 22.47 21.022 37.0212 32.1194 21.2836 39.3414 26.1211 23.9592 23.8654
threshold=8.5000000000000018 -1.0000000180025095e-35 -255.49999999999997 46.500000000000007 37.631753030000006 2.4250000000000003 359.50000000000006 55.653688130000006 34.500000000000007 142.00114363769168 277.50000000000006 4342.0000000000009 508.62831200000005 57.500000000000007
decision_type=2 2 8 2 2 2 2 2 10 10 2 10 10 8
left_child=2 5 -1 -3 -5 -2 9 8 -8 11 12 -4 13 -11
right_child=1 3 6 4 -6 -7 7 -9 -10 10 -12 -13 -14 -15
leaf_value=0.27618234611691744 -0.35834815415566756 -0.017624964238788191 -0.009617427903768884 0.0044516420313972559 0.89068409497285261 0.57413219066394572 0.7252031841919635 -1.3979970319750252 -1.3767252270351999 -0.65721439485578415 -2.0078012508632108 0.70224705260207654 0.61384331701431993 -0.0014880735506990895
leaf_weight=205 67 773 5857 559 216 722 66 137 58 611 75 43 48 638
leaf_count=205 67 773 5857 559 216 722 66 137 58 611 75 43 48 638
internal_value=-0.000455538 0.00247648 -0.00134126 3.87347e-05 0.00367268 0.00725316 -0.00161269 -0.00996183 0.00192 -0.0013117 -0.00467589 -0.000528724 -0.00344376 -0.004248
internal_weight=10075 2337 7738 1548 775 789 7533 261 124 7272 1372 5900 1297 1249
internal_count=10075 2337 7738 1548 775 789 7533 261 124 7272 1372 5900 1297 1249
is_linear=0
shrinkage=0.03


Tree=164
num_leaves=15
num_cat=0
split_feature=27 39 32 6 36 18 22 39 39 39 40 0 7 27
split_gain=30.4221 39.1404 36.2944 36.2487 28.4503 45.198 40.2349 37.9582 31.4653 39.0049 28.3081 28.2049 47.0091 32.5624
threshold=55.62614872000001 284.35833333333341 -275.49999999999994 9.5000000000000018 26.104957160342721 2260.391698119613 0.95916666666666683 79.77500000000002 76.334361773333342 120.32405530193334 92.500000000000014 359.50000000000006 1.0000000180025095e-35 55.696490845000007
decision_type=2 10 2 2 8 8 8 8 10 10 10 2 2 2
left_child=1 2 10 11 6 -6 7 -4 -7 -10 -1 13 -13 -2
right_child=3 -3 4 -5 5 8 -8 -9 9 -11 -12 12 -14 -15
leaf_value=1.0727028777156835 -0.07938467022548891 -0.90699357438260164 -2.4338681587066358 0.066604614155699599 2.0294489272820142 0.14038350090572804 -0.61378212648132957 0.49931254227933675 -2.0046459868430557 0.027038005752861752 -0.53250565121507176 0.040313663523646175 -2.2195690313095682 0.0082749726706883523
leaf_weight=270 4076 80 36 576 148 315 41 471 220 142 30 93 87 3452
leaf_count=270 4076 80 36 576 148 315 41 471 220 142 30 93 87 3452
internal_value=-0.000254035 0.00333523 0.004319 -0.00101388 0.00224891 -0.00127119 0.00754098 0.0098622 -0.00455752 -0.0105785 0.0137542 -0.00155662 -0.0132597 -0.00127507
internal_weight=10037 1753 1673 8284 1373 825 548 507 677 362 300 7708 180 7528
internal_count=10037 1753 1673 8284 1373 825 548 507 677 362 300 7708 180 7528
is_linear=0
shrinkage=0.03


Tree=165
num_leaves=15
num_cat=0
split_feature=27 39 36 12 1 39 9 23 12 35 9 9 35 2
split_gain=26.0211 41.267 39.2733 43.1133 28.9892 26.1641 25.6124 24.4947 34.79 24.0547 23.9175 29.8185 33.7269 30.7652
threshold=55.62614872000001 290.85000000000008 25.75119047619048 16.500000000000004 11.857762616666669 26.148098799708336 116.04175805776667 0.90029239766081881 4.5000000000000009 6193.1391916538732 50.738072875508344 9.0152755911833342 3891.1161537984194 16.758333333333336
decision_type=2 10 8 10 2 8 8 2 8 10 10 10 10 2
left_child=1 2 6 7 5 -2 9 8 -4 -1 11 -5 13 -13
right_child=4 -3 3 10 -6 -7 -8 -9 -10 -11 -12 12 -14 -15
leaf_value=0.87007463961364084 1.2029102925210704 -1.6021742515430764 -4.1451490145419339 0.63314329181869 -0.05986312023455416 0.00035571647269633347 -0.22262738410929125 1.0395353739793085 0.13796937418659935 -0.41845235117088986 0.033603755263229569 -1.6138174629290032 -1.9737918461567789 3.6956744485111184
leaf_weight=515 142 72 39 89 2598 5564 33 307 101 42 202 54 251 31
leaf_count=515 142 72 39 89 2598 5564 33 307 101 42 202 54 251 31
internal_value=-0.000161339 0.00317789 0.00414414 0.000725581 -0.000859723 0.000336429 0.0103553 0.00783482 -0.00255319 0.0118817 -0.00434713 -0.00838028 -0.0124629 0.00383721
internal_weight=10040 1736 1664 1074 8304 5706 590 447 140 557 627 425 336 85
internal_count=10040 1736 1664 1074 8304 5706 590 447 140 557 627 425 336 85
is_linear=0
shrinkage=0.03


Tree=166
num_leaves=15
num_cat=0
split_feature=0 26 2 9 9 2 40 2 0 14 27 2 12 9
split_gain=26.4881 33.648 30.6872 43.6511 45.7079 30.4821 43.7313 23.7678 23.3193 22.0857 20.8503 20.8477 24.7772 28.9467
threshold=-38.499999999999993 37.524607320000008 6.6750000000000016 6.9593109504500008 73.026028440000019 11.675000000000002 48.500000000000007 2.4250000000000003 -113.49999999999999 -16.79999999999999 55.689173500000003 13.341666666666669 -104.49999999999999 31.942810304358336
decision_type=2 2 2 10 10 2 10 2 2 10 2 2 10 10
left_child=1 9 7 -4 5 -5 8 -3 -7 -1 -8 -10 -13 -14
right_child=-2 2 3 4 -6 6 10 -9 11 -11 -12 12 13 -15
leaf_value=0.25601132274745447 -0.014701113511003287 -0.46109534611672637 1.5819934061915268 -0.78432648017914819 0.63760039848783634 0.75633346034520266 -1.194268063409144 0.8310740564889022 -1.5697965324550291 0.82151391692352371 0.035697642879172022 -0.52864546904538157 -0.83861737805915448 1.392001532828689
leaf_weight=215 8230 36 118 265 164 146 139 182 40 273 58 69 49 96
leaf_count=215 8230 36 118 265 164 146 139 182 40 273 58 69 49 96
internal_value=-0.000422577 0.0028201 0.000396185 -0.00157205 -0.00356378 -0.00632677 -0.00255853 0.0106849 0.00314214 0.00957055 -0.0140909 -0.00235294 0.00139535 0.00842466
internal_weight=10080 1850 1362 1144 1026 862 597 218 400 488 197 254 214 145
internal_count=10080 1850 1362 1144 1026 862 597 218 400 488 197 254 214 145
is_linear=0
shrinkage=0.03


Tree=167
num_leaves=15
num_cat=0
split_feature=0 39 36 2 2 39 27 12 17 35 39 36 39 2
split_gain=22.8219 34.7537 26.0912 34.6535 32.4381 30.9783 25.6756 23.6084 23.1998 20.676 36.7574 27.672 28.2853 25.911
threshold=-48.499999999999993 135.65000000000001 20.725818576678922 9.0083333333333346 12.175000000000002 97.250925950866687 55.648402350000005 -104.49999999999999 -111.46575799999998 626.22480167951278 77.518621057533338 27.768707865168544 328.4666666666667 9.5083333333333346
decision_type=2 10 10 2 2 10 2 8 10 8 8 10 8 2
left_child=1 2 6 -4 5 -5 -1 -6 -3 10 -2 12 13 -12
right_child=9 8 3 4 7 -7 -8 -9 -10 -11 11 -13 -14 -15
leaf_value=1.0770765987978288 -0.43744184360725341 -0.50385966284371331 0.78259366587480894 -1.7935466699882063 -0.22224507199879495 0.13026977811453166 0.38614797992476846 1.3561225445234166 0.32294681680484982 -0.0047102610711527264 0.21707250961190133 -0.39302137094539458 0.25444044292182877 -0.34222173217099755
leaf_weight=188 210 315 143 98 65 74 504 89 168 7796 66 70 90 176
leaf_count=188 210 315 143 98 65 74 504 89 168 7796 66 70 90 176
internal_value=-0.000131304 0.0031003 0.00591222 0.000446809 -0.00495413 -0.0138728 0.00961039 0.00503226 -0.00365702 -0.000763468 -0.00606852 -0.000744417 0.00288288 -0.00246914
internal_weight=10052 1644 1161 469 326 172 692 154 483 8408 612 402 332 242
internal_count=10052 1644 1161 469 326 172 692 154 483 8408 612 402 332 242
is_linear=0
shrinkage=0.03


Tree=168
num_leaves=15
num_cat=0
split_feature=0 41 5 39 36 37 36 26 15 18 39 37 36 39
split_gain=20.3848 33.7064 37.5817 31.4003 35.4979 26.0944 21.2061 20.9007 39.9991 47.4334 43.0749 34.8675 34.071 32.3134
threshold=183.50000000000003 178.50000000000003 3.5000000000000004 124.51466401517501 19.449719101123598 -576.90809324812051 22.658244274809167 37.47437934500001 539.00000000000011 984.54074949171275 76.334361773333342 -192.07752047450947 21.900850540924754 92.152392724600006
decision_type=2 8 2 10 8 10 10 2 10 10 8 8 10 8
left_child=7 3 -3 -2 -5 -4 -6 8 9 12 -11 13 -1 -12
right_child=1 2 5 4 6 -7 -8 -9 -10 10 11 -13 -14 -15
leaf_value=-0.31215857623681303 -1.2934271623357128 0.085163761163161669 0.041173337941553992 1.4736151134527853 -2.4122561279841581 -1.4353534057108484 0.12376813465037123 -0.0071841124660114962 -0.048826034397656148 1.4286773826672277 -0.45115968168726944 0.0095150733270894239 0.36579494876802632 0.86413385928630615
leaf_weight=351 274 831 55 47 39 118 42 6081 351 443 40 1063 116 159
leaf_count=351 274 831 55 47 39 118 42 6081 351 443 40 1063 116 159
internal_value=-0.000191789 -0.00353945 -0.000597015 -0.0108685 0.00139535 -0.0132759 -0.0106098 0.000355607 0.00265055 0.00416935 0.00648886 0.00365796 -0.00429487 0.01515
internal_weight=10010 1406 1004 402 128 173 81 8604 2523 2172 1705 1262 467 199
internal_count=10010 1406 1004 402 128 173 81 8604 2523 2172 1705 1262 467 199
is_linear=0
shrinkage=0.03


Tree=169
num_leaves=15
num_cat=0
split_feature=6 3 27 36 2 37 22 14 18 36 0 7 27 15
split_gain=22.8118 24.2284 21.4396 25.6776 54.5111 35.1451 34.2552 31.7712 31.8039 30.319 25.552 35.3045 30.0405 41.1667
threshold=9.5000000000000018 1.0000000180025095e-35 55.62614872000001 25.868269230769233 18.525000000000002 -232.46681522415616 0.95916666666666683 -11.199999999999987 4587.6235905060903 28.95401691331924 359.50000000000006 1.0000000180025095e-35 55.688671190000008 458.50000000000006
decision_type=2 2 2 8 2 8 8 10 10 10 2 2 2 10
left_child=2 -2 3 4 6 9 -1 -7 -9 -5 12 -12 13 -4
right_child=1 -3 10 5 -6 7 -8 8 -10 -11 11 -13 -14 -15
leaf_value=0.84285830106679571 0.76848981360958446 -0.016694747956107675 -0.1752438807301456 -0.46657134227055397 -0.54441833041079224 0.10507286636765079 -0.86781934602163058 -1.2130650384416199 0.17019458276087709 2.0314221384917044 0.0044781926833501549 -2.1437040151595212 0.010619983621362017 0.072560301257894574
leaf_weight=490 459 199 3278 74 104 400 55 311 116 120 92 78 3735 493
leaf_count=490 459 199 3278 74 104 400 55 311 116 120 92 78 3735 493
internal_value=-0.000113943 0.00528073 -0.000494276 0.00258528 0.00724615 -0.000381605 0.011044 -0.00307971 -0.00876168 0.0110769 -0.00116452 -0.0126316 -0.000903157 -0.00279162
internal_weight=10004 658 9346 1670 649 1021 545 827 427 194 7676 170 7506 3771
internal_count=10004 658 9346 1670 649 1021 545 827 427 194 7676 170 7506 3771
is_linear=0
shrinkage=0.03


Tree=170
num_leaves=15
num_cat=0
split_feature=0 37 18 26 8 9 9 20 5 40 41 38 27 27
split_gain=24.2246 22.3407 40.9094 28.7976 27.5648 28.1697 26.4793 26.3248 24.9318 25.9591 25.3765 22.5673 20.1753 19.6299
threshold=11.500000000000002 92.06270707875116 2403.3974140303649 37.440657635000008 5.5000000000000009 67.01527559118334 24.959310950450003 15.679285714285717 2.5000000000000004 2.5000000000000004 167.50000000000003 51.500000000000007 55.625296430000006 55.613116985000005
decision_type=2 10 8 2 2 10 10 10 2 10 10 8 2 2
left_child=13 2 7 6 5 -3 -4 8 10 -10 12 -8 -2 -1
right_child=1 4 3 -5 -6 -7 11 -9 9 -11 -12 -13 -14 -15
leaf_value=0.9951598854337439 0.75125447575956128 0.057361388067199072 0.86214504897825306 -0.57159536815751499 -0.794328829413947 2.9216843722942372 1.0473520255447821 0.19661705164478002 -0.046472900971895326 -0.83677343497523482 0.60109643620539144 -1.0470121929606866 -0.15950221936511716 0.0074636671917736926
leaf_weight=229 76 1581 104 915 42 80 32 647 257 227 271 99 1064 4461
leaf_count=229 76 1581 104 915 42 80 32 647 257 227 271 99 1064 4461
internal_value=-8.03093e-05 -0.00145107 -0.00276198 -0.00745439 0.00139085 0.00200361 0.00190678 -0.000637043 -0.00242089 -0.00828866 -0.000403683 -0.00704545 -0.00236635 0.00149648
internal_weight=10085 5395 3692 1150 1703 1661 235 2542 1895 484 1411 131 1140 4690
internal_count=10085 5395 3692 1150 1703 1661 235 2542 1895 484 1411 131 1140 4690
is_linear=0
shrinkage=0.03


Tree=171
num_leaves=15
num_cat=0
split_feature=0 7 9 6 26 26 0 39 13 31 39 27 9 26
split_gain=21.0227 39.8123 21.9469 30.4452 30.8887 41.758 35.8484 26.5001 32.6562 34.7299 31.5453 26.2413 35.5531 24.8695
threshold=403.00000000000006 1.0000000180025095e-35 70.01527559118334 6.5000000000000009 37.566423880000009 37.448708735000004 258.50000000000006 142.5916666666667 71.500000000000014 -91.499999999999986 61.891666666666673 55.670980610000008 55.01527559118334 37.527450460000004
decision_type=2 2 8 2 2 2 2 8 8 2 10 2 10 2
left_child=2 -2 3 4 5 -1 11 8 9 -6 -11 12 -7 -14
right_child=1 -3 -4 -5 7 6 -8 -9 -10 10 -12 -13 13 -15
leaf_value=-0.049813205374225858 0.015246527033216427 -3.3467823312985265 0.06688847702985129 0.0068790561238247045 0.19337026922104272 -0.29392038918910168 -1.2339159619847517 -0.95449816906734775 0.17612236821891414 0.41256621604002525 -1.1475197416013874 0.23553992641999225 1.8211114091599709 -0.061293495500746642
leaf_weight=866 104 65 1547 6134 66 141 47 276 191 52 230 174 64 49
leaf_count=866 104 65 1547 6134 66 141 47 276 191 52 230 174 64 49
internal_value=4.79664e-05 -0.0104118 0.000228705 -0.000383548 -0.00344924 -0.000648286 0.0064916 -0.00805147 -0.00416667 -0.00962751 -0.0142049 0.00923077 0.00305882 0.0155263
internal_weight=10006 169 9837 8290 2156 1341 475 815 539 348 282 428 254 113
internal_count=10006 169 9837 8290 2156 1341 475 815 539 348 282 428 254 113
is_linear=0
shrinkage=0.03


Tree=172
num_leaves=15
num_cat=0
split_feature=37 2 2 41 0 41 23 31 31 16 39 39 40 2
split_gain=21.6665 32.4111 43.2434 29.5794 29.1244 33.3472 28.688 31.6903 28.1531 26.5513 26.3738 28.7242 28.0345 25.1071
threshold=129.01430065629418 20.025000000000002 17.925000000000004 25.500000000000004 11.500000000000002 -190.49999999999997 0.10990338164251208 47.500000000000007 310.50000000000006 7.5000000000000009 55.119059391266674 25.59327426920834 -122.49999999999999 2.4250000000000003
decision_type=10 2 2 10 2 8 2 2 2 10 8 10 8 2
left_child=4 2 -2 9 13 -6 -7 -8 -4 -3 11 -9 -12 -1
right_child=1 3 8 -5 5 6 7 10 -10 -11 12 -13 -14 -15
leaf_value=-0.073201366506764495 0.044641084760578348 -0.17710136563358389 2.9903465826863167 -0.59673309337816405 0.48351312612098823 -0.71934711856074351 -0.42378148612486488 0.40443018689467725 -0.0060527872730322318 0.17658096677043722 -0.48312115206721606 -0.72466631073702559 0.046985867943927527 0.015024625356012011
leaf_weight=222 1131 113 159 132 127 118 1155 97 62 147 290 317 1928 3993
leaf_count=222 1131 113 159 132 127 118 1155 97 62 147 290 317 1928 3993
internal_value=-0.000183147 0.00285387 0.00505543 -0.00473282 -0.000825655 -0.00264815 -0.00314132 -0.00268479 0.0171622 0.00114943 -0.000865932 -0.00780723 0.000432627 0.000917932
internal_weight=9991 1744 1352 392 8247 4032 3905 3787 221 260 2632 414 2218 4215
internal_count=9991 1744 1352 392 8247 4032 3905 3787 221 260 2632 414 2218 4215
is_linear=0
shrinkage=0.03


Tree=173
num_leaves=15
num_cat=0
split_feature=2 16 2 13 14 32 18 23 26 39 38 0 39 21
split_gain=21.261 35.3434 35.0799 33.9853 46.7272 25.7025 23.8867 32.4675 26.0236 24.7135 36.6758 24.8897 23.2944 22.4874
threshold=20.508333333333336 7.5000000000000009 17.841666666666672 292.50000000000006 25.999999999999989 348.50000000000006 1436.8623630885943 0.63574938574938578 37.741921155000007 61.450783384975004 -19.499999999999996 40.500000000000007 158.63342472443335 18.650000000000002
decision_type=2 8 2 10 8 2 10 2 2 8 8 2 10 10
left_child=2 -2 -1 6 5 -5 -4 -8 9 -9 11 -11 -12 -3
right_child=1 13 3 4 -6 -7 7 8 -10 10 12 -13 -14 -15
leaf_value=-0.0047915780348723926 -0.70815469895618577 -0.037832584703994816 1.8973363699261649 -1.2479943082635829 2.0023564551485862 0.26883228008881799 3.4664431141416281 2.162548565369117 3.1215133696897772 0.0013981419325869292 0.56671110030381 -1.5036015341840359 -1.2748504194526669 0.033988060138501371
leaf_weight=8316 134 525 166 92 33 42 51 32 46 37 226 62 31 328
leaf_count=8316 134 525 166 92 33 42 51 32 46 37 226 62 31 328
internal_value=-0.000222288 -0.00440283 0.000229885 0.00615385 -0.00589286 -0.0137778 0.00924847 0.0058642 0.00317241 0.000616967 -0.00168067 -0.0171 0.00430233 -0.00214286
internal_weight=10121 987 9134 818 167 134 651 485 434 388 356 99 257 853
internal_count=10121 987 9134 818 167 134 651 485 434 388 356 99 257 853
is_linear=0
shrinkage=0.03


Tree=174
num_leaves=15
num_cat=0
split_feature=12 6 17 14 41 26 26 15 9 35 17 5 9 21
split_gain=21.2022 30.053 25.8309 21.8894 24.707 17.4974 26.7846 26.0111 31.5909 34.4006 27.1539 23.0416 23.1292 22.6208
threshold=317.50000000000006 4.5000000000000009 36.175300000000007 20.200000000000014 217.50000000000003 37.479357640000011 37.48296091000001 539.00000000000011 3.5431117257750002 440.95546972161213 37.54711600000001 1.5000000000000002 19.959310950450003 33.95000000000001
decision_type=10 2 10 8 10 2 2 10 10 10 8 2 10 10
left_child=5 -2 -3 -4 -5 7 11 8 -1 -10 -11 -7 -13 -12
right_child=1 2 3 4 -6 6 -8 -9 9 10 13 12 -14 -15
leaf_value=0.82051646837966452 -0.73214696626097742 0.11629868463709123 -0.83431446234405371 -0.45360670175163248 1.1604017569166325 -0.048049392214023996 -0.0029991666176602694 -0.040756178344838322 -0.58764851222844339 0.83033907187702816 -0.01882686433567116 -0.90079731450100853 0.24106767272273802 0.097510372145506466
leaf_weight=274 97 138 117 65 36 140 6239 314 114 482 1581 91 31 338
leaf_count=274 97 138 117 65 36 140 6239 314 114 482 1581 91 31 338
internal_value=-7.45675e-05 -0.00640969 -0.00235294 -0.00876712 0.00147059 0.000224883 -0.000659797 0.00207796 0.003 0.00194356 0.00271024 -0.010038 -0.0195122 0.00110937
internal_weight=10057 453 356 218 101 9604 6501 3103 2789 2515 2401 262 122 1919
internal_count=10057 453 356 218 101 9604 6501 3103 2789 2515 2401 262 122 1919
is_linear=0
shrinkage=0.03


Tree=175
num_leaves=15
num_cat=0
split_feature=2 16 2 12 14 6 27 38 12 21 20 38 27 37
split_gain=23.1905 34.5455 31.9179 41.6641 37.3795 25.6645 30.5309 31.6944 30.776 24.6822 18.673 17.9555 20.818 24.5422
threshold=20.508333333333336 7.5000000000000009 18.008333333333336 40.500000000000007 25.999999999999989 4.5000000000000009 55.727512095000009 108.50000000000001 204.50000000000003 18.650000000000002 9.6571316614420066 -81.499999999999986 55.65948546500001 -48.848820213434401
decision_type=2 8 2 10 8 2 2 8 10 10 8 10 2 8
left_child=2 -2 -1 -4 5 -5 7 -7 -9 11 -6 -3 13 -13
right_child=1 9 3 4 10 6 -8 8 -10 -11 -12 12 -14 -15
leaf_value=0.0021303696055003712 -0.74990131013769801 0.0018656532397298702 1.2456130785357691 -1.7964027867956456 -0.061422501443112197 -1.2796520807968808 1.8139467520345398 1.7464469623651877 -0.34826321464655846 0.034551432915324344 2.1276698310378497 0.060673254005263286 -1.0188732057299001 -0.33801142341816581
leaf_weight=8275 137 192 299 48 38 103 42 71 65 340 91 100 75 146
leaf_count=8275 137 192 299 48 38 103 42 71 65 340 91 100 75 146
internal_value=0.000239449 -0.00411705 0.00071737 0.0066095 0.000915033 -0.00445455 -0.000957447 -0.005125 0.00437956 -0.00186183 0.0145385 -0.00601167 -0.0103416 -0.00607287
internal_weight=10022 990 9032 757 458 329 281 239 136 853 129 513 321 246
internal_count=10022 990 9032 757 458 329 281 239 136 853 129 513 321 246
is_linear=0
shrinkage=0.03


Tree=176
num_leaves=15
num_cat=0
split_feature=0 7 27 27 0 39 17 6 3 27 41 2 32 36
split_gain=22.0946 31.6032 22.8358 25.0443 19.5929 26.1369 18.6938 18.0549 29.4987 19.8057 19.7323 36.9268 33.6403 45.5446
threshold=359.50000000000006 1.0000000180025095e-35 55.604049130000007 55.634618535000008 -151.49999999999997 138.20833333333334 237.55865700000001 9.5000000000000018 1.0000000180025095e-35 55.693304175000009 141.50000000000003 15.758333333333335 -4.2499999999999991 26.69082597730139
decision_type=2 2 2 2 2 8 10 2 2 2 8 2 2 8
left_child=4 2 -2 -4 5 -1 -5 10 -9 -10 11 12 -6 -14
right_child=1 -3 3 6 7 -7 -8 8 9 -11 -12 -13 13 -15
leaf_value=1.3725875977987039 -1.0126369326729763 -1.6639634296434171 0.79062160580732621 0.17050813845687385 -0.11139253031286869 -0.015274560632395144 -0.72712210359998586 0.83686049313785371 0.00081690068283867489 -0.11653053388280686 0.0095051205517931534 -0.33731346787041755 0.21815678389305793 -1.802336917312461
leaf_weight=162 58 118 45 45 1583 166 50 443 113 48 4680 1139 1252 132
leaf_count=162 58 118 45 45 1583 166 50 443 113 48 4680 1139 1252 132
internal_value=-0.000155456 -0.00794953 -0.000603015 0.00595745 9.87756e-05 0.00729483 -0.0028125 -0.000153338 0.0048595 -0.00611111 -0.000498464 -0.00201607 -0.000252695 0.00316245
internal_weight=10034 316 198 140 9718 328 95 9390 604 161 8786 4106 2967 1384
internal_count=10034 316 198 140 9718 328 95 9390 604 161 8786 4106 2967 1384
is_linear=0
shrinkage=0.03


Tree=177
num_leaves=15
num_cat=0
split_feature=6 0 26 26 38 3 13 16 39 38 2 2 22 32
split_gain=23.967 34.1422 29.6174 37.2204 47.83 44.3045 34.3946 32.6564 30.0783 29.5251 29.4759 65.537 33.4305 29.3881
threshold=7.5000000000000009 359.50000000000006 37.644903300000003 37.737809875000004 -7.4999999999999991 1.0000000180025095e-35 1.0000000180025095e-35 27.500000000000004 54.142450051641674 30.500000000000004 20.175000000000004 18.008333333333336 0.43019480519480524 362.00000000000006
decision_type=2 2 2 2 10 2 8 10 10 10 2 2 10 2
left_child=1 2 -1 4 5 7 -6 -4 -8 -5 11 -2 -12 -3
right_child=10 13 3 9 6 -7 8 -9 -10 -11 12 -13 -14 -15
leaf_value=0.014790805129737929 0.020040740891733647 -1.3417162978603829 -1.2799650718331288 0.15546238962083764 -1.4648690898598713 0.066167002011571177 -0.3800432623390681 -0.075257802528231388 0.27718775505751531 -0.19177146372408199 -0.0060065375224039839 1.5162944573696282 -1.889574442440231 0.52285991727029713
leaf_weight=2924 3852 155 492 452 106 96 43 123 310 353 566 379 91 33
leaf_count=2924 3852 155 492 452 106 96 43 123 310 353 566 379 91 33
internal_value=-1.50361e-05 -0.00145637 -0.000973469 -0.00381073 -0.00722459 -0.0120927 0.000326087 -0.0150487 0.00483051 0.00115385 0.00148497 0.00240312 -0.00442249 -0.0139683
internal_weight=9975 5087 4899 1975 1170 711 459 615 353 805 4888 4231 657 188
internal_count=9975 5087 4899 1975 1170 711 459 615 353 805 4888 4231 657 188
is_linear=0
shrinkage=0.03


Tree=178
num_leaves=15
num_cat=0
split_feature=0 7 38 3 0 27 37 0 9 34 9 2 2 18
split_gain=25.6757 32.9805 21.0455 47.6213 36.7369 36.4516 31.0252 29.4388 26.5756 31.039 25.951 31.846 38.2446 31.1464
threshold=403.00000000000006 1.0000000180025095e-35 9.5000000000000018 1.0000000180025095e-35 -84.499999999999986 55.651852825000006 50.686430449484256 146.50000000000003 52.942810304358339 2751.5000000000005 44.959310950450011 15.091666666666669 12.425000000000002 2887.6170932299005
decision_type=2 2 8 2 2 2 10 2 10 10 10 2 2 10
left_child=2 -2 3 4 -1 6 -6 -8 10 -10 11 12 13 -7
right_child=1 -3 -4 -5 5 8 7 -9 9 -11 -12 -13 -14 -15
leaf_value=0.21853532613890578 -0.0098045508851662602 -3.4535815183742775 0.013359664905951564 0.096887269453277802 -0.099064006636335758 -0.12860351600274469 1.3606924699414722 -0.41927293231697849 -1.0956462040628365 0.30234505813252999 1.0948906802224596 -0.78091334997323225 0.4662030452731355 -1.4253386535619466
leaf_weight=410 103 67 6943 279 537 421 110 76 235 36 77 415 168 119
leaf_count=410 103 67 6943 279 537 421 110 76 235 36 77 415 168 119
internal_value=-5.40162e-05 -0.0115789 0.000146535 -0.00200763 -0.00327063 -0.00481093 0.00070442 0.0112299 -0.00752038 -0.0159926 -0.00559534 -0.00675267 -0.00287729 -0.00676525
internal_weight=9996 170 9826 2883 2604 2194 723 186 1471 271 1200 1123 708 540
internal_count=9996 170 9826 2883 2604 2194 723 186 1471 271 1200 1123 708 540
is_linear=0
shrinkage=0.03


Tree=179
num_leaves=15
num_cat=0
split_feature=0 10 37 9 26 12 37 2 41 32 35 14 9 16
split_gain=21.4046 46.5595 24.9142 27.1583 48.8446 35.6277 32.5141 31.4108 31.523 26.4571 22.4569 30.2908 33.3601 24.1495
threshold=16.500000000000004 0.75000000000000011 120.75010174635493 30.94837788253334 37.414099515000011 -67.499999999999986 38.229282957428445 8.5416666666666696 -190.49999999999997 163.50000000000003 3576.7573368392664 3.5999999999999961 8.9742143644916688 4.5000000000000009
decision_type=2 10 10 10 2 10 8 2 8 2 10 8 10 10
left_child=-1 2 3 4 6 -6 -2 9 -9 -5 13 12 -12 -4
right_child=1 -3 10 7 5 -7 -8 8 -10 -11 11 -13 -14 -15
leaf_value=0.014168182854184478 1.5506949546374107 -0.47852152995225139 -1.3269318838005386 0.44100485197096034 0.38609857239498097 -0.46264042300557306 -0.44708498161173515 0.7032554007331917 -0.094254277511394771 -1.3613132018002059 2.0102103869274153 0.65037240969275945 -0.24756590580716945 -0.032848434660489687
leaf_weight=4822 136 141 62 505 101 1623 60 55 1240 57 54 574 389 271
leaf_count=4822 136 141 62 505 101 1623 60 55 1240 57 54 574 389 271
internal_value=-0.000112972 -0.00143481 -0.000965289 -0.00221546 -0.00471629 -0.00633043 0.00944162 0.000371367 -0.00219907 0.00628774 0.00253146 0.0047446 -0.00114865 -0.00422156
internal_weight=10090 5268 5127 3777 1920 1724 196 1857 1295 562 1350 1017 443 333
internal_count=10090 5268 5127 3777 1920 1724 196 1857 1295 562 1350 1017 443 333
is_linear=0
shrinkage=0.03


Tree=180
num_leaves=15
num_cat=0
split_feature=0 13 2 13 12 2 12 6 2 22 39 34 26 2
split_gain=24.2642 30.0124 25.6471 26.8138 27.2045 25.2784 23.7862 25.0394 21.644 17.8555 18.2648 17.3066 52.1968 43.4861
threshold=-92.499999999999986 -110.49999999999999 11.758333333333335 -216.99999999999997 -184.49999999999997 10.708333333333334 317.50000000000006 4.5000000000000009 12.258333333333335 0.17108013937282232 149.36242323282502 1628.0000000000002 37.703970910000002 2.7083333333333339
decision_type=2 10 2 10 10 2 10 2 2 8 10 8 2 2
left_child=1 2 5 -4 -5 9 11 -8 -9 -1 -11 12 -2 -14
right_child=6 -3 3 4 -6 -7 7 8 -10 10 -12 -13 13 -15
leaf_value=-1.1012240649201523 0.0067289036366061337 1.0339683806695821 1.6275929618878131 -0.3457035617726737 0.44389127104523513 -2.5889080854068385 -1.2141658840536831 -0.80312772076405425 0.021533803351361038 0.45183771381928123 -0.62894798308135047 -0.0068400832823037423 -0.25943408235209814 1.1737172381502592
leaf_weight=32 878 256 69 65 280 48 101 114 238 124 43 7618 30 166
leaf_count=32 878 256 69 65 280 48 101 114 238 124 43 7618 30 166
internal_value=-4.17371e-05 0.00460784 0.00122356 0.00578313 0.00234104 -0.00641129 -0.000508419 -0.00720264 -0.00339943 -0.00165 0.00232143 -0.000158748 0.00340465 0.0173604
internal_weight=10062 917 661 414 345 247 9145 453 352 199 167 8692 1074 196
internal_count=10062 917 661 414 345 247 9145 453 352 199 167 8692 1074 196
is_linear=0
shrinkage=0.03


Tree=181
num_leaves=15
num_cat=0
split_feature=27 39 2 9 2 12 20 37 39 0 31 26 2 2
split_gain=23.0549 39.075 26.2974 36.5071 33.0835 27.1941 26.9083 26.0984 24.9729 22.6981 22.2912 21.3098 34.7903 35.128
threshold=55.644023925000006 26.148098799708336 3.2750000000000004 43.974214364491672 4.1916666666666673 149.50000000000003 27.80740740740741 -383.57856031451996 80.550000000000011 258.50000000000006 380.50000000000006 37.709846640000009 12.925000000000002 10.891666666666667
decision_type=2 8 2 10 2 10 8 10 8 2 2 2 2 2
left_child=2 7 3 -1 -4 6 11 -2 9 -7 -3 12 13 -6
right_child=1 10 4 -5 5 8 -8 -9 -10 -11 -12 -13 -14 -15
leaf_value=-0.52567122765239305 -0.17232180182696794 -0.017055737172290426 0.71632569709163896 1.2838611064686543 0.10379648928405892 -0.40290167707587077 -0.014654917693845979 1.2587430445333641 0.015431285521799362 -1.8970062800170329 -1.6140971123934189 0.60152643248808857 0.25635827220510893 -1.4178560556798603
leaf_weight=170 35 6302 172 37 578 147 317 152 383 61 95 438 889 261
leaf_count=170 35 6302 172 37 578 147 317 152 383 61 95 438 889 261
internal_value=-0.000152421 -0.00119362 0.00183266 -0.00850962 0.00249461 0.00177561 0.00315217 0.0122872 -0.00400338 -0.0123445 -0.00158956 0.00434702 0.00284558 -0.00153571
internal_weight=10037 6584 3453 207 3246 3074 2483 187 591 208 6397 2166 1728 839
internal_count=10037 6584 3453 207 3246 3074 2483 187 591 208 6397 2166 1728 839
is_linear=0
shrinkage=0.03


Tree=182
num_leaves=15
num_cat=0
split_feature=0 0 23 2 0 39 37 2 22 38 19 36 37 41
split_gain=21.9713 19.6006 16.3324 35.4026 25.4688 26.488 28.2853 37.049 28.2048 22.3922 21.765 21.6626 21.3389 19.6987
threshold=580.50000000000011 -260.99999999999994 0.89822661644695556 2.8916666666666671 48.500000000000007 76.675000000000026 107.59043713713545 20.025000000000002 0.69504830917874405 690.50000000000011 20.331103453975818 24.2073908888181 230.48309129352927 41.500000000000007
decision_type=2 2 2 2 2 10 8 2 10 10 10 10 10 8
left_child=1 -1 13 11 9 10 8 12 -7 -5 -6 -4 -8 -3
right_child=-2 2 3 4 5 6 7 -9 -10 -11 -12 -13 -14 -15
leaf_value=1.7420054322382212 -4.2809997765964614 -0.21031287450239489 0.022422864483153178 0.12690755482384744 -0.31708546865240683 -0.56991616804346668 0.002197476202897519 -0.62565851382934512 0.03526921205966152 -0.12850130157771444 0.18068288981434044 -0.80292306844529071 1.0428030213481954 -0.0016550874349591047
leaf_weight=37 34 1290 58 2776 375 586 283 86 130 45 1262 95 132 2838
leaf_count=37 34 1290 58 2776 375 586 283 86 130 45 1262 95 132 2838
internal_value=-0.000272238 -0.000189113 -0.000271166 0.000751415 0.00113636 -0.000861646 -0.00421182 0.00125498 -0.00803347 0.00315734 0.00163004 -0.0134416 0.00497596 -0.0017147
internal_weight=10027 9993 9956 5828 5675 2854 1217 501 716 2821 1637 153 415 4128
internal_count=10027 9993 9956 5828 5675 2854 1217 501 716 2821 1637 153 415 4128
is_linear=0
shrinkage=0.03


Tree=183
num_leaves=15
num_cat=0
split_feature=0 23 2 27 9 27 27 36 9 0 38 37 41 6
split_gain=21.4382 20.2595 27.2723 63.136 30.7924 27.0382 29.6231 30.4182 38.6709 25.6413 34.1069 25.8374 24.4476 29.5087
threshold=580.50000000000011 0.89488223320732785 2.8916666666666671 55.712922890000009 291.50000000000006 55.968254635000008 55.787792490000008 15.177865612648224 101.26905939126668 -9.4999999999999982 66.500000000000014 -133.55124665471655 -42.499999999999993 6.5000000000000009
decision_type=2 2 2 2 8 2 2 10 10 2 10 10 8 2
left_child=1 12 3 -3 5 6 7 -4 9 10 11 -9 13 -1
right_child=-2 2 4 -5 -6 -7 -8 8 -10 -11 -12 -13 -14 -15
leaf_value=-1.0088248483281894 -5.3542650819580881 -0.75496337133995772 -0.17684347807503115 1.4317522767064157 0.51241148283242244 -0.17611757871075873 0.76097262420082934 -0.18850847020988915 1.3126172744007885 -0.0051183166370299673 0.855897267258936 0.36216427641477056 -0.0045483325783683736 -0.15705765702901806
leaf_weight=228 30 124 607 39 122 43 242 414 98 3519 397 465 3159 511
leaf_count=228 30 124 607 39 122 43 242 414 98 3519 397 465 3159 511
internal_value=-0.000252025 -0.000174541 0.000909241 -0.0111585 0.00124408 0.000928102 0.00110744 0.000654426 0.00144054 0.00105713 0.00469851 0.00139773 -0.00186202 -0.00677027
internal_weight=9998 9968 6070 163 5907 5785 5742 5500 4893 4795 1276 879 3898 739
internal_count=9998 9968 6070 163 5907 5785 5742 5500 4893 4795 1276 879 3898 739
is_linear=0
shrinkage=0.03


Tree=184
num_leaves=15
num_cat=0
split_feature=16 23 37 3 14 26 0 32 37 36 18 0 27 38
split_gain=23.9814 22.4753 21.1791 30.3839 29.0642 38.7189 31.8169 32.5175 26.3753 26.0223 24.8037 35.2294 27.2739 34.8793
threshold=27.500000000000004 0.866899766899767 19.405189339383245 1.0000000180025095e-35 5.1499999999999977 37.414099515000011 234.50000000000003 -1097.4999999999998 -546.79801151806146 15.177865612648224 2416.8697342295809 7.5000000000000009 55.64011605000001 83.500000000000014
decision_type=10 2 10 2 10 2 2 2 10 10 10 2 2 10
left_child=2 -2 4 9 -1 -6 7 -7 -9 -4 11 -11 13 -12
right_child=1 -3 3 -5 5 6 -8 8 -10 10 12 -13 -14 -15
leaf_value=-0.0054010799342549091 2.9553837139341859 0.17603277593584679 -0.46247280800680002 -0.018181921804646031 0.41890957828774111 0.38935618196966337 -1.4793567118953015 -0.72651106368077689 -0.26400188673680436 1.1468317363777256 0.72619293282919384 0.33123052598764358 -0.1115359320830462 -0.067173554987070602
leaf_weight=4503 57 513 237 496 167 123 209 111 1198 149 405 601 907 342
leaf_count=4503 57 513 237 496 167 123 209 111 1198 149 405 601 907 342
internal_value=-0.000401238 0.00556918 -0.000761985 0.00125239 -0.00176331 -0.00497512 -0.00637637 -0.0047732 -0.00616031 0.00253217 0.00346778 0.00798935 0.0014139 0.00565508
internal_weight=10018 570 9448 3137 6311 1808 1641 1432 1309 2641 2404 750 1654 747
internal_count=10018 570 9448 3137 6311 1808 1641 1432 1309 2641 2404 750 1654 747
is_linear=0
shrinkage=0.03


Tree=185
num_leaves=15
num_cat=0
split_feature=31 32 20 27 27 18 2 2 41 5 24 2 37 38
split_gain=19.221 34.3356 20.5684 17.513 20.872 20.6038 41.9608 43.3702 29.6871 28.029 28.3657 27.8489 27.5183 26.0826
threshold=393.50000000000006 406.00000000000006 10.887301587301589 55.841428305000008 55.809027030000003 2403.3974140303649 12.591666666666669 15.175000000000002 223.50000000000003 9.5000000000000018 2.1025601505000004 6.3583333333333334 -614.45408271956182 76.500000000000014
decision_type=2 2 10 2 2 10 2 2 8 2 8 2 10 10
left_child=3 -2 -3 4 5 9 11 -8 -9 13 -11 -7 -12 -1
right_child=1 2 -4 -5 -6 6 7 8 -10 10 12 -13 -14 -15
leaf_value=0.0029738635809286019 -2.2699638882221143 0.23456200174782429 -0.48667941506184337 -0.046781104667219783 0.086251163606200401 -0.003051320879261073 0.23756887026970366 -0.18507443804280024 0.069537762926345711 -0.41365327795489976 0.022269195914840119 -0.42643365338893413 -0.92594526043184366 0.29230777778402606
leaf_weight=3827 77 36 51 219 147 818 466 688 495 109 334 1110 60 1626
leaf_count=3827 77 36 51 219 147 818 466 688 495 109 334 1110 60 1626
internal_value=-0.000390501 -0.0105455 0.00238636 -0.000221212 -3.09885e-05 -0.000204531 -0.00200391 0.00150909 -0.00154561 0.00087628 -0.00589286 -0.00500778 -0.00212658 0.00150165
internal_weight=10063 164 87 9899 9680 9533 3577 1649 1183 5956 503 1928 394 5453
internal_count=10063 164 87 9899 9680 9533 3577 1649 1183 5956 503 1928 394 5453
is_linear=0
shrinkage=0.03


Tree=186
num_leaves=15
num_cat=0
split_feature=26 27 25 27 5 2 37 18 16 24 2 0 37 22
split_gain=20.3935 30.0407 36.309 30.2777 47.3752 45.5875 38.015 33.5495 33.1859 29.2492 38.6563 40.2277 34.5716 28.7465
threshold=37.479357640000011 55.653688130000006 393.50000000000006 55.688671190000008 3.5000000000000004 14.008333333333335 180.65283872028445 2403.3974140303649 27.500000000000004 826.41881947150011 5.6250000000000009 48.500000000000007 -562.08303922000971 0.30330086580086585
decision_type=2 2 2 2 2 2 10 10 10 10 2 2 8 10
left_child=9 -2 3 4 5 13 8 -5 -7 10 -1 -12 -13 -3
right_child=1 2 -4 7 -6 6 -8 -9 -10 -11 11 12 -14 -15
leaf_value=0.67770346650870938 0.030909239104629494 0.071914852061419163 -2.8607609908441365 0.02799464119166686 -0.89676614630383455 -1.1159225700969693 0.36129941863958781 -0.1086351559931235 0.21492404047696462 -0.018831256836345015 0.15372972999751902 -0.97587034648949633 -0.031517822541668745 -0.46100716273101078
leaf_weight=392 2935 707 49 1271 95 403 80 821 91 262 1143 58 1422 295
leaf_count=392 2935 707 49 1271 95 403 80 821 91 262 1143 58 1422 295
internal_value=-0.000101746 -0.00104475 -0.00280094 -0.00246281 -0.00547249 -0.00422321 -0.0109565 -5.7334e-05 -0.0140606 0.00183954 0.00267573 0.00136052 -0.00190412 -0.000358923
internal_weight=10024 6747 3812 3763 1671 1576 574 2092 494 3277 3015 2623 1480 1002
internal_count=10024 6747 3812 3763 1671 1576 574 2092 494 3277 3015 2623 1480 1002
is_linear=0
shrinkage=0.03


Tree=187
num_leaves=15
num_cat=0
split_feature=2 30 6 0 9 37 38 12 9 10 12 13 40 36
split_gain=24.8021 26.1185 25.136 29.7184 28.5764 27.3798 33.1812 24.7513 22.0118 30.3606 21.9095 20.7178 20.0578 18.683
threshold=2.4250000000000003 330.00000000000006 8.5000000000000018 -1.0000000180025095e-35 197.52361112631669 -16.202182953514747 166.50000000000003 -255.49999999999997 13.974214364491669 1.0000000180025095e-35 108.50000000000001 413.50000000000006 36.500000000000007 21.31231060606061
decision_type=2 2 2 2 8 8 10 8 10 10 10 10 8 10
left_child=1 8 4 5 7 6 13 -2 -1 -10 -5 -9 -12 -4
right_child=2 -3 3 10 -6 -7 -8 11 9 -11 12 -13 -14 -15
leaf_value=-0.12283861968021145 0.47507528100416158 0.03719790590392081 -0.37732430449187915 -0.011075292678434705 0.29076031954993253 0.90183599463828057 1.9562319531995089 -0.018687459998210896 -0.5336739941365547 0.032029798057047212 -0.037190007005695587 -2.4071907894719571 0.62326120540565377 0.45187815414743177
leaf_weight=134 195 42 207 1129 227 335 44 7017 69 36 162 81 244 149
leaf_count=134 195 42 207 1129 227 335 44 7017 69 36 162 81 244 149
internal_value=-0.000271048 -0.00904255 -1.83842e-05 0.00274769 -0.00085361 0.0077038 0.00239401 -0.00118042 -0.012875 -0.00254717 0.000371094 -0.00147063 0.00633907 -0.000672269
internal_weight=10071 281 9790 2270 7520 735 400 7293 239 105 1535 7098 406 356
internal_count=10071 281 9790 2270 7520 735 400 7293 239 105 1535 7098 406 356
is_linear=0
shrinkage=0.03


Tree=188
num_leaves=15
num_cat=0
split_feature=2 2 41 27 27 13 22 0 23 9 26 0 2 27
split_gain=20.4007 41.5512 31.6048 36.8714 43.08 34.9555 30.8011 20.0687 23.0681 22.0772 28.575 34.9188 18.7279 77.784
threshold=20.508333333333336 17.925000000000004 -91.499999999999986 55.721921500000008 55.657384465000007 292.50000000000006 0.37858312858312865 233.50000000000003 0.97339233038348094 14.015275591183334 37.500389520000006 33.500000000000007 14.341666666666669 55.613116985000005
decision_type=2 2 10 2 2 10 10 2 2 10 2 2 2 2
left_child=1 12 -3 4 5 -4 7 8 9 -2 -11 -12 -1 -14
right_child=6 2 3 -5 -6 -7 -8 -9 -10 10 11 -13 13 -15
leaf_value=0.0036159964182701774 -0.016757505166759629 0.99987664602357595 1.3183824785828193 2.3305596377303588 -1.0338237118585267 -0.81707686004864144 -0.47300659626363556 -0.96379058104836679 -0.099450796036422554 0.19139359620448196 0.0071671226270769491 -0.7458282319452002 1.6021542673719122 -0.11135789026707754
leaf_weight=6374 188 313 211 92 98 73 214 67 46 192 191 78 108 1807
leaf_count=6374 188 313 211 92 98 73 214 67 46 192 191 78 108 1807
internal_value=-0.00036407 7.93214e-05 0.00666244 0.00176842 -0.00234987 0.00357895 -0.00448311 -0.00165138 -0.00012931 0.00133846 0.00487013 -0.00144444 -0.000546441 -0.00314718
internal_weight=10052 9076 787 474 382 284 976 762 695 649 461 269 8289 1915
internal_count=10052 9076 787 474 382 284 976 762 695 649 461 269 8289 1915
is_linear=0
shrinkage=0.03


Tree=189
num_leaves=15
num_cat=0
split_feature=2 2 41 16 5 8 2 31 39 6 38 40 41 5
split_gain=26.1532 44.3106 33.3072 29.294 24.2461 22.8338 22.6145 26.2053 22.1318 19.305 18.959 18.0112 19.8164 32.7243
threshold=20.591666666666672 18.008333333333336 381.50000000000006 14.500000000000002 2.5000000000000004 6.5000000000000009 19.041666666666671 37.500000000000007 121.02299734850835 7.5000000000000009 3.5000000000000004 -391.99999999999994 -56.499999999999993 2.5000000000000004
decision_type=2 2 10 8 2 2 2 2 8 2 8 8 8 2
left_child=1 11 6 8 5 -5 9 -8 -2 -3 -9 -1 -13 -14
right_child=3 2 -4 4 -6 -7 7 10 -10 -11 -12 12 13 -15
leaf_value=0.40017938461911057 -1.2030546530513571 0.39823808331632427 -0.80304274548631616 -0.0041203116332461844 0.036631904721348009 -0.49612804090020962 1.3898234079351464 -0.76478774316747311 -0.0252908964595316 1.8187537377302445 0.35776191868246104 -0.21238080638032628 0.017220418686352303 -0.052138987407292274
leaf_weight=68 128 86 72 448 125 73 133 88 157 203 198 1443 5157 1680
leaf_count=68 128 86 72 448 125 73 133 88 157 203 198 1443 5157 1680
internal_value=-0.000331014 0.000157739 0.00699104 -0.00511803 -0.00157651 -0.00442529 0.00897038 0.0045 -0.0131119 0.0154138 -0.000627178 -0.000481495 -0.000608622 6.58087e-05
internal_weight=10059 9128 780 931 646 521 708 419 285 289 286 8348 8280 6837
internal_count=10059 9128 780 931 646 521 708 419 285 289 286 8348 8280 6837
is_linear=0
shrinkage=0.03


Tree=190
num_leaves=15
num_cat=0
split_feature=35 31 39 8 28 38 31 41 3 13 17 13 38 16
split_gain=29.7384 28.8449 22.9951 30.3274 24.859 22.8442 22.2928 32.2734 30.4106 20.876 20.1646 26.3845 22.6061 40.7385
threshold=626.22480167951278 -209.99999999999997 142.96666666666667 14.500000000000002 0.17873263888888893 300.50000000000006 -1.0000000180025095e-35 289.50000000000006 1.0000000180025095e-35 413.50000000000006 541.56170600000007 285.50000000000006 -14.499999999999998 13.500000000000002
decision_type=8 2 10 2 2 10 2 8 2 8 10 10 10 10
left_child=1 -1 3 -2 10 -3 -5 -8 9 -9 11 12 -4 -14
right_child=2 5 4 6 -6 -7 7 8 -10 -11 -12 -13 13 -15
leaf_value=1.8213760092103846 0.0021342334529660043 -0.099948372704888433 -0.83365389480648922 0.61788616299295085 0.093758611803268416 -0.35363968252015265 -0.44049775701106803 0.95914748908239567 -0.069396583322991159 0.17627637890780562 1.3851748747989843 -1.3454466083224503 -0.11352107577118399 0.21594723700510868
leaf_weight=31 7265 552 364 148 33 134 47 85 70 222 31 78 534 505
leaf_count=31 7265 552 364 148 33 134 47 85 70 222 31 78 534 505
internal_value=-0.000424752 -0.00630919 2.55782e-05 0.000685124 -0.00331824 -0.00759825 0.00732984 0.00381176 0.00674603 0.0108117 -0.00388632 -0.00439271 -0.00344017 -0.00118269
internal_weight=10099 717 9382 7837 1545 686 572 424 377 307 1512 1481 1403 1039
internal_count=10099 717 9382 7837 1545 686 572 424 377 307 1512 1481 1403 1039
is_linear=0
shrinkage=0.03


Tree=191
num_leaves=15
num_cat=0
split_feature=6 27 20 37 2 0 18 2 37 38 0 9 9 27
split_gain=21.8245 20.3498 24.2564 19.5862 22.9428 19.3212 33.191 21.795 19.5607 18.8704 18.2928 29.8831 40.6889 28.3308
threshold=8.5000000000000018 55.614694865000004 26.462500000000002 202.89204508692941 19.958333333333336 -9.4999999999999982 1948.3160041284345 18.091666666666672 -95.332326161028547 100.50000000000001 183.50000000000003 41.602921675050005 124.02602844000002 55.644023925000006
decision_type=2 2 8 10 2 2 10 2 8 10 2 10 10 2
left_child=10 2 -2 5 -5 6 9 -8 -7 -3 -1 13 -13 -12
right_child=1 3 -4 4 -6 8 7 -9 -10 -11 11 12 -14 -15
leaf_value=-0.0050587968829909962 0.91549979255266312 0.43636362082033181 -0.53597661150951081 0.51725550669377296 -0.022955088632265967 -0.71072620379008333 -0.46458721501243583 0.89766317572757481 -0.0071555503703399316 1.2491195607892593 0.31854096840381002 -1.1337407193500377 0.55985810476059494 -0.33072550634898873
leaf_weight=6518 266 330 68 215 127 108 208 57 954 52 220 337 59 531
leaf_count=6518 266 330 68 215 127 108 208 57 954 52 220 337 59 531
internal_value=-0.00040593 0.00209975 0.00895522 0.000979532 0.00752187 -0.000333333 0.00375 -0.0043985 -0.0028222 0.00939948 -0.00118576 -0.0046777 -0.011335 -0.00115691
internal_weight=10050 2385 334 2051 342 1709 647 265 1062 382 7665 1147 396 751
internal_count=10050 2385 334 2051 342 1709 647 265 1062 382 7665 1147 396 751
is_linear=0
shrinkage=0.03


Tree=192
num_leaves=15
num_cat=0
split_feature=5 3 18 38 37 0 16 12 18 12 18 32 32 0
split_gain=20.0388 26.9959 27.1745 30.1369 25.9907 25.3563 23.9231 21.8407 18.9346 19.6956 18.8141 28.7397 25.2142 25.2316
threshold=1.5000000000000002 1.0000000180025095e-35 2403.3974140303649 66.500000000000014 129.01430065629418 -1.0000000180025095e-35 6.5000000000000009 72.500000000000014 2403.3974140303649 40.500000000000007 4158.1781856908556 -313.49999999999994 362.00000000000006 319.50000000000006
decision_type=2 2 8 8 10 2 8 8 8 8 8 2 2 2
left_child=1 2 3 -1 -4 -3 -5 -6 -7 -10 12 -12 13 -2
right_child=10 5 4 6 7 8 -8 -9 9 -11 11 -13 -14 -15
leaf_value=0.076052913510935766 -0.049666962117039401 0.32027983917773362 -0.2934984639036386 -0.27647888178768104 1.2297692591240479 -0.094706277005225575 0.76567287598608003 -0.003009819877008386 -0.029890571186203203 0.0048587055147057594 0.12788126680483458 0.0072614716821836761 0.60830807355232253 -0.47182964241877812
leaf_weight=974 5010 89 692 130 155 167 901 298 83 248 56 1002 42 163
leaf_count=974 5010 89 692 130 155 167 901 298 83 248 56 1002 42 163
internal_value=-0.000173809 0.00156501 0.00266582 0.00477069 -0.00102094 -0.00433673 0.00834302 0.00455947 -0.00697395 -0.0028012 -0.00120975 0.00243626 -0.00194977 -0.00213954
internal_weight=10010 3737 3150 2005 1145 587 1031 453 498 331 6273 1058 5215 5173
internal_count=10010 3737 3150 2005 1145 587 1031 453 498 331 6273 1058 5215 5173
is_linear=0
shrinkage=0.03


Tree=193
num_leaves=15
num_cat=0
split_feature=6 9 18 38 2 2 28 5 9 37 2 38 19 12
split_gain=14.4331 32.0633 22.4803 31.3311 25.7596 59.6991 24.1252 22.4372 21.2948 33.0834 41.8227 23.3772 21.0913 23.8093
threshold=3.5000000000000004 34.01527559118334 1543.8532591268515 -110.49999999999999 12.675000000000002 13.925000000000002 0.065841625036125687 6.5000000000000009 70.01527559118334 1.491299280085798 6.2750000000000012 157.50000000000003 126.40591306354266 351.00000000000006
decision_type=2 8 10 8 2 2 2 2 8 10 2 10 10 10
left_child=1 -1 3 -2 8 -6 7 -5 9 -4 11 -11 -7 -14
right_child=2 -3 4 6 5 12 -8 -9 -10 10 -12 -13 13 -15
leaf_value=-0.69254569914811093 -0.54865770920153256 -0.02037173389770686 -0.21986526538239073 0.091730339939518221 0.62320040004457555 -0.089825059859469383 -0.12246737303630495 -0.56136772469012497 0.18510122873295926 0.35378210630269818 -0.18534868164985971 -0.72516726185905778 0.020302373976617823 0.47597633863684558
leaf_weight=107 253 814 1598 2742 428 1486 52 90 222 573 805 40 780 77
leaf_count=107 253 814 1598 2742 428 1486 52 90 222 573 805 40 780 77
internal_value=-0.00022944 -0.00380694 0.000131191 0.00218929 -0.000943428 0.00117965 0.00307799 0.00345217 -0.00276011 -0.00342062 -8.45666e-05 0.00581433 -0.000703925 0.00304196
internal_weight=10067 921 9146 3137 6009 2771 2884 2832 3238 3016 1418 613 2343 857
internal_count=10067 921 9146 3137 6009 2771 2884 2832 3238 3016 1418 613 2343 857
is_linear=0
shrinkage=0.03


Tree=194
num_leaves=15
num_cat=0
split_feature=0 39 31 2 31 25 38 8 36 23 36 39 16 2
split_gain=20.4694 17.7248 16.1967 26.7678 26.3527 25.5442 24.6201 22.9365 26.1948 23.4454 22.7404 16.3631 14.7772 15.9134
threshold=580.50000000000011 454.50833333333338 -62.499999999999993 18.091666666666672 -60.499999999999993 -110.49999999999999 194.50000000000003 3.5000000000000004 22.49920634920635 0.94216833890746943 18.968126984126986 54.725000000000009 24.500000000000004 12.258333333333335
decision_type=2 10 2 2 2 2 10 2 10 2 8 10 10 2
left_child=1 2 3 5 -4 6 7 8 -1 -9 -7 -12 -13 -14
right_child=-2 -3 4 -5 -6 10 -8 9 -10 -11 11 12 13 -15
leaf_value=-0.23434406040928016 -4.528461034721051 -0.73641553129174453 -1.2108687677832715 1.4029005975254658 -0.0027547548347280344 0.93639099131388948 1.1674525675734866 0.74582483071765004 -2.3251537494150103 -0.098094672525336643 1.2262898825692932 0.15050276298884541 -0.92614729660443618 0.0035547290390057179
leaf_weight=376 32 110 67 112 8256 105 80 106 107 167 129 330 43 64
leaf_count=376 32 110 67 112 8256 105 80 106 107 167 129 330 43 64
internal_value=-4.75954e-05 2.98418e-05 0.000162929 0.00290741 -0.000371216 0.00185013 -0.00164875 -0.00332893 -0.00725207 0.00361314 0.00620536 0.00380952 0.0010274 -0.00861111
internal_weight=10084 10052 9942 1619 8323 1507 836 756 483 273 671 566 437 107
internal_count=10084 10052 9942 1619 8323 1507 836 756 483 273 671 566 437 107
is_linear=0
shrinkage=0.03


Tree=195
num_leaves=15
num_cat=0
split_feature=0 2 2 13 14 9 17 21 38 21 0 26 6 15
split_gain=18.8271 16.4788 30.2796 34.5263 35.2432 36.9816 28.8299 22.2294 21.9209 18.1454 17.2257 23.398 17.7895 17.1948
threshold=580.50000000000011 20.841666666666672 18.008333333333336 40.500000000000007 25.999999999999989 77.01527559118334 225.72670100000002 23.950000000000003 130.50000000000003 68.750000000000014 15.500000000000002 37.500389520000006 5.5000000000000009 68.943318116000015
decision_type=2 2 2 10 10 10 10 10 8 10 2 2 2 10
left_child=1 2 9 -4 5 6 7 -5 -9 -1 -3 12 -12 -14
right_child=-2 10 3 4 -6 -7 -8 8 -10 -11 11 -13 13 -15
leaf_value=-0.0073865029121444083 -4.1748593091524997 0.00037160292747188815 1.1468353069305908 -0.21552276071042745 1.5276533171954394 3.0037439996270585 -0.7310065946548342 -0.32308588842513947 2.2537581189091886 0.10467994748542878 0.10593210943275579 -0.69787498303691287 0.025962130965127412 -0.81503402754895604
leaf_weight=8263 34 420 302 180 93 36 110 34 67 35 63 207 81 62
leaf_count=8263 34 420 302 180 93 36 110 34 67 35 63 207 81 62
internal_value=-0.000321386 -0.000244123 0.000124986 0.00561361 0.000921305 -0.00273364 -0.00543367 -0.000319149 0.0108824 -0.000419328 -0.00428058 -0.00862319 -0.00144928 -0.00729167
internal_weight=9987 9953 9120 822 520 427 391 281 101 8298 833 413 206 143
internal_count=9987 9953 9120 822 520 427 391 281 101 8298 833 413 206 143
is_linear=0
shrinkage=0.03


Tree=196
num_leaves=15
num_cat=0
split_feature=39 17 14 14 13 0 21 36 38 9 41 6 9 20
split_gain=19.4717 29.9881 29.5904 27.1858 27.8388 23.0923 37.5623 31.7719 29.4622 23.8973 20.5603 21.9468 24.3103 19.6063
threshold=142.96666666666667 541.56170600000007 -49.349999999999987 33.900000000000013 230.50000000000003 -30.499999999999996 38.050000000000004 18.722451317296681 76.500000000000014 78.041758057766671 183.50000000000003 4.5000000000000009 29.959310950450003 15.836021505376346
decision_type=10 10 8 10 10 2 10 8 10 10 10 2 10 10
left_child=5 2 -2 4 -4 6 7 -1 9 -9 -7 12 -12 -10
right_child=1 -3 3 -5 -6 10 -8 8 13 -11 11 -13 -14 -15
leaf_value=0.79275449761999794 1.0865171376230194 0.80919472072855958 -0.090503788877499006 0.79871396010624729 -1.9040968989267526 -0.011433030956558099 -0.31900475889535124 -0.038072396629540213 1.3112510577377139 0.71230741067128911 -0.98517990793441179 0.22519603222839626 0.030259104192794196 0.00076029103445783618
leaf_weight=182 30 46 1387 102 126 5645 80 939 171 107 49 902 65 85
leaf_count=182 30 46 1387 102 126 5645 80 939 171 107 49 902 65 85
internal_value=-0.00027831 -0.00320922 -0.00388214 -0.00443688 -0.00544914 0.000324581 0.00360383 0.00468687 0.00303914 0.000802292 -0.000445812 0.00348083 -0.00886957 0.0121401
internal_weight=9916 1691 1645 1615 1513 8225 1564 1484 1302 1046 6661 1016 114 256
internal_count=9916 1691 1645 1615 1513 8225 1564 1484 1302 1046 6661 1016 114 256
is_linear=0
shrinkage=0.03


Tree=197
num_leaves=15
num_cat=0
split_feature=27 9 9 12 12 22 2 38 2 20 35 26 39 20
split_gain=21.6893 25.3805 41.4249 40.8702 31.0849 30.4399 30.2316 28.0989 26.4005 22.8417 20.8065 25.9478 22.6728 19.4778
threshold=55.62614872000001 9.0152755911833342 20.497142632483335 102.50000000000001 -20.499999999999996 0.2487113402061856 12.008333333333335 97.500000000000014 19.675000000000004 18.884926470588237 3956.6416285868731 37.462456390000007 69.864425884316674 6.4684684684684699
decision_type=2 8 10 10 8 8 2 10 2 10 10 2 10 10
left_child=1 6 3 -3 -4 -6 7 13 9 -5 12 -12 -7 -1
right_child=-2 2 4 8 5 10 -8 -9 -10 -11 11 -13 -14 -15
leaf_value=-0.090462055299408997 -0.0096785303770862367 -1.7847600623836388 1.1303676772905837 -0.308172546016235 0.35842641496031957 1.2769158168362784 1.3448581180124446 -2.8469007672401179 -1.1622089564736267 2.4667544610656957 -0.75442786624126013 0.20658426286852746 -0.022545192700893991 1.9969117795280928
leaf_weight=48 8268 121 180 46 440 68 156 49 33 42 171 100 235 52
leaf_count=48 8268 121 180 46 440 68 156 49 33 42 171 100 235 52
internal_value=-0.000200799 0.00284156 0.0011691 -0.0101235 0.00346444 0.00141872 0.0106863 0.001 0.00221311 0.0107865 -0.00313043 -0.00915441 0.00226974 0.010099
internal_weight=10009 1741 1436 242 1194 1014 305 149 121 88 574 271 303 100
internal_count=10009 1741 1436 242 1194 1014 305 149 121 88 574 271 303 100
is_linear=0
shrinkage=0.03


Tree=198
num_leaves=15
num_cat=0
split_feature=2 2 41 21 16 36 2 26 37 18 37 2 27 2
split_gain=24.6654 32.5411 35.3277 26.7318 36.4945 23.6555 20.7411 26.7844 46.982 31.8213 23.5129 19.1803 67.1637 47.288
threshold=20.508333333333336 18.008333333333336 372.50000000000006 18.650000000000002 9.5000000000000018 28.59174020662936 18.69166666666667 37.634490690000007 120.75010174635493 2139.9801233345638 -1.4790194910150374 14.341666666666669 55.613116985000005 12.758333333333335
decision_type=2 2 10 8 8 10 2 2 8 10 8 2 2 2
left_child=1 11 6 -2 -5 -6 -3 10 9 -9 -8 13 -13 -1
right_child=3 2 -4 4 5 -7 7 8 -10 -11 -12 12 -14 -15
leaf_value=-0.0084630859838340199 -0.15104561630135122 1.4652562877966473 -0.72634809185365456 -1.2477360301655767 -0.0019974403562145414 0.34359828543437598 1.178759217606717 0.4042170508865105 2.9374636256236601 -1.6679152316457728 -0.64028831958682342 1.376085004772224 -0.11622632347836545 0.20815028691697979
leaf_weight=5513 495 209 78 57 338 99 69 83 108 43 171 119 1816 882
leaf_count=5513 495 209 78 57 338 99 69 83 108 43 171 119 1816 882
internal_value=-0.000321397 0.00016828 0.00610236 -0.00481818 0.000121212 0.00308219 0.00828947 0.0048 0.012 -0.000472441 -0.00224066 -0.000374505 -0.0029907 0.000417448
internal_weight=10080 9091 761 989 494 437 683 474 234 126 240 8330 1935 6395
internal_count=10080 9091 761 989 494 437 683 474 234 126 240 8330 1935 6395
is_linear=0
shrinkage=0.03


Tree=199
num_leaves=15
num_cat=0
split_feature=5 2 22 23 27 27 38 26 27 3 16 2 9 37
split_gain=23.0287 27.0987 27.3875 23.7012 23.615 26.9384 24.1809 29.6833 35.7011 45.8549 29.5668 25.0957 26.1741 23.5215
threshold=1.5000000000000002 20.425000000000004 0.45889639639639646 0.94461486025903219 55.532498135000004 55.538735895000009 256.50000000000006 37.479357640000011 55.644023925000006 1.0000000180025095e-35 11.500000000000002 16.508333333333336 5.9593109504500008 62.19984516969425
decision_type=2 2 10 2 2 2 10 2 2 2 8 2 10 10
left_child=1 2 -1 -3 -2 -6 7 -7 -9 10 11 12 -10 -11
right_child=4 3 -4 -5 5 6 -8 8 9 13 -12 -13 -14 -15
leaf_value=0.015061531961814935 2.4065940700516828 -0.002973551091506362 0.4549977370883152 -0.33843362860172099 -1.4645696822433931 0.030347982365223201 -0.19942520487181981 0.036057718149312877 -0.73542495411456721 0.030266227488804084 -0.42213839113043233 -1.0522195002133656 0.73299792083373461 -0.037323016596426423
leaf_weight=2512 67 321 776 110 42 1817 637 1391 59 249 1698 60 184 78
leaf_count=2512 67 321 776 110 42 1817 637 1391 59 249 1698 60 184 78
internal_value=-0.000152969 0.00171774 0.00264518 -0.00534722 -0.00126054 -0.0014527 -0.00128766 -0.000650172 -0.00218548 -0.00445685 -0.00615884 0.00246711 0.0067623 0.00594512
internal_weight=10001 3719 3288 431 6282 6215 6173 5536 3719 2328 2001 303 243 327
internal_count=10001 3719 3288 431 6282 6215 6173 5536 3719 2328 2001 303 243 327
is_linear=0
shrinkage=0.03


Tree=200
num_leaves=15
num_cat=0
split_feature=2 26 0 10 38 3 21 35 25 2 36 1 26 9
split_gain=20.2795 26.9168 20.3682 29.245 25.6384 35.1604 26.8444 31.6517 24.2507 22.339 34.0906 24.6741 28.9882 28.119
threshold=2.4250000000000003 37.677735590000005 5.5000000000000009 0.75000000000000011 -120.49999999999999 1.0000000180025095e-35 8.9500000000000011 197.48392087970791 -21.499999999999996 20.258333333333336 31.152007575757576 12.397078316666668 37.411881995000009 67.942810304358346
decision_type=2 2 2 10 8 2 8 10 2 2 10 2 2 10
left_child=1 -1 4 9 5 -2 7 8 -6 11 -11 12 -4 -14
right_child=2 -3 3 -5 6 -7 -8 -9 -10 10 -12 -13 13 -15
leaf_value=-0.01265791363781728 -0.70116836004045247 -0.71905495148294452 0.66903466408363665 -0.37798825998916369 -0.25590315884009329 0.11688530747525033 0.0026866992418062849 0.22564617428026348 0.031195422984176772 -0.39519644379158758 1.0780818576490585 -0.34494483532665099 -0.016500419036473701 0.4830799092870513
leaf_weight=245 304 47 212 193 112 96 2165 1516 82 472 93 478 3607 431
leaf_count=245 304 47 212 193 112 96 2165 1516 82 472 93 478 3607 431
internal_value=0.00019992 -0.00757679 0.000433313 -0.000776381 0.0019855 -0.00523691 0.0027322 0.00554062 -0.00584615 -0.000357008 -0.0059894 0.000317192 0.00104446 0.000475365
internal_weight=10053 292 9761 5486 4275 400 3875 1710 194 5293 565 4728 4250 4038
internal_count=10053 292 9761 5486 4275 400 3875 1710 194 5293 565 4728 4250 4038
is_linear=0
shrinkage=0.03


Tree=201
num_leaves=15
num_cat=0
split_feature=16 26 28 36 26 23 2 2 27 6 18 40 38 27
split_gain=16.3829 18.128 24.8201 31.817 24.9491 21.9979 40.2341 34.1839 30.2236 26.4625 29.4413 25.7025 23.8933 23.27
threshold=27.500000000000004 37.479357640000011 0.35093340763443864 26.900819672131153 37.480191280000007 0.10990338164251208 5.6250000000000009 6.5083333333333337 55.532498135000004 2.5000000000000004 33.246292560762377 130.50000000000003 385.50000000000006 55.574733635000008
decision_type=10 2 2 10 2 2 2 2 2 2 10 10 10 2
left_child=1 5 3 4 -3 -1 8 -8 -7 10 -9 13 -13 -11
right_child=-2 2 -4 -5 -6 6 7 9 -10 11 -12 12 -14 -15
leaf_value=-0.012563424707371981 0.38245826486519907 -1.4048861842939704 0.046493929925406997 -0.16920484432225821 -0.0078155265157913035 -0.78215077561673363 -0.96703720217479161 0.030259560294651492 0.70893397441957107 -0.44685695911410767 -0.65213735240371906 1.2782269402589994 -0.23132854487212171 0.048159878583962153
leaf_weight=331 575 45 43 521 5610 34 124 32 354 426 74 314 52 1516
leaf_count=331 575 45 43 521 5610 34 124 32 354 426 74 314 52 1516
internal_value=-6.86431e-05 -0.000367205 -0.00131672 -0.00147644 -0.000822136 0.00144567 0.00227537 0.000897991 0.0112596 0.00168944 -0.0128972 0.00236466 0.00964578 0.000988163
internal_weight=10051 9476 6219 6176 5655 3257 2926 2538 388 2414 106 2308 366 1942
internal_count=10051 9476 6219 6176 5655 3257 2926 2538 388 2414 106 2308 366 1942
is_linear=0
shrinkage=0.03


Tree=202
num_leaves=15
num_cat=0
split_feature=0 27 12 26 2 37 10 0 35 18 10 38 26 27
split_gain=18.4351 17.0792 17.5638 14.1918 16.6898 13.6652 36.892 29.6833 28.7458 26.2104 53.601 36.5452 31.1531 30.3634
threshold=580.50000000000011 55.520169965000008 66.500000000000014 37.85979111000001 9.0916666666666686 75.719098825368931 0.58333333333333337 9.5000000000000018 3243.9509700166091 2221.6332645889556 1.0000000180025095e-35 -182.99999999999997 37.511715455000008 55.671247645000008
decision_type=2 2 10 2 2 10 10 2 10 10 8 8 2 2
left_child=1 2 -1 5 -5 9 7 -7 -9 -3 11 -11 13 -13
right_child=-2 3 -4 4 -6 6 -8 8 -10 10 -12 12 -14 -15
leaf_value=4.1262513679088588 -3.8115564239502304 0.0043563742102681142 -0.0026406855093902945 -0.20280883490805968 0.83527929827273151 1.0675210531015482 -0.018029363557147876 -0.29902913756311861 0.24682626811847569 1.2087189134806706 0.019225620639926857 -0.5205397883115096 -0.79733483722447052 0.085394486970662334
leaf_weight=43 33 4978 36 44 70 255 401 329 1413 81 617 614 695 383
leaf_count=43 33 4978 36 44 70 255 401 329 1413 81 617 614 695 383
internal_value=-6.0042e-06 6.92771e-05 0.013875 -4.25058e-05 0.0104348 -0.000165865 0.00180075 0.00346847 0.0020654 -0.00080608 -0.0033877 -0.0060372 -0.00698169 -0.00357715
internal_weight=9992 9959 79 9880 114 9766 2398 1997 1742 7368 2390 1773 1692 997
internal_count=9992 9959 79 9880 114 9766 2398 1997 1742 7368 2390 1773 1692 997
is_linear=0
shrinkage=0.03


Tree=203
num_leaves=15
num_cat=0
split_feature=0 26 16 16 38 23 38 9 35 19 22 38 19 4
split_gain=25.1363 22.644 28.0961 24.9695 35.4467 33.9758 33.9211 24.8284 23.29 29.5774 23.033 32.6195 24.5806 27.6208
threshold=-48.499999999999993 37.479357640000011 27.500000000000004 14.500000000000002 346.50000000000006 0.96238207547169818 -200.99999999999997 76.01527559118334 440.95546972161213 11.045579422141858 0.25137362637362642 62.500000000000007 121.05494382940488 1.0000000180025095e-35
decision_type=2 2 10 10 10 2 8 10 8 10 8 10 10 2
left_child=-1 8 3 4 10 6 -5 -7 -2 -10 11 -3 -12 -14
right_child=1 2 -4 5 -6 7 -8 -9 9 -11 12 -13 13 -15
leaf_value=0.14436805437256961 -0.35221776464096194 0.050546199296367132 0.39306965094430996 0.55918517115869781 -0.66270699940902622 0.00022628478857375313 -0.2908948902912894 0.89779156883004896 0.6465201480211632 0.0084902725239919142 -0.030843359174415563 1.3487712745744855 0.049173824171384405 -1.4109839771451584
leaf_weight=1612 151 403 301 107 127 161 2459 64 272 2688 870 122 644 38
leaf_count=1612 151 403 301 107 127 161 2459 64 272 2688 870 122 644 38
internal_value=-0.00038024 -0.0010383 -0.00223145 -0.00276821 -0.000380952 -0.00465258 -0.00563303 0.00650442 0.000992931 0.00158055 0.000563041 0.00598859 -0.00127495 0.00298682
internal_weight=10019 8407 5296 4995 2204 2791 2566 225 3111 2960 2077 525 1552 682
internal_count=10019 8407 5296 4995 2204 2791 2566 225 3111 2960 2077 525 1552 682
is_linear=0
shrinkage=0.03


Tree=204
num_leaves=15
num_cat=0
split_feature=0 41 5 2 37 26 2 9 27 38 39 0 2 27
split_gain=23.398 22.4167 31.8134 25.9188 21.664 21.0081 26.6982 54.567 31.0128 42.9498 27.2505 27.9986 25.4285 24.6777
threshold=183.50000000000003 194.50000000000003 3.5000000000000004 7.8416666666666677 -576.90809324812051 37.524607320000008 9.2750000000000021 23.550754943800005 55.662202105000013 154.50000000000003 53.578083241216675 18.500000000000004 8.8416666666666686 55.975227905000004
decision_type=2 8 2 2 10 2 2 8 2 10 8 2 2 2
left_child=5 3 -3 -2 -4 6 7 8 10 -10 -1 -12 -9 -8
right_child=1 2 4 -5 -6 -7 13 12 9 -11 11 -13 -14 -15
leaf_value=2.3512801164808947 0.48058326578559574 0.047850376226255875 0.031624172392449738 -0.82997924910505516 -1.2792917668969324 -0.008161301643988263 0.092168827341978954 0.12459570376958855 0.057027926957680532 -0.36298007899656415 -0.10183967830096201 -1.5675343916000271 -0.79857860793048996 -0.59476146912406158
leaf_weight=30 70 801 50 384 116 4595 2333 775 360 115 97 206 79 45
leaf_count=30 70 801 50 384 116 4595 2333 775 360 115 97 206 79 45
internal_value=-4.1762e-05 -0.00360759 -0.00102273 -0.0090989 -0.0129341 0.000545391 0.00212324 -0.000793746 -0.00637824 -0.00144958 -0.0133832 -0.0160855 0.00449123 0.00416141
internal_weight=10056 1421 967 454 166 8635 4040 1662 808 475 333 303 854 2378
internal_count=10056 1421 967 454 166 8635 4040 1662 808 475 333 303 854 2378
is_linear=0
shrinkage=0.03


Tree=205
num_leaves=15
num_cat=0
split_feature=27 38 25 36 41 31 9 5 2 18 2 39 6 12
split_gain=16.69 29.7639 36.3054 26.0329 40.6406 28.4628 25.3071 28.1861 24.4024 37.0268 45.6822 41.1864 31.8504 28.2826
threshold=55.644023925000006 -51.499999999999993 393.50000000000006 20.594026269259917 -36.499999999999993 140.50000000000003 60.738072875508344 1.5000000000000002 14.008333333333335 558.07096858873422 7.9250000000000016 84.400977617116681 2.5000000000000004 -12.499999999999998
decision_type=2 8 2 8 8 2 10 2 2 8 2 10 2 10
left_child=3 6 -3 4 -1 -6 7 -2 9 -5 -11 -12 -10 -13
right_child=1 2 -4 8 5 -7 -8 -9 12 10 11 13 -14 -15
leaf_value=0.54360543314787291 0.11662425257931945 0.0027064252826086974 -2.0981883812485651 0.37472765748093029 0.078761956839519767 -2.2462667678814618 -1.0023373202555024 -0.29859643855052354 -0.5974945202612113 0.068395328464699534 -1.282185472484404 -0.25151904489844634 0.11366429320714361 0.16716341475576185
leaf_weight=193 322 5423 58 134 733 58 180 658 49 593 366 160 970 179
leaf_count=193 322 5423 58 134 733 58 180 658 49 593 366 160 970 179
internal_value=-2.97708e-05 -0.000907859 1.64174e-05 0.00166764 0.0057868 0.00276515 -0.00527132 -0.00336391 1.22349e-05 -0.00251221 -0.00406467 -0.00922096 0.00355882 -0.00167647
internal_weight=10076 6641 5481 3435 984 791 1160 980 2451 1432 1298 705 1019 339
internal_count=10076 6641 5481 3435 984 791 1160 980 2451 1432 1298 705 1019 339
is_linear=0
shrinkage=0.03


Tree=206
num_leaves=15
num_cat=0
split_feature=0 2 27 39 25 27 32 27 26 12 26 2 38 39
split_gain=15.879 16.8884 23.2316 20.108 15.9224 21.1415 18.1569 18.0435 12.8671 13.3013 12.5127 16.3697 12.501 18.8274
threshold=-146.49999999999997 11.841666666666669 55.728066570000003 140.65833333333336 393.50000000000006 55.659753795000007 362.00000000000006 55.621333410000005 37.62218364000001 -174.49999999999997 37.85979111000001 12.841666666666669 367.50000000000006 26.148098799708336
decision_type=2 2 2 8 2 2 2 2 2 8 2 2 10 8
left_child=1 2 3 -1 6 7 10 -6 -3 -10 12 -12 13 -2
right_child=4 8 -4 -5 5 -7 -8 -9 9 -11 11 -13 -14 -15
leaf_value=1.1443670408591236 0.72820549757786113 1.3345319165408371 0.75168639265497406 -0.49837123649365012 -1.0377772134424921 -2.1614429907720467 0.28453590218554753 0.22442680694964579 -0.039030872266108574 1.2823210764257693 0.0013788607186919677 0.9165168505579524 -0.054468861004096467 -0.0012914777632526066
leaf_weight=43 202 39 45 77 42 52 62 64 64 84 65 44 350 8821
leaf_count=43 202 39 45 77 42 52 62 64 64 84 65 44 350 8821
internal_value=0.000208851 0.00645892 -0.000542169 -0.00743802 -1.8551e-05 -0.00943396 0.000138292 -0.00168224 0.0126064 0.00845638 3.16356e-05 0.0100909 -8.64092e-05 0.000129654
internal_weight=10054 352 165 120 9702 158 9544 106 187 148 9482 109 9373 9023
internal_count=10054 352 165 120 9702 158 9544 106 187 148 9482 109 9373 9023
is_linear=0
shrinkage=0.03


Tree=207
num_leaves=15
num_cat=0
split_feature=0 37 23 14 39 13 27 15 26 0 23 13 36 9
split_gain=20.0985 24.935 28.6587 27.3755 29.7593 26.7426 30.8561 30.9964 25.581 23.1431 20.3448 30.3448 19.8493 27.9901
threshold=11.500000000000002 120.75010174635493 0.10990338164251208 3.5999999999999961 129.98333333333338 59.500000000000007 55.71193004500001 841.06861826150009 37.415586390000009 121.50000000000001 0.92284798534798551 88.500000000000014 18.25404295051354 12.015275591183334
decision_type=2 10 2 10 10 8 2 10 2 2 2 8 8 10
left_child=-1 2 -2 -3 -5 6 7 12 -8 -7 -11 -12 13 -4
right_child=1 3 5 4 -6 9 8 -9 -10 10 11 -13 -14 -15
leaf_value=0.011250517791220556 -0.71297251394196581 -0.14015714714615032 -0.81380920984529548 0.10095113463410087 1.1076026223988253 0.13651066931835779 -0.14625528974929161 0.82056671796900771 -0.93387164824398305 -0.39072257340164668 -1.0139360126928867 0.040644055523841018 -0.3068934265149687 1.3222143180093267
leaf_weight=4619 106 693 35 533 175 1074 156 81 240 640 70 585 863 61
leaf_count=4619 106 693 35 533 175 1074 156 81 240 640 70 585 863 61
internal_value=-0.000141965 -0.00140034 -0.00263037 0.00203281 0.00617772 -0.00219916 -0.00542797 -0.00270893 -0.0125441 -0.000240506 -0.00293981 0.000777439 -0.00421875 0.00865979
internal_weight=9931 5312 3911 1401 708 3805 1436 1040 396 2369 1295 655 959 96
internal_count=9931 5312 3911 1401 708 3805 1436 1040 396 2369 1295 655 959 96
is_linear=0
shrinkage=0.03


Tree=208
num_leaves=15
num_cat=0
split_feature=38 16 21 39 27 27 17 38 40 20 9 37 40 39
split_gain=17.8797 30.5412 24.1516 22.1753 21.985 27.5131 32.1162 29.9532 33.7577 25.4362 44.9485 24.7135 24.0515 22.0649
threshold=367.50000000000006 11.500000000000002 3.5500000000000003 26.148098799708336 55.644023925000006 55.688671190000008 357.5586570000001 -120.49999999999999 -28.499999999999996 14.347382431233365 39.959310950450011 -392.38131772255946 44.500000000000007 93.569749907883349
decision_type=10 10 10 8 2 2 10 8 8 8 10 8 10 10
left_child=3 -2 -3 -1 -5 7 -7 8 -6 13 -11 -12 -13 -9
right_child=1 2 -4 4 5 6 -8 9 -10 10 11 12 -14 -15
leaf_value=0.75084036852438063 -0.65573513921702331 -0.14482593926332696 0.092640808307615799 0.04370886258894998 -1.293337077861852 0.015329119935137598 -0.17797530773162201 -0.34473948675244021 0.026948432371380022 -0.035895175174416531 -0.2133751494907542 1.1200066796902464 -0.07848487211975709 -0.036757762468613002
leaf_weight=206 150 98 166 3195 167 3526 287 571 88 849 38 182 56 496
leaf_count=206 150 98 166 3195 167 3526 287 571 88 849 38 182 56 496
internal_value=0.00016971 -0.00592771 0.000226415 0.000431588 0.000218909 -0.000814566 0.00077871 -0.00329657 -0.0130078 -0.00216142 0.00098579 0.0114801 0.0150628 -0.00547753
internal_weight=10075 414 264 9661 9455 6260 3813 2447 255 2192 1125 276 238 1067
internal_count=10075 414 264 9661 9455 6260 3813 2447 255 2192 1125 276 238 1067
is_linear=0
shrinkage=0.03


Tree=209
num_leaves=15
num_cat=0
split_feature=0 31 7 26 9 26 23 6 0 18 2 17 25 2
split_gain=19.2623 16.4276 17.6221 14.3873 24.6804 22.9408 27.238 30.6064 30.5362 25.0614 32.3313 29.9429 24.7792 24.7367
threshold=-260.99999999999994 427.50000000000006 1.0000000180025095e-35 37.479357640000011 297.50000000000006 37.448167465000004 0.90029239766081881 2.5000000000000004 -25.499999999999996 2497.0220396626605 12.841666666666669 182.97837350000003 129.50000000000003 7.9250000000000016
decision_type=2 2 2 2 8 2 2 2 2 8 2 10 2 2
left_child=-1 3 -3 4 5 6 -2 12 -9 -7 13 -12 -8 -11
right_child=1 2 -4 -5 -6 9 7 8 -10 10 11 -13 -14 -15
leaf_value=1.3231876605122772 -0.026447453694757428 -0.0073225504142556252 -2.0075428261282613 -0.0083508890544150994 0.58807086563379385 0.41475327955196573 -0.58908941938887915 1.1783852956906671 0.030695532354861256 0.11035469093690575 0.92365356388692488 -0.27763613696565609 0.018963926323411651 -0.88988928310790316
leaf_weight=37 679 60 46 6601 72 245 59 159 1442 202 189 82 36 156
leaf_count=37 679 60 46 6601 72 245 59 159 1442 202 189 82 36 156
internal_value=-2.98033e-06 -8.37571e-05 -0.0117757 4.23259e-05 0.00165262 0.00126462 -0.000265152 0.00176783 0.00275281 0.00541714 0.0022381 0.0100368 -0.0146875 -0.00367688
internal_weight=10065 10028 106 9922 3321 3249 2375 1696 1601 874 629 271 95 358
internal_count=10065 10028 106 9922 3321 3249 2375 1696 1601 874 629 271 95 358
is_linear=0
shrinkage=0.03


Tree=210
num_leaves=15
num_cat=0
split_feature=6 10 35 26 27 39 27 35 9 33 39 12 39 20
split_gain=16.1528 29.3635 27.6338 22.8894 23.9777 28.8582 28.4654 46.6037 46.2859 27.4089 30.2703 28.3969 26.8764 24.0578
threshold=8.5000000000000018 0.91666666666666685 8707.7543021683869 37.644903300000003 55.654052025000006 85.033333333333346 55.689173500000003 1685.9694375856891 42.71520926929167 1.0000000180025095e-35 289.62509139110006 -123.49999999999999 61.69166666666667 13.189422180801493
decision_type=2 8 10 2 2 10 2 10 10 10 10 8 8 10
left_child=3 -2 -3 -1 9 6 7 -6 12 10 11 -5 -9 -13
right_child=1 2 -4 4 5 -7 -8 8 -10 -11 -12 13 -14 -15
leaf_value=0.0060071146715401195 0.21110624154287655 -0.025189578583746413 0.0045044635830040975 -0.88275430756533113 -0.84711169551258814 -0.59862958775850839 0.26203079418266878 0.029564196798617316 1.0678782093090287 0.57260317474819999 -2.3906559263932068 -0.049673404568406278 -1.1086471363031491 0.12209177251439882
leaf_weight=4765 1929 281 141 107 129 752 420 157 124 212 65 400 122 380
leaf_count=4765 1929 281 141 107 129 752 420 157 124 212 65 400 122 380
internal_value=-0.00012018 0.00205357 -0.00510638 -0.000789887 -0.00290694 -0.00517302 -0.0016999 -0.00630394 -0.00126238 0.000412017 -0.00176285 -0.000304054 -0.00803571 0.00169014
internal_weight=9984 2351 422 7633 2868 1704 952 532 403 1164 952 887 279 780
internal_count=9984 2351 422 7633 2868 1704 952 532 403 1164 952 887 279 780
is_linear=0
shrinkage=0.03


Tree=211
num_leaves=15
num_cat=0
split_feature=0 40 41 41 14 2 39 26 16 8 12 13 35 19
split_gain=25.0939 23.8498 22.8692 21.1134 20.5262 27.3749 20.8788 19.3891 40.9437 33.3452 23.3762 22.5856 23.7988 21.1326
threshold=183.50000000000003 -391.99999999999994 194.50000000000003 409.00000000000006 29.399999999999999 7.8416666666666677 124.51466401517501 37.524607320000008 23.500000000000004 3.5000000000000004 -174.49999999999997 -17.499999999999996 197.48392087970791 7.8093252417616936
decision_type=2 8 8 10 10 2 10 2 10 2 8 10 10 10
left_child=1 -1 4 -4 5 -2 -6 8 11 -10 -9 12 -3 -14
right_child=2 7 3 -5 6 -7 -8 10 9 -11 -12 -13 13 -15
leaf_value=0.5619693496380046 0.45409421109648929 -0.09128721711263979 0.0084377336613120323 -0.79157142423293048 -0.57042827804406637 -1.1878803387872958 2.3305767027201543 -0.54238201452366097 0.1633433353497489 1.4352088530053164 -0.0059051274666159625 -0.015983607704699594 1.4853549063081366 0.059435616900191758
leaf_weight=61 57 110 863 103 75 283 37 279 427 231 4282 2250 67 888
leaf_count=61 57 110 863 103 75 283 37 279 427 231 4282 2250 67 888
internal_value=-0.00027861 0.00033155 -0.00397463 -0.00136505 -0.00953642 -0.0131965 0.00159292 0.000196837 0.00172874 0.00855842 -0.00113766 0.000370929 0.00396811 0.00549163
internal_weight=10013 8595 1418 966 452 340 112 8534 3973 658 4561 3315 1065 955
internal_count=10013 8595 1418 966 452 340 112 8534 3973 658 4561 3315 1065 955
is_linear=0
shrinkage=0.03


Tree=212
num_leaves=15
num_cat=0
split_feature=0 32 27 2 9 26 31 0 38 15 34 25 34 19
split_gain=20.2748 32.5829 24.8164 22.0497 15.8399 15.6908 19.2763 14.8196 14.3291 14.5832 13.3344 20.9533 19.4962 19.3218
threshold=359.50000000000006 179.50000000000003 55.604049130000007 12.425000000000002 16.015275591183336 37.858166705000009 -31.499999999999996 -260.99999999999994 22.500000000000004 249.50000000000003 4189.6849944730011 -17.499999999999996 1628.0000000000002 121.90326720416583
decision_type=2 2 2 2 10 2 2 2 10 10 10 2 10 10
left_child=5 -2 -3 4 -4 7 -7 -1 -8 -10 12 -12 -9 -14
right_child=1 2 3 -5 -6 6 8 10 9 -11 11 -13 13 -15
leaf_value=1.2745760905750692 -1.190600171939534 -1.1438530668569529 0.28009265555847035 0.94199308889609645 -0.97618135628388913 -0.060927307965329476 1.339869933712162 -0.0007991002641932368 -0.65042653075339252 0.95661508146117991 -0.28258620655330247 0.84980907428322694 -0.43041955539935456 -0.020980858932557567
leaf_weight=32 146 50 36 59 30 88 46 9038 30 34 89 77 141 157
leaf_count=32 146 50 36 59 30 88 46 9038 30 34 89 77 141 157
internal_value=-0.000140243 -0.00754658 0.00119318 0.00833333 -0.00358209 0.000104798 0.00844221 -6.92187e-05 0.0167568 0.00738462 -0.000138904 0.00826347 -0.000289172 -0.00782609
internal_weight=10053 321 175 125 66 9732 198 9534 110 64 9502 166 9336 298
internal_count=10053 321 175 125 66 9732 198 9534 110 64 9502 166 9336 298
is_linear=0
shrinkage=0.03


Tree=213
num_leaves=15
num_cat=0
split_feature=0 31 24 37 26 27 31 39 8 32 40 21 2 16
split_gain=21.4091 23.432 31.6674 42.9644 28.4731 35.5236 27.2728 22.5541 22.0643 32.3075 45.0801 20.6099 25.4418 37.0231
threshold=11.500000000000002 47.500000000000007 44.500000000000007 873.45781077404354 37.411881995000009 55.71193004500001 40.500000000000007 27.383333333333336 3.5000000000000004 -544.99999999999989 782.50000000000011 43.600000000000009 20.258333333333336 12.500000000000002
decision_type=2 2 8 10 2 2 2 8 2 2 8 10 2 10
left_child=-1 4 11 -4 -2 6 8 -7 -6 10 -10 12 13 -3
right_child=1 2 3 -5 5 7 -8 -9 9 -11 -12 -13 -14 -15
leaf_value=0.011793150287239406 0.91575076715026194 0.29571734205934652 -0.54461339801918096 2.1990490928811015 -0.14519980084485423 0.098544772026722988 -0.72004275505064064 -0.99487145680668132 -1.7950516952040867 1.0111219914167648 2.9813692353058658 0.64836657995723679 -0.284140150002613 -0.043339751970575262
leaf_weight=4674 81 896 194 33 730 56 178 322 52 116 46 157 377 2173
leaf_count=4674 81 896 194 33 730 56 178 322 52 116 46 157 377 2173
internal_value=-6.24628e-05 -0.00134701 -7.83085e-05 -0.0109211 -0.00441846 -0.00535643 -0.00267142 -0.0132982 -0.000634921 0.00781395 -0.00484848 0.000607658 0.000121845 0.00102606
internal_weight=10085 5411 3830 227 1581 1500 1122 378 944 214 98 3603 3446 3069
internal_count=10085 5411 3830 227 1581 1500 1122 378 944 214 98 3603 3446 3069
is_linear=0
shrinkage=0.03


Tree=214
num_leaves=15
num_cat=0
split_feature=18 9 26 22 27 38 2 2 37 38 36 35 2 2
split_gain=19.3271 37.7101 37.6102 38.9223 31.7094 26.1124 25.3408 31.1079 27.19 37.7085 23.915 27.9631 22.9557 30.7844
threshold=2403.3974140303649 9.762111685983335 37.467414810000008 0.18127053669222346 55.613116985000005 331.50000000000006 12.591666666666669 14.508333333333335 131.61210351691838 336.50000000000006 23.942253430806726 3614.5431449734647 14.008333333333335 13.258333333333335
decision_type=10 10 2 10 2 10 2 2 10 10 10 10 2 2
left_child=4 2 3 -2 -1 12 -3 -8 9 10 -9 -12 13 -6
right_child=1 6 -4 -5 5 -7 7 8 -10 -11 11 -13 -14 -15
leaf_value=1.2429376715238862 0.0033138892494493648 -0.17557800969195292 -0.077300704495283798 1.2653107396246639 0.044498425424558979 -0.21838245900786263 0.17415027012785281 -0.51269553121342182 0.02729168990185606 0.6879139465568852 0.54848884444497237 -0.20670440126162418 -0.019485167855463191 0.67479664696242025
leaf_weight=197 191 1613 415 212 3240 331 319 338 573 48 67 166 2029 251
leaf_count=197 191 1613 415 212 3240 331 319 338 573 48 67 166 2029 251
internal_value=6.0054e-06 -0.0016282 0.00410256 0.0106188 0.00107125 0.000671565 -0.0031296 -0.000337302 -0.00256496 -0.00691935 -0.00907343 -0.00166667 0.00116283 0.00263746
internal_weight=9990 3942 818 403 6048 5851 3124 1511 1192 619 571 233 5520 3491
internal_count=9990 3942 818 403 6048 5851 3124 1511 1192 619 571 233 5520 3491
is_linear=0
shrinkage=0.03


Tree=215
num_leaves=15
num_cat=0
split_feature=0 11 16 0 2 2 41 2 18 23 39 34 30 39
split_gain=22.2335 31.0406 26.5498 27.2435 24.9964 68.3437 39.8913 40.5487 36.123 30.4853 29.6337 28.7113 23.8341 25.9679
threshold=11.500000000000002 1.0000000180025095e-35 27.500000000000004 541.50000000000011 12.591666666666669 13.925000000000002 191.50000000000003 15.175000000000002 3787.6608687925418 0.86162029459901812 85.959361773333356 1309.5000000000002 1050.0000000000002 213.46827426920837
decision_type=2 10 8 2 2 2 8 2 10 2 10 10 2 10
left_child=-1 2 3 4 11 -6 7 8 10 -8 -7 -2 13 -11
right_child=1 -3 -4 -5 5 6 9 -9 -10 12 -12 -13 -14 -15
leaf_value=0.010717520930337839 -0.16489234367947575 -0.27607931581956496 0.25452735357611828 -3.9030681193622669 0.75484356564154131 0.32456126288700859 2.5857157684755303 -0.57729823889220777 1.6587833706517989 0.045130019933972393 -1.1115539955701601 -2.3769075304272529 0.1317082080402458 -1.0976469991207052
leaf_weight=4648 2449 264 468 31 353 121 65 761 46 595 49 37 100 46
leaf_count=4648 2449 264 468 31 353 121 65 761 46 595 49 37 100 46
internal_value=2.98983e-06 -0.00130895 -0.000790707 -0.00147615 -0.00128488 0.00109499 -0.00129484 -0.0053681 0.00608295 0.00364312 -0.000350877 -0.00332931 0.00190027 -0.000233645
internal_weight=10033 5385 5121 4653 4622 2136 1783 977 216 806 170 2486 741 641
internal_count=10033 5385 5121 4653 4622 2136 1783 977 216 806 170 2486 741 641
is_linear=0
shrinkage=0.03


Tree=216
num_leaves=15
num_cat=0
split_feature=0 0 6 2 5 2 12 14 26 0 33 36 2 27
split_gain=20.7525 18.0087 19.181 19.6952 31.4 27.8606 26.5862 30.2794 25.4868 24.442 23.8505 22.5207 21.4323 41.4956
threshold=-146.49999999999997 580.50000000000011 10.500000000000002 20.841666666666672 2.5000000000000004 18.008333333333336 15.500000000000002 25.999999999999989 37.813005450000013 -1.0000000180025095e-35 1.0000000180025095e-35 24.451457399103145 15.841666666666669 55.613116985000005
decision_type=2 2 2 2 2 2 10 10 2 2 8 8 2 2
left_child=-1 2 3 5 9 12 -7 8 11 -5 -6 -8 -2 -14
right_child=1 -3 -4 4 10 6 7 -9 -10 -11 -12 -13 13 -15
leaf_value=0.42652780511817123 0.0035495095853982713 -3.5717776172022528 0.049012160860597884 0.26932848647745006 -0.0094231034440402581 1.0178654840282482 -0.50644645974636437 1.4178014192080126 1.2718495465698365 -0.077281210038204817 0.030449113593501567 0.062016648769317721 1.5168339944365645 -0.17019785396324238
leaf_weight=353 6791 36 163 111 120 246 209 142 48 493 65 183 68 1045
leaf_count=353 6791 36 163 111 120 246 209 142 48 493 65 183 68 1045
internal_value=6.84932e-05 -0.000191338 -0.000111513 -0.000286704 -0.00482278 0.000123669 0.00535585 0.00185249 -0.00204082 -0.00813223 0.00596774 -0.00458015 -0.000425047 -0.00428187
internal_weight=10073 9720 9684 9521 789 8732 828 582 440 604 185 392 7904 1113
internal_count=10073 9720 9684 9521 789 8732 828 582 440 604 185 392 7904 1113
is_linear=0
shrinkage=0.03


Tree=217
num_leaves=15
num_cat=0
split_feature=0 31 12 10 18 9 39 9 36 39 28 16 0 36
split_gain=23.7001 27.8882 23.5605 21.4933 22.3831 25.1929 32.8421 34.0476 35.0295 30.7052 23.0363 23.0697 26.975 23.7337
threshold=11.500000000000002 -251.99999999999997 -174.49999999999997 0.58333333333333337 4644.2351104200452 19.959310950450003 79.77500000000002 61.01527559118334 30.93565637398655 120.64269510666669 0.071014257060768707 26.500000000000004 541.50000000000011 21.900850540924754
decision_type=2 2 8 10 10 10 8 10 8 8 2 8 2 10
left_child=1 -1 -3 4 10 -6 -7 8 9 -8 11 12 -2 -13
right_child=3 2 -4 -5 5 6 7 -9 -10 -11 -12 13 -14 -15
leaf_value=1.4524922157583418 -0.11360854293508527 -0.26616223364879998 0.010021827676980406 -0.29149351640165516 0.93776983924237534 -1.4597821123819812 2.2306164503812305 2.2198436713791287 2.0618254567076852 -0.52492812834799052 1.0644019073193065 -0.00069708738570774644 -3.6788227472653312 1.0578673193083339
leaf_weight=66 3901 285 4295 196 245 77 32 67 33 212 31 410 34 149
leaf_count=66 3901 285 4295 196 245 77 32 67 33 212 31 410 34 149
internal_value=-0.00018836 0.00138154 0.0011002 -0.00154232 -0.00117296 0.00395802 -0.00049763 0.00347826 -0.00118705 -0.00514286 -0.00192886 -0.00210901 -0.00291921 0.00358929
internal_weight=10033 4646 4580 5387 5191 666 421 344 277 244 4525 4494 3935 559
internal_count=10033 4646 4580 5387 5191 666 421 344 277 244 4525 4494 3935 559
is_linear=0
shrinkage=0.03


Tree=218
num_leaves=15
num_cat=0
split_feature=26 13 41 2 27 39 2 0 26 9 13 27 37 2
split_gain=16.8786 21.8666 25.405 23.5399 33.2571 39.815 32.223 37.7167 23.8987 23.7041 22.7868 21.0164 20.3864 19.6878
threshold=37.479357640000011 -13.499999999999998 71.500000000000014 5.6250000000000009 55.572060790000002 67.528083241216677 10.241666666666669 187.50000000000003 37.450877730000009 12.959310950450002 99.250000000000014 55.588231310000005 41.192945309142779 12.175000000000002
decision_type=2 10 10 2 2 8 2 2 2 10 10 2 8 2
left_child=1 2 -1 4 5 -3 11 8 13 -9 -11 -5 -13 -8
right_child=-2 3 -4 6 -6 -7 7 9 -10 10 -12 12 -14 -15
leaf_value=0.028095188465129938 -0.01062825256371153 2.3838126144093565 2.5862117485132665 -2.3176086992029705 0.49161412056691828 -0.85830895913432392 0.71151444925121787 1.5111668915164915 0.94703346275742284 -1.1648055793489585 -0.26702225925038076 -0.012639375541592557 -0.73802550969978298 0.00015179817489562096
leaf_weight=761 6768 34 118 95 241 94 138 44 209 50 341 378 135 683
leaf_count=761 6768 34 118 95 241 94 138 44 209 50 341 378 135 683
internal_value=-4.45986e-05 0.0017068 0.00576136 0.0002456 0.00721622 -0.00511628 -0.000998071 0.00141201 0.00453928 -0.00598624 -0.00834184 -0.00679803 -0.00437743 0.00222628
internal_weight=10089 3321 879 2442 369 128 2073 1465 1030 435 391 608 513 821
internal_count=10089 3321 879 2442 369 128 2073 1465 1030 435 391 608 513 821
is_linear=0
shrinkage=0.03


Tree=219
num_leaves=15
num_cat=0
split_feature=2 2 0 27 23 13 32 39 39 9 2 17 26 37
split_gain=20.7346 30.7578 23.9167 30.1814 32.0173 30.8688 30.8447 33.0836 29.6799 31.7174 34.2401 30.2312 28.9215 28.7291
threshold=2.4250000000000003 1.6583333333333334 48.500000000000007 55.613116985000005 0.90029239766081881 20.500000000000004 -69.499999999999986 151.23425928420002 54.725000000000009 71.90212125480835 13.591666666666669 -122.44134299999999 37.515676915000007 -237.38495485509961
decision_type=2 2 2 2 2 8 2 8 10 10 2 10 2 10
left_child=1 -1 3 4 -2 6 8 -8 -5 13 -11 -12 -9 -10
right_child=2 -3 -4 5 -6 -7 7 12 9 10 11 -13 -14 -15
leaf_value=-0.0078697492033992494 -0.90761668816203267 -0.44708203796890006 -0.051948740058034619 0.78771617489533441 1.0293414558003555 0.018705990995552497 -0.073857054291447066 0.51106034913168086 -0.28854469740837435 0.93073071624126436 -1.206255704897645 0.21397094102695252 -0.54532846852015993 0.053538013261691719
leaf_weight=202 36 84 4250 277 291 2057 1105 77 460 133 56 52 329 672
leaf_count=202 36 84 4250 277 291 2057 1105 77 460 133 56 52 329 672
internal_value=-0.000205316 -0.00815331 2.75623e-05 0.00132528 0.0101524 0.000770263 -0.00109108 -0.00418651 0.0017444 -6.55022e-05 0.00979339 -0.00275229 -0.0114988 -0.00217123
internal_weight=10081 286 9795 5545 327 5218 3161 1511 1650 1373 241 108 406 1132
internal_count=10081 286 9795 5545 327 5218 3161 1511 1650 1373 241 108 406 1132
is_linear=0
shrinkage=0.03


Tree=220
num_leaves=15
num_cat=0
split_feature=0 4 0 39 14 32 1 39 20 39 36 16 38 35
split_gain=21.9208 25.6884 20.1273 20.147 16.7902 18.6297 16.3484 20.1529 17.879 16.4556 26.3477 16.2616 16.2103 15.9213
threshold=319.50000000000006 1.0000000180025095e-35 -146.49999999999997 138.20833333333334 3.3999999999999919 149.50000000000003 11.108811808333334 454.50833333333338 20.087121212121215 26.568274269208334 18.722451317296681 19.500000000000004 396.50000000000006 4957.6934528356514
decision_type=2 2 2 8 8 2 2 10 8 8 8 10 10 10
left_child=2 4 3 -1 -2 -6 7 9 13 10 -4 -7 -10 -8
right_child=1 -3 6 -5 5 11 8 -9 12 -11 -12 -13 -14 -15
leaf_value=0.9794314757737973 -0.73529647843504131 -1.2340735919185863 1.551345616579344 0.0025675513723301619 -0.82217868733609401 0.75677103767520826 -0.1176724427238728 -1.0930396093159627 0.011815062537031591 0.012420246528412332 -0.96032736563501209 -0.22407794169677286 -1.0771335222862402 0.31745973983122366
leaf_weight=182 126 63 118 182 90 126 2326 58 886 5641 32 41 43 126
leaf_count=182 126 63 118 182 90 126 2326 58 886 5641 32 41 43 126
internal_value=0.000185241 -0.00630872 0.000487754 0.00739726 -0.00335937 0.00104651 0.000214495 0.00117436 -0.00144589 0.00135186 0.0111258 0.00696429 0.00209677 -0.00278842
internal_weight=10040 446 9594 364 383 257 9230 5849 3381 5791 150 167 929 2452
internal_count=10040 446 9594 364 383 257 9230 5849 3381 5791 150 167 929 2452
is_linear=0
shrinkage=0.03


Tree=221
num_leaves=15
num_cat=0
split_feature=0 6 26 27 5 3 27 19 26 16 18 19 38 34
split_gain=23.6333 17.8025 20.3525 19.4639 18.7665 22.7682 46.3785 24.4057 20.8152 30.3153 55.0874 33.4688 25.2998 20.6395
threshold=541.50000000000011 8.5000000000000018 37.771184645000005 55.633134370000008 1.5000000000000002 1.0000000180025095e-35 55.801236590000009 316.68005546055804 37.533866470000014 24.500000000000004 3128.8717786199882 36.85492314539799 243.50000000000003 2002.5000000000002
decision_type=2 2 2 2 2 2 2 10 2 10 10 10 10 8
left_child=1 4 3 -3 -1 6 8 -7 9 12 11 -11 -6 -10
right_child=-2 2 -4 -5 5 7 -8 -9 13 10 -12 -13 -14 -15
leaf_value=0.03346473743229101 -1.9793201781022309 0.47249259507513808 1.4616262438734031 0.0046853473311371024 -0.034498707921369096 0.027363828520604965 1.3037823053055353 -0.014981784917600369 0.063049795749121812 -0.051165940522296012 -0.77327974977148872 1.3335493715138678 -0.55660234782203133 -0.44007309610263928
leaf_weight=2620 47 440 79 1848 1573 675 151 242 213 86 95 195 213 1591
leaf_count=2620 47 440 79 1848 1573 675 151 242 213 86 95 195 213 1591
internal_value=0.00037541 0.000475953 0.00274916 0.00222805 -0.000227302 -0.00129891 -0.00225109 0.00297386 -0.00287371 -0.000887656 0.0068435 0.0135106 -0.00251819 -0.00525208
internal_weight=10068 10021 2367 2288 7654 5034 4117 917 3966 2162 376 281 1786 1804
internal_count=10068 10021 2367 2288 7654 5034 4117 917 3966 2162 376 281 1786 1804
is_linear=0
shrinkage=0.03


Tree=222
num_leaves=15
num_cat=0
split_feature=5 2 2 27 40 22 38 41 18 27 23 23 6 38
split_gain=24.4797 23.6225 20.1383 39.6312 17.0186 17.2619 23.5391 22.5856 17.8022 16.9608 16.7833 16.4388 15.747 18.452
threshold=1.5000000000000002 20.425000000000004 2.8916666666666671 55.73083620500001 -171.49999999999997 0.94957627118644072 34.500000000000007 630.50000000000011 425.14752074476752 55.67592130500001 0.96368346679227523 0.91848599905078321 10.500000000000002 312.50000000000006
decision_type=2 2 2 2 8 10 8 10 10 2 2 2 2 10
left_child=1 2 3 -1 11 7 9 -6 -8 -7 12 -4 13 -3
right_child=-2 10 4 -5 5 6 8 -9 -10 -11 -12 -13 -14 -15
leaf_value=-0.47233812933295088 -0.015692705432148273 -0.024956392397346185 0.11894911752210986 0.032298175898542426 0.055147965055451706 0.77302001321849823 -0.083613618529191455 -0.88468622619690163 0.77504330048544379 -0.61859954678057927 -0.34596500802250429 1.7203078177330542 0.02924269965447053 0.36485547281508851
leaf_weight=144 6289 273 89 52 2522 32 33 39 206 41 85 95 47 33
leaf_count=144 6289 273 89 52 2522 32 33 39 206 41 85 95 47 33
internal_value=8.41599e-05 0.00202329 0.00290412 -0.00639594 0.00350229 0.00293319 0.00958466 0.00211944 0.014125 -0.00527027 -0.00451025 0.0123243 -0.00161017 -0.00410423
internal_weight=9980 3691 3253 196 3057 2873 312 2561 239 73 438 184 353 306
internal_count=9980 3691 3253 196 3057 2873 312 2561 239 73 438 184 353 306
is_linear=0
shrinkage=0.03


Tree=223
num_leaves=15
num_cat=0
split_feature=19 34 5 38 18 30 2 34 22 36 14 23 26 22
split_gain=17.1306 24.0404 29.8127 22.5199 27.8177 33.2886 41.8482 34.1029 21.9109 19.7183 23.8289 19.0121 23.8868 30.3155
threshold=80.586442438600557 1287.5000000000002 113.00000000000001 -57.499999999999993 1561.2244442673775 570.00000000000011 6.1916666666666673 491.14356347600005 0.1472136222910217 29.104186857918204 -34.949999999999982 0.93189548546691414 37.484530350000007 0.37406716417910452
decision_type=8 8 2 8 10 2 2 10 8 8 10 2 2 10
left_child=3 2 -2 -1 5 9 -7 -8 -3 10 -5 -6 -13 -14
right_child=1 8 -4 4 11 6 7 -9 -10 -11 -12 12 13 -15
leaf_value=-0.29929611490150643 0.22165476440348256 0.11987099770123422 -0.20403602831571321 -0.51127508643592334 -0.14052481383533452 0.33169216266279916 -0.57161301123195551 0.084724407201323126 -0.0037597827731210374 0.90282548767287574 0.23462121304673808 0.46411875562860877 0.15337396115872537 -0.76697986215339387
leaf_weight=865 397 659 41 104 1629 79 237 148 4232 106 959 334 135 145
leaf_count=865 397 659 41 104 1629 79 237 148 4232 106 959 334 135 145
internal_value=-0.000238308 0.000928705 0.00765376 -0.00154998 -0.000572608 0.00240514 -0.0043871 -0.0084715 0.00032502 0.00510256 0.00386278 -0.00274064 0.0017561 -0.00469751
internal_weight=10070 5329 438 4741 3876 1633 464 385 4891 1169 1063 2243 614 280
internal_count=10070 5329 438 4741 3876 1633 464 385 4891 1169 1063 2243 614 280
is_linear=0
shrinkage=0.03


Tree=224
num_leaves=15
num_cat=0
split_feature=31 32 20 37 2 21 2 27 12 2 27 18 36 18
split_gain=21.7197 27.2029 19.528 15.4703 27.0326 19.0323 18.537 51.4308 17.0858 24.9531 23.3403 17.669 17.6668 15.7366
threshold=393.50000000000006 406.00000000000006 10.887301587301589 129.01430065629418 20.025000000000002 68.750000000000014 18.008333333333336 55.618974455000007 20.500000000000004 15.425000000000002 55.574733635000008 4644.2351104200452 26.234274711168165 2441.4905957309993
decision_type=2 2 10 10 2 10 2 2 10 2 2 10 10 10
left_child=3 -2 -3 5 6 13 8 -8 9 -5 11 -10 -12 -1
right_child=1 2 -4 4 -6 -7 7 -9 10 -11 12 -13 -14 -15
leaf_value=0.0060436215447101276 -1.4229919830381879 0.21118020547573621 -0.34217598370348323 0.40082605659938564 -0.059087757357208656 0.15880801112335619 -0.28917271251871052 2.5628713165658463 -0.068605506459521862 -1.5534810480372385 0.0072528601848544129 2.6294470008204587 -0.09715907467906125 -0.038321932231661256
leaf_weight=5683 81 38 49 271 347 33 59 128 39 35 607 57 95 2408
leaf_count=5683 81 38 49 271 347 33 59 128 39 35 607 57 95 2408
internal_value=1.20834e-05 -0.0106509 0.00102273 0.000196661 0.0028554 -0.000339692 0.00485294 0.0135638 0.00336652 0.00938111 0.00105131 0.0148454 -0.000853485 -0.000433762
internal_weight=9930 168 87 9762 1638 8124 1291 187 1104 306 798 96 702 8091
internal_count=9930 168 87 9762 1638 8124 1291 187 1104 306 798 96 702 8091
is_linear=0
shrinkage=0.03


Tree=225
num_leaves=15
num_cat=0
split_feature=6 3 26 2 23 23 15 35 18 0 39 26 27 41
split_gain=20.5414 25.2447 30.5139 32.7333 32.5228 24.7173 22.2679 21.4376 21.4267 21.2714 23.5814 23.0251 20.4242 19.9626
threshold=8.5000000000000018 1.0000000180025095e-35 37.74373523500001 2.9750000000000005 0.8710666930536316 0.5110154418303825 225.04700309850003 11977.93766526077 118.51997204039945 18.500000000000004 163.22614363769171 37.507454235000004 55.563957970000011 129.50000000000003
decision_type=2 2 2 2 2 2 8 10 8 2 10 2 2 10
left_child=6 2 3 4 -2 -5 -1 -3 -8 11 -11 -7 -10 -13
right_child=1 7 -4 5 -6 9 8 -9 12 10 -12 13 -14 -15
leaf_value=-0.076457699777419452 0.01300579418193692 -0.015665504026992585 1.4924317949551582 2.3976931022624077 -1.8795089549103741 1.059038362721642 -0.084388199373242392 0.0080074673788433533 -1.6169878733680532 0.046575493172503216 -1.3585351747358374 0.18371610537809488 0.018857211095404062 2.6610940606034061
leaf_weight=5055 67 331 139 53 57 193 335 105 47 845 52 491 2228 34
leaf_count=5055 67 331 139 53 57 193 335 105 47 845 52 491 2228 34
internal_value=-4.78421e-05 0.00239443 0.00386646 0.00281093 -0.012 0.00391851 -0.000802244 -0.00411899 0.00144772 0.00324876 0.000167038 0.00709318 0.00249121 0.00382129
internal_weight=10032 2367 1931 1792 124 1668 7665 436 2610 1615 897 718 2275 525
internal_count=10032 2367 1931 1792 124 1668 7665 436 2610 1615 897 718 2275 525
is_linear=0
shrinkage=0.03


Tree=226
num_leaves=15
num_cat=0
split_feature=0 39 13 26 2 18 6 24 36 36 16 2 39 13
split_gain=24.5328 17.1921 15.1733 19.3333 14.2196 22.9418 13.302 14.9697 12.9542 15.698 12.5862 17.1772 18.3022 17.8034
threshold=-146.49999999999997 140.65833333333336 413.50000000000006 37.743231170000008 11.925000000000002 2441.4905957309993 10.500000000000002 3282.9188194715002 21.117662855162859 23.371857541899445 27.500000000000004 3.2750000000000004 293.56527559118337 -101.49999999999999
decision_type=2 8 10 2 2 10 2 10 10 10 10 2 8 10
left_child=1 8 6 -4 5 -3 10 -8 -1 -10 -2 -12 13 -13
right_child=2 4 3 -5 -6 -7 7 -9 9 -11 11 12 -14 -15
leaf_value=1.4598736680676212 -0.0072804395745033577 -0.70962112546422706 -0.021786102062889983 -4.4177404505938229 0.58397402255170305 0.029017282157350385 0.96281310651572249 -0.0036726541438835167 -0.15801151194863336 0.83270555705328597 -0.52372468924170146 -0.8053944731079723 2.1638983240976839 0.42026912969161678
leaf_weight=126 8896 54 59 36 70 46 102 52 33 31 30 92 71 315
leaf_count=126 8896 54 59 36 70 46 102 52 33 31 30 92 71 315
internal_value=-3.29539e-05 0.00764543 -0.000320075 -0.0121875 0.000701754 -0.00653465 -0.000200858 0.00851613 0.013822 0.00276923 -0.000344498 0.00424361 0.00563674 0.00316176
internal_weight=10013 360 9653 95 170 100 9558 154 190 64 9404 508 478 407
internal_count=10013 360 9653 95 170 100 9558 154 190 64 9404 508 478 407
is_linear=0
shrinkage=0.03


Tree=227
num_leaves=15
num_cat=0
split_feature=0 0 27 35 23 2 24 34 27 26 12 0 19 34
split_gain=19.0928 15.65 13.9968 42.5065 37.535 30.936 30.6179 25.4117 24.2825 44.9133 35.8809 23.9938 22.808 26.2842
threshold=541.50000000000011 -260.99999999999994 55.739195915000003 1787.9390228966133 0.80735492577597856 2.4250000000000003 4252.9165354710012 2540.3798409105007 55.841428305000008 37.462456390000007 263.50000000000006 -30.499999999999996 88.217388038502676 1733.0586570270002
decision_type=2 2 2 8 2 2 10 10 2 2 8 2 8 8
left_child=1 -1 5 -4 6 7 -5 -3 9 -6 11 -11 -7 -14
right_child=-2 2 3 4 8 12 -8 -9 -10 10 -12 -13 13 -15
leaf_value=1.2769911317632487 -1.734792572359197 -0.58551203214500391 -0.18955088678093118 -0.0088889244465983914 1.3307075212544657 -0.050454573316698087 0.06702835468695259 0.67636041537495417 -0.085370642106757724 0.519167193680384 2.1098371284686861 -0.29958320660907589 0.1771959068467121 0.0033030824743795996
leaf_weight=36 49 142 358 489 389 4195 36 30 104 78 87 319 392 3286
leaf_count=36 49 142 358 489 389 4195 36 30 104 78 87 319 392 3286
internal_value=-0.000108097 -1.50875e-05 -8.78256e-05 0.00225685 0.00447106 -0.000630127 -0.0019962 -0.0131792 0.00794479 0.00957666 0.00346392 -0.000376884 -0.000354331 0.00136994
internal_weight=9990 9941 9905 1860 1502 8045 525 172 977 873 484 397 7873 3678
internal_count=9990 9941 9905 1860 1502 8045 525 172 977 873 484 397 7873 3678
is_linear=0
shrinkage=0.03


Tree=228
num_leaves=15
num_cat=0
split_feature=0 24 26 40 2 12 32 2 36 26 37 41 12 14
split_gain=17.3532 25.906 22.9706 36.5872 44.4952 22.7088 23.8209 21.0715 31.2982 24.1544 25.3024 23.3954 30.6165 31.4792
threshold=39.500000000000007 15.6066372725 37.491016760000008 14.500000000000002 6.5916666666666677 -174.49999999999997 -774.99999999999989 20.258333333333336 31.152007575757576 37.833310065000006 92.06270707875116 -195.49999999999997 47.500000000000007 -8.7499999999999982
decision_type=2 8 2 10 2 8 2 2 10 2 10 8 8 8
left_child=2 7 3 -1 -5 6 -4 9 -9 10 11 -2 13 -13
right_child=1 -3 5 4 -6 -7 -8 8 -10 -11 -12 12 -14 -15
leaf_value=0.0046070919001406216 0.48047371427504243 -0.27348510872907761 1.0811595203755917 -0.78008992333644878 1.0482269342831847 0.0025420202997533826 -1.0274913493225639 -0.39900886341905206 1.0264893015113568 0.63182414789463326 0.16404178352354981 -0.010537581163880105 -0.046096942181838824 -0.93949679768833494
leaf_weight=1248 90 300 39 47 361 3606 235 390 85 120 1098 199 1912 291
leaf_count=1248 90 300 39 47 361 3606 235 390 85 120 1098 199 1912 291
internal_value=-0.000278388 -0.00166518 0.000845223 0.00380205 0.0115892 -0.000417418 -0.00872727 -0.00105351 -0.0069958 -0.000291027 -0.000735171 -0.00240674 -0.00297129 -0.00965377
internal_weight=10021 4485 5536 1656 408 3880 274 4185 475 3710 3590 2492 2402 490
internal_count=10021 4485 5536 1656 408 3880 274 4185 475 3710 3590 2492 2402 490
is_linear=0
shrinkage=0.03


Tree=229
num_leaves=15
num_cat=0
split_feature=0 2 26 1 16 0 36 23 35 31 12 36 34 2
split_gain=20.0057 30.6225 24.6379 23.3382 22.0507 25.8942 19.8357 19.1315 21.3229 17.7113 27.8521 17.6795 25.4595 25.6201
threshold=11.500000000000002 20.841666666666672 37.524235435000008 12.328667200000002 12.500000000000002 131.50000000000003 20.646444281524932 0.053101503759398504 7421.4283637444123 -251.99999999999997 -179.49999999999997 20.028335340559348 499.06170640000005 14.175000000000002
decision_type=2 2 2 2 8 2 10 2 10 2 8 8 8 2
left_child=9 3 4 7 -3 6 -6 8 -2 -1 -11 12 -12 -14
right_child=1 2 -4 -5 5 -7 -8 -9 -10 10 11 -13 13 -15
leaf_value=1.0573219257491777 -0.71148189588308297 -1.4042308193953357 -1.0145134103194924 -0.34354993861116384 -0.011394271231636215 -0.16833019832449933 1.3379007396976734 0.0015620162308703554 0.83654884787076544 -0.35118453566877633 -0.27648127089836622 0.0011506505694878989 0.39698236761104139 0.0064797158666334009
leaf_weight=64 89 34 166 521 54 113 60 4276 39 273 71 3048 671 520
leaf_count=64 89 34 166 521 54 113 60 4276 39 273 71 3048 671 520
internal_value=-0.000375 -0.00162526 -0.00932243 -0.000956151 -0.00354962 -0.000131579 0.00991304 -0.000245176 -0.0116279 0.00106497 0.000844241 0.00143354 0.00441805 0.00546141
internal_weight=9999 5352 427 4925 261 227 114 4404 128 4647 4583 4310 1262 1191
internal_count=9999 5352 427 4925 261 227 114 4404 128 4647 4583 4310 1262 1191
is_linear=0
shrinkage=0.03


Tree=230
num_leaves=15
num_cat=0
split_feature=0 26 23 37 13 36 0 2 13 27 27 16 37 10
split_gain=17.5991 29.0213 27.3415 41.7866 24.1785 23.8864 22.4725 29.291 26.3872 24.0953 22.3348 22.1906 29.4035 21.9702
threshold=39.500000000000007 37.480946415000012 0.16485507246376815 873.45781077404354 26.500000000000004 19.356601731601735 -119.49999999999999 11.758333333333335 -110.49999999999999 55.728066570000003 55.657384465000007 16.500000000000004 -153.21160544522104 0.91666666666666685
decision_type=2 2 2 10 10 8 2 2 10 2 2 10 10 10
left_child=1 11 3 -2 5 10 7 8 9 -7 13 -1 -13 -3
right_child=2 4 -4 -5 -6 6 -8 -9 -10 -11 -12 12 -14 -15
leaf_value=0.013137166568104248 -1.0941449570111519 0.67568975853847768 -0.025670814839643237 1.4978222198811131 0.086657858350895539 -0.72627761470410945 -0.035432858043382802 0.57868487136386138 1.9694010944032203 0.10791624449022777 -0.092843949409218918 1.8018429568709067 0.35248756781634627 -0.024801300593216679
leaf_weight=970 119 363 4379 30 609 110 2304 229 32 51 342 138 307 86
leaf_count=970 119 363 4379 30 609 110 2304 229 32 51 342 138 307 86
internal_value=0.000181728 0.00131541 -0.00120556 -0.0138 4.36152e-05 -0.00091245 -0.00224422 0.00411348 -0.00448454 -0.00944444 0.00367424 0.00502119 0.0105605 0.00806667
internal_weight=10069 5541 4528 149 4126 3517 2726 422 193 161 791 1415 445 449
internal_count=10069 5541 4528 149 4126 3517 2726 422 193 161 791 1415 445 449
is_linear=0
shrinkage=0.03


Tree=231
num_leaves=15
num_cat=0
split_feature=0 6 10 0 18 2 2 27 35 2 38 0 2 27
split_gain=18.3663 15.52 22.9668 32.1708 28.246 43.0238 42.8807 32.0401 26.7054 25.4906 38.0419 26.8454 25.2203 27.4953
threshold=445.50000000000006 8.5000000000000018 1.0000000180025095e-35 139.50000000000003 1543.8532591268515 12.675000000000002 13.925000000000002 55.635614690000004 3995.9740910496935 11.091666666666669 -21.499999999999996 27.500000000000004 18.258333333333336 55.566152885000001
decision_type=2 2 8 2 8 2 2 2 10 2 10 2 2 2
left_child=1 2 4 -4 -1 9 -7 12 -9 -6 11 -11 -8 -14
right_child=-2 -3 3 -5 5 6 7 8 -10 10 -12 -13 13 -15
leaf_value=0.03451165996194952 -0.85265676363561171 0.023754122151975636 0.01959698291956212 -0.33564286294999018 -0.25201142271342786 0.82404013464540127 1.0090015445789791 -0.44375168651592972 0.54958765615346084 -1.2539985591671265 -2.2212334133473894 0.2824989719784905 -0.89222803890366909 0.2155737144845743
leaf_weight=2643 67 2328 1441 85 1580 268 190 666 138 68 177 97 63 131
leaf_count=2643 67 2328 1441 85 1580 268 190 666 138 68 177 97 63 131
internal_value=9.65503e-05 0.000203524 -0.000457075 0.00282908 -0.00129027 -0.00310743 0.00078243 -0.00166526 -0.00506832 -0.00605304 -0.0134694 -0.00307229 0.00545455 -0.00215385
internal_weight=9942 9875 7547 1526 6021 3378 1456 1188 804 1922 342 165 384 194
internal_count=9942 9875 7547 1526 6021 3378 1456 1188 804 1922 342 165 384 194
is_linear=0
shrinkage=0.03


Tree=232
num_leaves=15
num_cat=0
split_feature=0 32 5 3 18 39 38 9 6 0 9 2 18 38
split_gain=17.0381 16.5278 16.1999 17.8462 20.2948 20.8873 20.0091 22.723 17.7099 17.7063 22.2943 17.2956 15.6857 15.5624
threshold=445.50000000000006 348.50000000000006 1.5000000000000002 1.0000000180025095e-35 2403.3974140303649 47.666666666666671 -104.49999999999999 27.015275591183336 6.5000000000000009 -1.0000000180025095e-35 66.01527559118334 14.175000000000002 720.46394382581536 106.50000000000001
decision_type=2 2 2 2 8 8 8 8 2 2 8 2 10 8
left_child=2 -2 3 4 6 -6 11 8 -8 -5 -11 -1 -10 -9
right_child=1 -3 -4 9 5 -7 7 13 12 10 -12 -13 -14 -15
leaf_value=0.26899878580465525 -3.207070778764924 0.0064457737314856439 -0.015215195643334062 0.27294591603991303 -2.3411200930579046 -0.0091224568919448055 -0.46785069209630492 0.30442581743565456 -0.34937324040468709 -0.0058076102265984201 -0.083004204505161147 -0.79138216804662542 0.32476412399840698 0.81698403484939242
leaf_weight=66 35 34 6275 95 30 1099 74 595 85 394 99 88 593 480
leaf_count=66 35 34 6275 95 30 1099 74 595 85 394 99 88 593 480
internal_value=-0.000250921 -0.015 -0.000147383 0.00142741 0.00233365 -0.000876106 0.00416246 0.00503829 0.00103586 -0.00336163 -0.00564777 -0.00619355 0.00256259 0.00783457
internal_weight=10042 69 9973 3698 3110 1129 1981 1827 752 588 493 154 678 1075
internal_count=10042 69 9973 3698 3110 1129 1981 1827 752 588 493 154 678 1075
is_linear=0
shrinkage=0.03


Tree=233
num_leaves=15
num_cat=0
split_feature=0 0 40 40 24 35 2 26 34 26 26 19 41 18
split_gain=19.8574 18.6232 15.209 25.7816 14.0912 24.6537 16.2545 24.6969 22.5398 29.1537 19.4678 21.2078 18.8388 20.1834
threshold=580.50000000000011 -260.99999999999994 920.50000000000011 782.50000000000011 1.8332030500000001 626.22480167951278 2.4250000000000003 37.509804465000009 1579.0555570520003 37.705961470000005 37.69354237000001 20.331103453975818 409.00000000000006 4406.2747518707683
decision_type=2 2 10 10 10 8 2 2 8 2 2 10 10 10
left_child=1 -1 3 4 5 -3 7 -6 9 10 11 -8 13 -10
right_child=-2 2 -4 -5 6 -7 8 -9 12 -11 -12 -13 -14 -15
leaf_value=0.97077800786735846 -2.4652358759128297 -0.46753927229903064 -0.16260292445913932 1.0001313968343395 -0.0055930414038450373 0.036781673235302632 -0.26234403634018655 -0.49151069352496407 -0.03451109384452309 0.53667663833383983 -0.78663055845110774 0.091895736086565372 -0.514953864992586 0.011752936922545107
leaf_weight=39 35 110 36 37 153 2017 111 76 5540 159 31 503 146 947
leaf_count=39 35 110 36 37 153 2017 111 76 5540 159 31 503 146 947
internal_value=-0.000259531 -0.00017868 -0.000261478 -0.000189197 -0.000284868 0.001875 -0.000884309 -0.00873913 -0.000641301 0.00409938 0.00125387 0.00243902 -0.00121646 -0.000975647
internal_weight=9940 9905 9866 9830 9793 2127 7666 229 7437 804 645 614 6633 6487
internal_count=9940 9905 9866 9830 9793 2127 7666 229 7437 804 645 614 6633 6487
is_linear=0
shrinkage=0.03


Tree=234
num_leaves=15
num_cat=0
split_feature=0 24 38 23 2 2 2 37 0 18 14 14 37 26
split_gain=21.243 23.3796 23.3906 26.3907 27.5354 27.4222 27.1823 26.5627 25.2439 26.6454 25.0421 22.9347 22.4538 20.8908
threshold=150.50000000000003 16.745393969500004 12.500000000000002 0.86501670209535397 12.925000000000002 7.9250000000000016 12.841666666666669 -275.9219751242893 445.50000000000006 1751.2370175909934 37.899999999999984 22.300000000000001 397.92579482303285 37.47437934500001
decision_type=2 10 8 2 2 2 2 10 2 10 8 10 10 2
left_child=13 2 -2 4 -4 7 10 -5 9 -8 -7 -11 -3 -1
right_child=1 12 3 5 -6 6 8 -9 -10 11 -12 -13 -14 -15
leaf_value=0.041210450627147933 -0.50843578201066963 -1.3157516412149375 -0.038404247490377158 0.51085180544344755 2.3668479382577492 -1.0739782309675572 0.47180196847042621 0.12466125639932929 -1.7324746477078565 -0.38901482271509058 0.037177729044545631 0.41487980593776269 0.042949554482369125 -0.0008465560707766269
leaf_weight=2332 430 83 40 67 60 120 160 322 48 306 59 139 32 5836
leaf_count=2332 430 83 40 67 60 120 160 322 48 306 59 139 32 5836
internal_value=0.000155456 -0.00273166 -0.00186644 0.000113464 0.0148515 -0.00110475 -0.00417767 0.00546154 -0.00133028 0.000346535 -0.0145 -0.00343049 -0.0157759 0.000815277
internal_weight=10034 1866 1751 1321 100 1221 832 389 653 605 179 445 115 8168
internal_count=10034 1866 1751 1321 100 1221 832 389 653 605 179 445 115 8168
is_linear=0
shrinkage=0.03


Tree=235
num_leaves=15
num_cat=0
split_feature=0 1 2 27 35 20 2 21 9 39 41 9 27 26
split_gain=18.1108 15.2083 19.172 23.6047 25.2053 29.4283 23.7663 20.1632 18.9407 17.8385 16.7664 16.5189 16.1397 20.799
threshold=580.50000000000011 11.108811808333334 20.425000000000004 55.739195915000003 392.09574337006092 13.189422180801493 2.4250000000000003 18.950000000000003 2.0152755911833338 50.741666666666674 590.50000000000011 2.0152755911833338 55.644023925000006 37.706981325000008
decision_type=2 2 2 2 8 8 2 10 10 8 10 8 2 2
left_child=1 2 3 6 -5 -6 -1 -4 -8 -7 -10 -11 -3 -14
right_child=-2 12 7 4 5 9 8 -9 10 11 -12 -13 13 -15
leaf_value=-0.4371534887875953 -2.5260481597385556 0.017426532976690744 -0.051577314225473604 -0.54950670901279008 1.1458164351050737 -0.21452143212888111 0.36135695237914323 0.014695713977720589 0.0087113964580840756 -0.050811178465745913 -0.32922544414106231 0.035035036230544887 -0.024957448412900141 -0.31234570117180155
leaf_weight=121 33 1209 401 46 343 36 323 265 4336 46 64 348 1844 596
leaf_count=121 33 1209 401 46 343 36 323 265 4336 46 64 348 1844 596
internal_value=-0.000200759 -0.000126265 0.000763033 0.00132945 0.00603659 0.00732558 0.000532508 -0.00404798 0.000870025 0.00208817 0.000354465 0.00394937 -0.00166849 -0.00307251
internal_weight=10011 9978 6329 5663 819 773 4844 666 4723 430 4400 394 3649 2440
internal_count=10011 9978 6329 5663 819 773 4844 666 4723 430 4400 394 3649 2440
is_linear=0
shrinkage=0.03


Tree=236
num_leaves=15
num_cat=0
split_feature=0 0 21 32 31 12 22 2 18 18 39 9 2 12
split_gain=19.0652 17.7483 23.1848 20.1626 20.1695 24.1621 21.7865 17.4634 28.2661 21.1509 20.0679 23.4019 20.9149 17.1767
threshold=580.50000000000011 -48.499999999999993 38.050000000000004 10.500000000000002 -251.99999999999997 -174.49999999999997 0.32025641025641033 14.925000000000002 425.14752074476752 3291.3967329679713 135.65000000000001 57.942810304358339 14.425000000000002 -72.499999999999986
decision_type=2 2 10 2 2 8 10 2 10 10 10 10 2 8
left_child=1 2 3 4 -1 6 -6 10 -9 -10 12 -12 13 -7
right_child=-2 -3 -4 -5 5 7 -8 8 9 -11 11 -13 -14 -15
leaf_value=1.3140064611581233 -2.6797063049237986 -0.0057077466298457707 -1.1903175093344929 1.7626632395548687 -0.95054484758865443 0.59413460330832268 0.60863473765761533 -0.19607120692993191 1.0022664167039839 -1.2291983116490595 -1.3647316756884793 0.14894368913973011 -0.58350399451637469 -0.014221171684700948
leaf_weight=44 34 8364 54 42 130 334 78 47 361 31 110 93 31 250
leaf_count=44 34 8364 54 42 130 334 78 47 361 31 110 93 31 250
internal_value=-0.000182927 -0.000105316 0.00278331 0.00346005 0.00288079 0.00227149 -0.00717703 0.00383943 0.00865909 0.0112977 0.00124542 -0.00691176 0.00394481 0.00523077
internal_weight=10003 9969 1605 1551 1509 1465 208 1257 439 392 818 203 615 584
internal_count=10003 9969 1605 1551 1509 1465 208 1257 439 392 818 203 615 584
is_linear=0
shrinkage=0.03


Tree=237
num_leaves=15
num_cat=0
split_feature=0 27 35 27 2 36 18 13 0 38 3 26 13 37
split_gain=22.4001 19.496 31.5423 24.4005 28.5006 29.8561 24.114 24.9355 23.9229 27.2844 21.672 35.3095 38.5156 35.3778
threshold=580.50000000000011 55.732494605000007 440.95546972161213 55.730446065000002 2.9750000000000005 24.127712171311604 6823.8958060605137 -55.499999999999993 -50.499999999999993 -4.4999999999999991 1.0000000180025095e-35 37.417799130000013 59.500000000000007 -365.69310402919376
decision_type=2 2 8 2 2 10 10 10 2 8 2 2 8 8
left_child=1 3 -3 4 5 6 7 -1 9 -4 11 13 -13 -10
right_child=-2 2 8 -5 -6 -7 -8 -9 10 -11 -12 12 -14 -15
leaf_value=0.49640762039644376 -2.5993151157760845 -0.47127989785046859 -0.073218517234440686 -0.57113589381238172 2.7889767143793873e-05 -0.64473047191541277 -0.57341913284363943 -0.15977786619581488 -0.11967070691147412 0.91451788212442298 -0.0048359667552379231 -0.49293859781590893 0.45968989415669564 1.2335066173727569
leaf_weight=90 34 122 56 187 7329 123 70 72 133 118 721 276 326 413
leaf_count=90 34 122 56 187 7329 123 70 72 133 118 721 276 326 413
internal_value=-4.17039e-05 4.18452e-05 0.00256233 -0.000651677 -0.000390371 -0.00867978 -0.0023176 0.00404908 0.00344912 0.0140571 0.00245455 0.00501305 0 0.0105302
internal_weight=10070 10036 2165 7871 7684 355 232 162 2043 174 1869 1148 602 546
internal_count=10070 10036 2165 7871 7684 355 232 162 2043 174 1869 1148 602 546
is_linear=0
shrinkage=0.03


Tree=238
num_leaves=15
num_cat=0
split_feature=2 9 35 24 2 2 13 16 26 31 2 27 2 27
split_gain=20.0871 20.0947 30.7449 21.018 17.6181 29.2756 32.5341 28.4636 26.2526 26.0039 40.5814 28.7168 20.741 30.2222
threshold=2.4250000000000003 13.974214364491669 14074.030458411775 2711.0000000000005 20.591666666666672 18.008333333333336 41.500000000000007 8.5000000000000018 37.771184645000005 302.50000000000006 19.041666666666671 55.633539875000004 15.841666666666669 55.613116985000005
decision_type=2 10 10 8 2 2 10 8 2 2 2 2 2 2
left_child=1 -1 3 -3 5 12 -7 -6 9 10 -8 -12 -2 -14
right_child=4 2 -4 -5 7 6 8 -9 -10 -11 11 -13 13 -15
leaf_value=-0.055189912581639709 0.0071356214478078333 -0.21394722063248173 -0.33580639463844797 0.043563433500879677 -0.53677427132237798 1.0084842388537134 2.378710691798168 -0.0046908877525807854 1.1034922563798952 -1.0092830502192691 0.48189158986744918 -0.8054959159060725 1.4108736744506727 -0.16260712974771824
leaf_weight=140 6882 32 43 68 147 304 109 799 62 98 97 108 72 1075
leaf_count=140 6882 32 43 68 147 304 109 799 62 98 97 108 72 1075
internal_value=-0.000269005 -0.0081338 -0.000208333 0.00891089 -3.99836e-05 0.000378065 0.00593068 -0.00392819 0.00101053 -0.00174334 0.00247619 -0.00538835 -0.000160648 -0.00389373
internal_weight=10036 283 143 100 9753 8807 778 946 474 412 314 205 8029 1147
internal_count=10036 283 143 100 9753 8807 778 946 474 412 314 205 8029 1147
is_linear=0
shrinkage=0.03


Tree=239
num_leaves=15
num_cat=0
split_feature=0 32 27 27 21 36 0 16 26 13 26 14 14 36
split_gain=17.2223 26.4669 30.9821 17.4494 16.9564 16.6698 16.3096 14.9955 15.2698 24.0217 23.1592 28.9774 24.1449 23.1543
threshold=359.50000000000006 179.50000000000003 55.604049130000007 55.634618535000008 11.65 28.95401691331924 -260.99999999999994 30.500000000000004 37.47313255000001 -203.49999999999997 37.448708735000004 -4.9999999999999938 40.500000000000007 25.986512027491411
decision_type=2 2 2 2 10 10 2 10 2 8 2 10 10 10
left_child=6 5 -3 -4 -5 -2 -1 8 10 -10 12 -12 -8 -11
right_child=1 2 3 4 -6 -7 7 -9 9 13 11 -13 -14 -15
leaf_value=1.0373629652314735 -1.0599572983841072 -1.096627548669084 1.030353860611523 -0.74834503716410772 0.070802431681239245 0.026052749491277609 -0.0032014514490936951 1.0382172731089008 -0.67751764052581376 0.00020120154203503391 0.64096496390145474 0.00022593141017542172 0.69275215591576789 -0.091698152234649319
leaf_weight=34 100 52 45 33 62 35 2189 44 105 5834 357 323 177 685
leaf_count=34 100 52 45 33 62 35 2189 44 105 5834 357 323 177 685
internal_value=-9.82533e-05 -0.00685976 0.000310881 0.00765957 0.0003125 -0.0169853 0.000129244 5.55841e-05 -2.48165e-05 -0.000833208 0.00173285 0.00660793 0.000329531 -0.000602761
internal_weight=10075 327 192 140 95 135 9748 9714 9670 6624 3046 680 2366 6519
internal_count=10075 327 192 140 95 135 9748 9714 9670 6624 3046 680 2366 6519
is_linear=0
shrinkage=0.03


Tree=240
num_leaves=15
num_cat=0
split_feature=0 32 0 27 13 32 32 27 8 13 37 27 27 27
split_gain=18.9258 17.2395 31.5466 25.251 20.2288 24.9162 24.4189 22.5539 24.5 24.2564 19.7346 19.2772 18.4914 26.6517
threshold=158.50000000000003 98.500000000000014 418.50000000000006 55.739195915000003 161.50000000000003 -323.99999999999994 -456.49999999999994 55.805623720000007 3.5000000000000004 27.500000000000004 -50.341454632942934 55.746524195000006 55.642574175000007 55.58203025000001
decision_type=2 2 2 2 8 2 2 2 2 10 10 2 2 2
left_child=-1 2 4 12 6 -6 -2 8 9 -8 -7 -5 13 -3
right_child=1 3 -4 11 5 10 7 -9 -10 -11 -12 -13 -14 -15
leaf_value=0.0029083175088518549 -0.94687609450767374 -0.29664235272325745 -1.2598924114696148 2.7811965602042052 0.13779030481785384 -0.0053698274187121342 0.64539870576987834 -0.75651727814781367 0.96565089758216593 -1.1592321213512837 -0.86371204387847877 -0.070711837886575257 -0.54917456325654657 0.56244231703587444
leaf_weight=8267 89 234 62 72 201 111 48 56 66 127 47 46 408 209
leaf_count=8267 89 234 62 72 201 111 48 56 66 127 47 46 408 209
internal_value=-0.000229988 -0.00303883 -0.00627475 -0.000340206 -0.00454424 0.000583333 -0.00930233 -0.00513423 -0.0011157 -0.00698864 -0.00830189 0.012605 -0.00214789 0.00209459
internal_weight=10043 1776 807 969 745 359 386 297 241 175 158 118 851 443
internal_count=10043 1776 807 969 745 359 386 297 241 175 158 118 851 443
is_linear=0
shrinkage=0.03


Tree=241
num_leaves=15
num_cat=0
split_feature=0 7 16 0 40 40 41 37 14 12 26 18 10 37
split_gain=24.9663 26.3305 15.0209 14.6687 13.8511 13.0586 14.579 17.3158 20.7725 23.4862 16.2635 22.44 30.9123 21.6357
threshold=408.50000000000006 1.0000000180025095e-35 30.500000000000004 -260.99999999999994 920.50000000000011 782.50000000000011 409.00000000000006 301.2310610529243 -6.8000000000000167 76.500000000000014 37.479357640000011 2430.8287427768059 0.41666666666666669 109.81704303176663
decision_type=2 2 10 2 10 10 10 10 10 10 2 10 10 10
left_child=2 -2 3 -1 5 6 7 10 -9 -10 -5 -12 -13 -14
right_child=1 -3 -4 4 -6 -7 -8 8 9 -11 11 12 13 -15
leaf_value=0.86905232046982284 -0.02743829149012857 -1.2318478540719082 0.90971350946312568 0.022177129301416014 -0.16689630204579173 0.67304747294263034 -0.17317782790004208 -0.0043703395968945763 2.0399669390092732 0.028980624481707698 0.0010016818715587478 -0.38253099820224207 0.031746966606812088 -0.075231820557402865
leaf_weight=35 96 63 47 2943 34 36 218 282 97 247 4275 1373 235 52
leaf_count=35 96 63 47 2943 34 36 218 282 97 247 4275 1373 235 52
internal_value=-5.68069e-05 -0.0118125 0.000133671 5.18926e-05 -1.83805e-05 4.91854e-05 -1.85128e-05 0.000157812 0.00497608 0.00991304 -0.000182453 -0.00108659 -0.00404576 0.00489583
internal_weight=10033 159 9874 9827 9792 9758 9722 9504 626 344 8878 5935 1660 287
internal_count=10033 159 9874 9827 9792 9758 9722 9504 626 344 8878 5935 1660 287
is_linear=0
shrinkage=0.03


Tree=242
num_leaves=15
num_cat=0
split_feature=1 18 24 38 41 36 0 2 2 5 21 22 2 20
split_gain=18.3441 20.1849 17.2338 15.8936 17.6922 15.9438 14.6009 22.4023 18.119 17.6783 14.175 16.8155 13.5517 32.7885
threshold=11.108811808333334 425.14752074476752 3282.9188194715002 324.50000000000006 630.50000000000011 25.437797619047622 143.50000000000003 7.9250000000000016 11.091666666666669 5.5000000000000009 22.050000000000004 0.23845060412224592 20.425000000000004 10.405158730158734
decision_type=2 10 10 10 10 10 2 2 2 2 10 10 2 8
left_child=1 -1 12 6 5 -5 10 9 -9 -8 -2 -12 -3 -14
right_child=3 2 -4 4 -6 -7 7 8 -10 -11 11 -13 13 -15
leaf_value=-0.024053796612590619 0.0094416968859052011 0.059378999514439937 -0.015994568526049299 -0.72514030456125733 0.051521810797454673 0.67745083414947915 -0.01522970767804047 -0.82540840701348372 -0.28364259763688854 0.24815372722520179 -0.0015676933242631818 -0.34422100448603155 -1.204648074654127 0.0037868515618984661
leaf_weight=518 1961 5164 161 151 67 30 196 95 412 31 503 263 119 434
leaf_count=518 1961 5164 161 151 67 30 196 95 412 31 503 263 119 434
internal_value=-0.000157332 0.000816008 0.00131655 -0.00183558 -0.00915663 -0.014011 -0.00130849 -0.00506122 -0.00856299 0.00276316 -0.000296921 -0.00375489 0.00158972 -0.00287004
internal_weight=10105 6396 5878 3709 248 181 3461 734 507 227 2727 766 5717 553
internal_count=10105 6396 5878 3709 248 181 3461 734 507 227 2727 766 5717 553
is_linear=0
shrinkage=0.03


Tree=243
num_leaves=15
num_cat=0
split_feature=31 8 39 31 18 18 26 36 27 38 20 39 14 8
split_gain=15.1205 24.4507 14.2822 14.3385 11.9057 29.8712 33.5144 39.9515 28.3611 25.828 24.2912 27.3253 23.7454 25.9885
threshold=427.50000000000006 9.5000000000000018 454.50833333333338 11.500000000000002 4644.2351104200452 2441.4905957309993 37.433532415000009 29.932690058479533 55.600390860000012 117.50000000000001 16.966629588431594 136.42371424166669 9.2000000000000046 2.5000000000000004
decision_type=2 2 10 2 8 10 2 10 2 8 8 8 10 2
left_child=2 -2 4 -4 5 8 -7 10 9 -1 -8 -12 13 -6
right_child=1 -3 3 -5 12 6 7 -9 -10 -11 11 -13 -14 -15
leaf_value=-1.6173020555097568 0.015476117422806222 -1.23157782667716 -1.5701995401949576 -0.10493032106497878 -0.011303610037547545 0.064144521854394981 -0.27039493351370608 -0.78393746626819671 0.015969112888051383 2.2332789048284352 0.12546382075156484 -0.065378693039603961 0.30062442520003413 0.014802423246711894
leaf_weight=38 62 51 46 77 510 356 1191 223 5854 96 394 376 253 556
leaf_count=38 62 51 46 77 510 356 1191 223 5854 96 394 376 253 556
internal_value=7.43752e-05 -0.0107895 0.000198576 -0.00991935 0.000325955 -8.44179e-05 -0.00280992 -0.00420137 0.00107197 0.0146667 -0.00282875 0.00132296 0.00297727 0.00101218
internal_weight=10083 113 9970 123 9847 8528 2540 2184 5988 134 1961 770 1319 1066
internal_count=10083 113 9970 123 9847 8528 2540 2184 5988 134 1961 770 1319 1066
is_linear=0
shrinkage=0.03


Tree=244
num_leaves=15
num_cat=0
split_feature=0 20 32 40 0 32 39 26 12 26 31 41 39 8
split_gain=22.7871 23.5496 31.2378 14.7634 15.7785 20.8055 33.3056 18.4997 17.4726 15.3957 26.5547 22.5211 26.7719 30.2396
threshold=359.50000000000006 17.386185243328104 348.50000000000006 920.50000000000011 -146.49999999999997 -261.99999999999994 63.57500000000001 37.858166705000009 -189.99999999999997 37.533866470000014 -175.49999999999997 -134.49999999999997 140.9073886352667 3.5000000000000004
decision_type=2 10 2 10 2 2 10 2 8 2 2 8 10 2
left_child=3 2 -2 4 5 -1 -7 9 -8 11 -11 12 13 -6
right_child=1 -3 -4 -5 7 6 8 -9 -10 10 -12 -13 -14 -15
leaf_value=1.3520649269522376 -0.86106904924344863 0.089092707169281873 0.047301026729989079 -0.16391414069498353 -0.039306548307210143 -0.39101786979967623 -0.24628813808972039 0.27384892960223423 0.59269794708464441 -1.4098430673850042 -0.019221043246976422 0.0020546463413935014 2.4123507903242762 0.97796811916651216
leaf_weight=94 167 74 66 35 181 80 41 171 135 42 4205 4572 46 101
leaf_count=94 167 74 66 35 181 80 41 171 135 42 4205 4572 46 101
internal_value=-0.00024573 -0.00827922 -0.0129487 9.27453e-06 8.06702e-05 0.00632479 0.0018677 -0.000154523 0.00915254 -0.000337779 -0.0016596 0.000807998 0.00838906 0.00487633
internal_weight=10010 307 233 9703 9668 350 256 9318 176 9147 4247 4900 328 282
internal_count=10010 307 233 9703 9668 350 256 9318 176 9147 4247 4900 328 282
is_linear=0
shrinkage=0.03


Tree=245
num_leaves=15
num_cat=0
split_feature=0 32 0 0 10 25 37 27 26 8 32 41 20 26
split_gain=19.2231 17.7723 15.5531 13.3452 29.0517 23.9337 22.7505 25.3055 35.2403 23.0618 40.1229 23.7115 22.3327 30.582
threshold=445.50000000000006 348.50000000000006 -260.99999999999994 11.500000000000002 0.58333333333333337 47.500000000000007 190.72459715463859 55.711421800000004 37.411881995000009 21.000000000000004 -544.99999999999989 -145.49999999999997 18.07321428571429 37.726599925000009
decision_type=2 2 2 2 10 2 10 2 2 2 2 8 10 2
left_child=2 -2 -1 -4 5 6 7 9 -9 10 -5 -12 13 -7
right_child=1 -3 3 4 -6 12 -8 8 -10 -11 11 -13 -14 -15
leaf_value=1.1997880863803345 -2.0412569740211066 0.045444746197072457 0.0076354395680924636 -1.6047407083176113 -0.31243902374937155 -0.052794570108329567 0.39448809985992522 0.87962352651537667 -0.86411144112570193 0.63702832802651899 0.9257506741409357 -0.15008955467591995 0.19223125812633343 0.39651258078021123
leaf_weight=36 38 36 4583 67 200 2332 178 40 331 76 68 803 884 327
leaf_count=36 38 36 4583 67 200 2332 178 40 331 76 68 803 884 327
internal_value=-6.9e-05 -0.0152 4.53355e-05 -2.73003e-05 -0.00105144 -0.000610926 -0.00370205 -0.005 -0.0116935 -0.00254187 -0.00383387 -0.00209862 0.000753386 -0.000620301
internal_weight=9999 74 9925 9889 5306 5106 1563 1385 371 1014 938 871 3543 2659
internal_count=9999 74 9925 9889 5306 5106 1563 1385 371 1014 938 871 3543 2659
is_linear=0
shrinkage=0.03


Tree=246
num_leaves=15
num_cat=0
split_feature=0 16 0 39 2 41 16 34 26 14 34 39 0 15
split_gain=19.8149 13.2088 11.8188 10.5989 26.0319 25.8784 20.1505 13.8962 12.6237 14.8027 12.7992 13.5356 24.3391 18.9986
threshold=541.50000000000011 30.500000000000004 -260.99999999999994 26.148098799708336 6.7583333333333337 363.50000000000006 21.500000000000004 99.061706400000006 37.85979111000001 -21.400000000000016 153.50000000000003 35.433333333333344 -1.0000000180025095e-35 385.00000000000006
decision_type=2 10 2 8 2 8 10 8 2 10 8 8 2 8
left_child=1 2 -1 4 -4 6 -6 -5 10 -10 -9 12 -12 -14
right_child=-2 -3 3 7 5 -7 -8 8 9 -11 11 -13 13 -15
leaf_value=0.81724963546090001 -0.90536932313848062 0.747563008212209 -1.9551835147839904 -0.36856015732516045 2.0227234337868167 -0.22869676819725504 0.20185612328178598 0.38120841630660152 -0.18568898430744565 0.97110623711805666 0.48482858392095612 -0.0019314176174485315 -0.21206952648655955 -0.64661040668703229
leaf_weight=37 47 36 30 98 95 50 50 64 58 69 114 9054 209 68
leaf_count=37 47 36 30 98 95 50 50 64 58 69 114 9054 209 68
internal_value=-0.000145833 -5.38224e-05 -0.000120036 -0.000183735 0.00623894 0.0102551 0.0166438 -0.00033282 -0.00021791 0.00914062 -0.000343849 -0.000435105 -0.00589286 -0.0106835
internal_weight=10079 10032 9996 9959 225 195 145 9734 9636 127 9509 9445 391 277
internal_count=10079 10032 9996 9959 225 195 145 9734 9636 127 9509 9445 391 277
is_linear=0
shrinkage=0.03


Tree=247
num_leaves=15
num_cat=0
split_feature=31 40 0 38 7 2 27 16 36 27 39 2 23 35
split_gain=24.438 21.1666 19.0556 19.6606 18.3551 17.4903 23.9014 15.0843 21.3178 15.9598 19.3231 20.6736 17.4679 20.2407
threshold=427.50000000000006 920.50000000000011 -146.49999999999997 134.50000000000003 1.0000000180025095e-35 12.008333333333335 55.728066570000003 27.500000000000004 29.932690058479533 55.642067515000001 118.01666666666668 4.4416666666666673 0.87287157287157291 2017.7771208528507
decision_type=2 10 2 10 2 2 2 10 10 2 10 2 2 10
left_child=1 2 3 5 -2 6 -1 -4 9 -9 11 -11 -12 -14
right_child=4 -3 7 -5 -6 -7 -8 8 -10 10 12 -13 13 -15
leaf_value=-0.39518245089626325 -0.009403337799826406 -0.17545737911259751 -0.00444521812363061 1.226419282569319 -1.1044204060556382 0.50713607271914696 0.89982566503099237 -0.33197641265566785 1.4992569787886072 -0.057770405664863876 1.6328600214865316 1.4430087735756731 -1.6679829523360694 0.081652778459971792
leaf_weight=103 61 36 9013 52 55 147 42 99 34 51 44 147 39 87
leaf_count=103 61 36 9013 52 55 147 42 99 34 51 44 147 39 87
internal_value=-0.000215763 -5.4573e-05 3.0429e-05 0.00695652 -0.0138462 0.00389078 -0.00349315 -0.000220704 0.00484064 0.00314103 0.00601626 0.0123618 -0.00140351 -0.00708661
internal_weight=10010 9894 9858 344 116 292 145 9514 501 467 368 198 170 126
internal_count=10010 9894 9858 344 116 292 145 9514 501 467 368 198 170 126
is_linear=0
shrinkage=0.03


Tree=248
num_leaves=15
num_cat=0
split_feature=0 32 16 22 18 35 32 38 9 9 27 27 38 35
split_gain=21.8492 30.3598 15.2247 22.587 19.1154 30.1133 27.239 16.6707 18.9524 16.9393 15.5604 43.147 33.5172 27.5484
threshold=418.50000000000006 348.50000000000006 26.500000000000004 0.23845060412224592 2221.6332645889556 2354.7724313756626 -106.49999999999999 -79.499999999999986 56.942810304358339 56.942810304358339 55.688671190000008 55.676956365000002 -104.49999999999999 1277.9256515859504
decision_type=2 2 10 10 10 10 2 10 10 10 2 2 8 10
left_child=2 -2 10 -4 5 7 -6 9 -9 -5 11 -1 -13 -14
right_child=1 -3 3 4 6 -7 -8 8 -10 -11 -12 12 13 -15
leaf_value=-0.0046259100406355457 -0.82887404494454753 0.025749477746382449 0.56355968344899299 1.2535011248826202 0.34984270892695546 0.65363988246825599 -0.99399436878698022 -1.3217681181384511 0.050784472088547958 -0.76556130951654189 0.0078926678857213512 -1.3799635165628881 -0.77329341261220264 -0.067653424989050956
leaf_weight=4352 81 57 406 75 40 150 64 110 64 42 3905 97 83 516
leaf_count=4352 81 57 406 75 40 150 64 110 64 42 3905 97 83 516
internal_value=-0.000274818 -0.0120863 -0.000109036 0.0034979 -0.000494505 0.00223982 -0.012 -0.00339041 -0.00925714 0.00533898 -0.000492517 -0.00159239 -0.00852224 -0.00585
internal_weight=10042 138 9904 951 545 441 104 291 174 117 8953 5048 696 599
internal_count=10042 138 9904 951 545 441 104 291 174 117 8953 5048 696 599
is_linear=0
shrinkage=0.03


Tree=249
num_leaves=15
num_cat=0
split_feature=0 27 0 2 2 0 2 0 27 27 16 37 9 18
split_gain=16.86 13.4522 13.0499 11.9395 20.545 32.7533 34.7824 43.2803 27.4859 46.517 39.011 21.7527 19.277 28.8682
threshold=541.50000000000011 55.520169965000008 31.500000000000004 2.4250000000000003 5.2750000000000012 -87.499999999999986 4.6083333333333343 234.50000000000003 55.696490845000007 55.621835120000007 16.500000000000004 160.82600073589364 13.974214364491669 11053.573393105557
decision_type=2 2 2 2 2 2 2 2 2 2 10 10 10 10
left_child=1 2 -1 12 5 -5 8 11 9 10 -7 -8 -3 -14
right_child=-2 3 -4 4 -6 6 7 -9 -10 -11 -12 -13 13 -15
leaf_value=3.7533948706994522 -0.96012326730712516 -0.04769394730191362 -0.0018584922033663531 2.4019793547247499 -0.010056187028559134 -0.051452967505331175 1.1786426694802608 -0.97747592042924047 0.25322115998940098 -0.075534502059808509 1.3094912392579861 -0.25844891839311673 0.038475121736975877 -0.34806081843080006
leaf_weight=44 47 152 41 45 8252 72 274 46 304 489 123 37 95 43
leaf_count=44 47 152 41 45 8252 72 274 46 304 489 123 37 95 43
internal_value=-0.000387481 -0.000302456 0.0115116 -0.000404712 -0.000223997 0.00314881 0.00229569 0.0103073 -0.000606673 -0.00394161 0.00841837 0.0143269 -0.00639175 0.00172662
internal_weight=10064 10017 85 9932 9642 1390 1345 357 988 684 195 311 290 138
internal_count=10064 10017 85 9932 9642 1390 1345 357 988 684 195 311 290 138
is_linear=0
shrinkage=0.03


Tree=250
num_leaves=15
num_cat=0
split_feature=27 18 39 36 39 39 2 2 2 41 2 12 23 23
split_gain=15.9726 20.7469 34.5597 27.7508 29.8476 21.431 28.329 27.118 28.6736 26.846 26.7023 23.1714 19.5854 19.2955
threshold=55.62614872000001 2070.5946726090056 164.56666666666669 26.104957160342721 79.77500000000002 76.334361773333342 4.1916666666666673 12.758333333333335 11.591666666666669 108.50000000000001 21.341666666666672 16.500000000000004 0.91234473043923681 0.91234473043923681
decision_type=2 8 10 8 8 8 2 2 2 8 2 10 2 2
left_child=1 2 -1 4 -3 6 -5 8 11 -8 -9 12 -7 -4
right_child=-2 3 13 5 -6 7 9 10 -10 -11 -12 -13 -14 -15
leaf_value=0.81572848257665598 -0.006509618300834785 -2.3458538436882681 -3.9412276886254203 1.6093218684435084 0.36589635523904768 -0.03883718950553728 1.7773451400816294 0.56522522404846265 -3.8068427305790746 -0.46271150119833521 -0.26013128904057525 -0.78041975172604183 0.83441199558957035 0.022777544264648526
leaf_weight=375 8351 31 40 49 414 83 43 89 59 146 62 190 63 68
leaf_count=375 8351 31 40 49 414 83 43 89 59 146 62 190 63 68
internal_value=-0.000152027 0.00248687 0.00774793 0.000414634 0.00639013 -0.00298089 0.00451883 -0.00625229 -0.0103788 -0.000789474 0.00453947 -0.00694362 0.00204082 -0.00715596
internal_weight=10063 1712 483 1229 445 784 238 546 395 189 151 336 146 108
internal_count=10063 1712 483 1229 445 784 238 546 395 189 151 336 146 108
is_linear=0
shrinkage=0.03


Tree=251
num_leaves=15
num_cat=0
split_feature=27 2 34 6 27 22 27 26 0 37 35 15 26 25
split_gain=19.7136 29.247 25.0053 25.3012 55.3815 22.2439 27.3941 20.9309 20.3342 22.3266 19.7951 24.6118 25.3945 21.1598
threshold=55.644023925000006 3.2750000000000004 1702.5000000000002 7.5000000000000009 55.572060790000002 0.39263110307414112 55.639747305000007 37.709846640000009 -1.0000000180025095e-35 176.14528963738738 585.27812605484712 417.24539396950007 37.706981325000008 393.50000000000006
decision_type=2 2 8 2 2 8 2 2 2 10 8 10 2 2
left_child=1 -1 7 4 -4 -5 8 -3 -7 -10 11 -2 -13 -12
right_child=10 2 3 5 -6 6 -8 -9 9 -11 13 12 -14 -15
leaf_value=-0.21894666261267373 -0.24536425554182989 0.072509906767096191 -1.150434175493487 0.27677249262197928 0.021375841610218389 0.73217152940631192 -0.61645788703790338 1.4540065335743395 -0.030978956584834627 0.96513282502512965 -0.0062923989476709541 0.17536283797337648 -0.15364392163596591 -1.2162572206968558
leaf_weight=200 288 378 221 1086 1069 48 86 89 171 58 6143 81 51 65
leaf_count=200 288 378 221 1086 1069 48 86 89 171 58 6143 81 51 65
internal_value=-0.000304933 0.00154975 0.00224509 0.00114964 -0.0019055 0.00386897 -0.00255495 0.00865385 0.00205036 -0.00169565 -0.00125811 -0.00755344 0.00315789 -0.000831052
internal_weight=10034 3406 3206 2739 1290 1449 363 467 277 229 6628 420 132 6208
internal_count=10034 3406 3206 2739 1290 1449 363 467 277 229 6628 420 132 6208
is_linear=0
shrinkage=0.03


Tree=252
num_leaves=15
num_cat=0
split_feature=0 2 16 31 16 36 2 37 26 37 26 9 2 38
split_gain=21.1157 26.1515 39.052 30.0181 32.415 29.9399 24.1098 25.9923 23.2266 23.0635 23.5896 22.6479 20.2303 32.0321
threshold=11.500000000000002 20.258333333333336 7.5000000000000009 47.500000000000007 27.500000000000004 28.95401691331924 7.0916666666666677 190.72459715463859 37.411881995000009 19.405189339383245 37.691264100000005 3.5431117257750002 10.025000000000002 162.50000000000003
decision_type=2 2 8 2 10 10 2 10 2 10 2 10 2 10
left_child=-1 3 -3 6 9 -4 -2 8 -8 -5 11 -11 13 -13
right_child=1 2 5 4 -6 -7 7 -9 -10 10 -12 12 -14 -15
leaf_value=0.0060794428380380955 -0.7960836594583619 -1.0631026620229331 -0.25605398950431868 -0.055235408482957306 2.2567417729062371 0.32668401792557422 0.74987745287444896 0.58800167114452417 -0.22884369833819504 1.5676106122685833 0.84225477229160595 -0.072275289856546063 0.14123505638920816 -2.4277664226862181
leaf_weight=4661 351 94 383 1817 68 151 51 96 902 85 315 419 567 69
leaf_count=4661 351 94 383 1817 68 151 51 96 902 85 315 419 567 69
internal_value=-0.000505484 -0.00178804 -0.00753577 -0.0010251 0.000520802 -0.00437383 -0.00471092 -0.00242857 -0.00393082 9.1659e-05 0.00290522 0.000893953 -0.0003125 -0.00478528
internal_weight=10029 5368 628 4740 3340 534 1400 1049 953 3272 1455 1140 1055 488
internal_count=10029 5368 628 4740 3340 534 1400 1049 953 3272 1455 1140 1055 488
is_linear=0
shrinkage=0.03


Tree=253
num_leaves=15
num_cat=0
split_feature=0 2 26 18 31 0 2 41 26 13 18 26 0 27
split_gain=18.4946 16.6139 24.7891 19.0783 22.7357 25.9385 21.1385 29.2756 25.5582 18.3752 17.8609 37.4121 22.3644 21.4985
threshold=-260.99999999999994 2.4250000000000003 37.588830275000007 4922.3966136636755 316.50000000000006 260.50000000000006 20.091666666666672 32.500000000000007 37.375533185000002 -82.499999999999986 2403.3974140303649 37.433532415000009 445.50000000000006 55.598688340000002
decision_type=2 2 2 10 2 2 2 10 2 8 10 2 2 2
left_child=-1 2 -2 10 6 -6 9 8 -8 -5 12 -12 13 -3
right_child=1 3 -4 4 5 -7 7 -9 -10 -11 11 -13 -14 -15
leaf_value=1.1156749821953262 -0.0071954317041766601 1.5429796712385628 -0.4874023455243135 -0.21108347421345769 0.034705221688071157 -0.69129182833703906 -0.030974533305791155 -0.22364986369821871 0.84024732033307836 0.16444359094063898 0.086314032496328422 -0.12806668586813841 -0.92225670332793241 0.006319296947826558
leaf_weight=33 232 135 62 31 49 101 67 73 103 474 385 2512 42 5755
leaf_count=33 232 135 62 31 49 101 67 73 103 474 385 2512 42 5755
internal_value=-2.98359e-05 -0.00010477 -0.00711864 0.000107936 0.00427141 -0.00635762 0.00640854 -0.000860656 0.00596491 0.00990119 -0.000315968 -0.00224638 0.000627002 0.000784247
internal_weight=10054 10021 294 9727 898 150 748 243 170 505 8829 2897 5932 5890
internal_count=10054 10021 294 9727 898 150 748 243 170 505 8829 2897 5932 5890
is_linear=0
shrinkage=0.03


Tree=254
num_leaves=15
num_cat=0
split_feature=38 9 32 41 40 26 34 36 36 2 2 2 37 10
split_gain=16.4487 26.9762 15.1726 16.5729 14.3063 24.7372 21.0603 20.891 34.5428 31.8581 30.2168 22.896 37.4302 35.1308
threshold=367.50000000000006 16.518114693200005 -1926.9999999999998 117.50000000000001 110.50000000000001 37.47437934500001 562.50000000000011 25.986512027491411 25.087949935017239 2.9750000000000005 5.2750000000000012 12.758333333333335 -255.29574983529022 1.0000000180025095e-35
decision_type=10 10 2 10 10 2 10 10 10 2 2 2 10 8
left_child=4 -2 -3 -4 7 -6 -7 8 -1 -9 -11 12 -12 -14
right_child=1 2 3 -5 5 6 -8 9 -10 10 11 -13 13 -15
leaf_value=-0.001160852885888635 -1.7691314347469305 -0.19839007479193688 0.20048941279506666 -0.05592017358847988 0.83677000109499178 -0.062728333822154855 0.63149979277629231 -0.4722156587036328 0.43260034206528658 0.24369848033687413 0.066894499710267272 -0.0012606644205755656 -1.4209156084351939 -0.0011474058879742525
leaf_weight=6509 71 64 73 199 392 530 101 116 210 304 201 689 368 192
leaf_count=6509 71 64 73 199 392 530 101 116 210 304 201 689 368 192
internal_value=-0.000350299 -0.00625 -0.00267062 0.00043956 -9.98648e-05 0.00325195 -0.000427215 -0.000499418 0.00028125 -0.00330305 -0.0022906 -0.00409373 -0.00767717 -0.0116578
internal_weight=10019 407 336 272 9612 1023 631 8589 6719 1870 1754 1450 761 560
internal_count=10019 407 336 272 9612 1023 631 8589 6719 1870 1754 1450 761 560
is_linear=0
shrinkage=0.03


Tree=255
num_leaves=15
num_cat=0
split_feature=0 2 35 9 7 2 23 2 40 26 16 7 37 12
split_gain=14.0335 23.9733 34.2026 20.727 28.4778 29.355 32.7537 20.2712 20.2486 20.1345 31.7469 23.05 25.8962 22.3816
threshold=143.50000000000003 7.5916666666666677 1987.1215318865727 87.017592617533339 1.0000000180025095e-35 12.175000000000002 0.86501670209535397 20.591666666666672 -91.499999999999986 37.524607320000008 23.500000000000004 1.0000000180025095e-35 50.686430449484256 44.500000000000007
decision_type=2 2 10 10 2 2 2 2 8 2 10 2 10 10
left_child=9 2 -2 4 5 -3 -7 8 -8 10 -1 12 -12 -11
right_child=1 3 -4 -5 -6 6 7 -9 -10 13 11 -13 -14 -15
leaf_value=0.0061477480905989118 0.51188175722386031 -1.0518645466103469 0.0032418689435721858 0.2051125207850916 -0.43316460510828175 0.92492836515814303 -0.58761236598839939 -0.81224458698435853 0.1999089149454891 -0.024951263391638032 -0.017159520578088845 1.3110712331783336 0.54196830724317113 0.070800245745813895
leaf_weight=3077 59 231 420 114 382 87 131 93 430 3423 281 135 172 1040
leaf_count=3077 59 231 420 114 382 87 131 93 430 3423 281 135 172 1040
internal_value=-0.000223303 -0.00251027 0.0033125 -0.00441116 -0.00544649 -0.00271326 0.000202156 -0.00210687 5.33808e-05 0.000324763 0.00197218 0.00835314 0.00508811 -0.00102823
internal_weight=10075 1947 479 1468 1354 972 741 654 561 8128 3665 588 453 4463
internal_count=10075 1947 479 1468 1354 972 741 654 561 8128 3665 588 453 4463
is_linear=0
shrinkage=0.03


Tree=256
num_leaves=15
num_cat=0
split_feature=0 32 40 26 27 26 35 9 6 2 2 2 3 2
split_gain=21.117 32.8538 15.5287 17.5577 15.5298 27.5217 39.3132 26.1276 39.443 25.3731 39.3123 32.5692 26.416 24.6534
threshold=418.50000000000006 348.50000000000006 920.50000000000011 37.858166705000009 55.649446990000008 37.70659134000001 3956.6416285868731 50.738072875508344 6.5000000000000009 12.091666666666669 10.891666666666667 10.025000000000002 1.0000000180025095e-35 21.508333333333336
decision_type=2 2 10 2 2 2 10 8 2 2 2 2 2 2
left_child=2 -2 3 4 7 -6 -7 8 -1 10 11 -10 -12 -11
right_child=1 -3 -4 -5 5 6 -8 -9 9 13 12 -13 -14 -15
leaf_value=-0.49979773808562983 -0.77702043963618272 0.079962761424695952 -0.14270632603495501 0.37357328336519685 -0.000974766661554014 -0.34282182590946875 2.0111796353081259 0.10242298536986155 -0.058206964117464344 0.146883269252819 -2.0154281030482069 0.9344570910228357 0.035299677302066026 -0.28261451867072107
leaf_weight=310 88 56 33 187 4778 1125 76 1499 696 873 134 82 40 103
leaf_count=310 88 56 33 187 4778 1125 76 1499 696 873 134 82 40 103
internal_value=-0.000220216 -0.0115862 -5.43424e-05 1.51454e-05 -0.000160543 -0.0011087 -0.00516639 0.00135634 -0.00069674 0.000902022 -0.00258132 0.000308087 -0.0154286 0.00429887
internal_weight=10080 144 9936 9903 9716 5979 1201 3737 2238 1928 952 778 174 976
internal_count=10080 144 9936 9903 9716 5979 1201 3737 2238 1928 952 778 174 976
is_linear=0
shrinkage=0.03


Tree=257
num_leaves=15
num_cat=0
split_feature=0 32 20 27 35 20 35 12 27 5 27 18 35 26
split_gain=15.5346 20.5364 17.8269 14.7035 33.5534 27.9709 28.4185 26.7815 25.6673 21.6998 20.8228 20.5454 33.4286 24.0413
threshold=359.50000000000006 348.50000000000006 18.884926470588237 55.732494605000007 440.95546972161213 12.955996131528048 3956.6416285868731 263.50000000000006 55.730446065000002 3.5000000000000004 55.780282695000004 2403.3974140303649 3217.6587011885035 37.527450460000004
decision_type=2 2 10 2 8 8 10 8 2 2 2 8 10 2
left_child=3 2 -2 8 -5 6 9 -7 11 -6 -9 13 -13 -1
right_child=1 -3 -4 4 5 7 -8 10 -10 -11 -12 12 -14 -15
leaf_value=0.1343554924447008 -0.68633880875671927 0.14097314899763319 0.28113763232891525 -0.32480816440327293 0.3850387985329482 -0.016277061286752978 2.5048386118484376 1.2587666979388983 -0.57250987324282565 -0.22328410269890767 0.0054342009674068501 -0.3583919483667064 -0.0032207916718397724 -0.010949175105515394
leaf_weight=1498 180 89 48 127 618 805 84 74 187 145 230 713 2279 2924
leaf_count=1498 180 89 48 127 618 805 84 74 187 145 230 713 2279 2924
internal_value=1.4997e-05 -0.00650943 -0.0112664 0.00022922 0.00246161 0.00343383 0.00753538 0.000297297 -0.000382794 0.00569372 0.00786885 -0.000105192 -0.00202472 0.00119376
internal_weight=10001 317 228 9684 2083 1956 847 1109 7601 763 304 7414 2992 4422
internal_count=10001 317 228 9684 2083 1956 847 1109 7601 763 304 7414 2992 4422
is_linear=0
shrinkage=0.03


Tree=258
num_leaves=15
num_cat=0
split_feature=0 32 2 9 22 23 16 2 24 2 16 26 38 2
split_gain=14.482 21.9564 24.9284 28.8706 19.8311 19.2452 18.8043 22.8091 21.3666 19.716 18.5522 26.7008 22.3534 21.5356
threshold=-126.49999999999999 -239.99999999999997 12.175000000000002 31.942810304358336 0.25137362637362642 0.86576265016381515 26.500000000000004 21.425000000000004 5.3285579490000012 22.925000000000004 14.500000000000002 37.491016760000008 354.50000000000006 12.591666666666669
decision_type=2 2 2 10 8 2 8 2 10 2 10 2 10 2
left_child=1 -1 3 -3 6 -4 7 10 -8 -9 12 -12 13 -2
right_child=4 2 5 -5 -6 -7 8 9 -10 -11 11 -13 -14 -15
leaf_value=1.1615938691879908 0.035163306243446261 1.0320898730589181 2.0856512180401077 -0.51151909422179531 -0.014630221865656337 0.14793540702312266 0.85973393806460563 -0.27403945936044422 -0.00078238490032052962 0.28169721072253712 0.19076573596859367 -0.12969149716938858 -0.39004504197062684 0.42712530486807326
leaf_weight=120 532 55 41 129 6008 174 247 107 205 32 697 1279 54 392
leaf_count=120 532 55 41 129 6008 174 247 107 205 32 697 1279 54 392
internal_value=-0.000202522 0.00467308 0.001275 -0.00681081 -0.000467867 0.00819444 0.00131134 0.000475113 0.00701987 -0.0113571 0.00103553 -0.000637329 0.00441267 0.00551351
internal_weight=10072 519 399 184 9553 215 3545 3093 452 139 2954 1976 978 924
internal_count=10072 519 399 184 9553 215 3545 3093 452 139 2954 1976 978 924
is_linear=0
shrinkage=0.03


Tree=259
num_leaves=15
num_cat=0
split_feature=39 2 37 16 19 2 37 2 2 27 6 41 24 0
split_gain=15.5932 28.9833 25.6969 29.0027 15.2211 25.7596 23.8182 17.8767 45.4181 24.041 24.0281 26.3658 17.6741 18.339
threshold=26.568274269208334 6.8416666666666677 -365.69310402919376 22.500000000000004 80.586442438600557 14.008333333333335 301.2310610529243 12.758333333333335 14.675000000000002 55.642574175000007 2.5000000000000004 -6.4999999999999991 14.943318116000002 7.5000000000000009
decision_type=8 2 10 10 8 2 8 2 2 2 2 10 10 2
left_child=1 -1 -3 -4 5 -2 -7 -6 12 10 -10 -12 -9 -14
right_child=4 2 3 -5 7 6 -8 8 9 -11 11 -13 13 -15
leaf_value=-1.8047057231009895 0.0031916661033384352 -0.14488616043478772 1.648959304738864 -0.70407980730448272 -0.0074405458178095412 -0.20700370740466725 0.072367131645652463 0.47159968376998146 -0.56872055798818488 -0.0098771307399110712 0.39029403979565191 0.0072429959236585744 0.052280718360438488 -0.34392095769692821
leaf_weight=40 2775 38 145 34 2882 1496 244 379 48 1258 246 318 44 33
leaf_count=40 2775 38 145 34 2882 1496 244 379 48 1258 246 318 44 33
internal_value=-0.000186354 0.00709302 0.011422 0.0161667 -0.000379473 -0.00165412 -0.00451465 0.000725667 0.00268156 0.0006093 0.00548124 0.00722124 0.0111597 -0.00192308
internal_weight=9980 257 217 179 9723 4515 1740 5208 2326 1870 612 564 456 77
internal_count=9980 257 217 179 9723 4515 1740 5208 2326 1870 612 564 456 77
is_linear=0
shrinkage=0.03


Tree=260
num_leaves=15
num_cat=0
split_feature=16 19 14 2 2 16 36 2 18 16 35 8 41 16
split_gain=14.4232 15.0923 28.3324 26.7421 29.7927 37.3042 22.1527 21.2489 31.7503 31.8128 24.7922 24.5909 37.2216 26.6995
threshold=30.500000000000004 88.217388038502676 -106.79999999999997 12.758333333333335 20.508333333333336 10.500000000000002 25.087949935017239 14.008333333333335 2345.8715208159579 4.5000000000000009 2787.245729194201 9.5000000000000018 -149.49999999999997 20.500000000000004
decision_type=10 10 8 2 2 8 8 2 10 10 10 2 10 10
left_child=1 2 -1 -3 6 -6 -5 8 11 -10 -11 -4 13 -13
right_child=-2 3 7 4 5 -7 -8 -9 9 10 -12 12 -14 -15
leaf_value=-1.0053657184500082 0.9459487975155958 -0.012160437175589109 0.22021948751651924 0.11943616497536247 -0.35766052911415314 0.0047447148723562104 0.25797456332190988 -0.044754330928057195 0.77930882520402245 -0.86603519968993936 -0.15875033380460271 -0.015315751425361226 -0.45166753292333012 0.8818558115958367
leaf_weight=54 48 2597 1568 1086 131 402 474 2071 110 87 899 307 187 60
leaf_count=54 48 2597 1568 1086 131 402 474 2071 110 87 899 307 187 60
internal_value=-0.000318389 -0.000397648 -0.00148765 0.00084417 0.00336676 -0.00275281 0.00545804 -0.00126465 0.000260951 -0.00388332 -0.00559271 0.00240226 -0.00302703 0.00252717
internal_weight=10081 10033 5343 4690 2093 533 1560 5289 3218 1096 986 2122 554 367
internal_count=10081 10033 5343 4690 2093 533 1560 5289 3218 1096 986 2122 554 367
is_linear=0
shrinkage=0.03


Tree=261
num_leaves=15
num_cat=0
split_feature=39 4 20 32 27 2 6 36 41 25 9 2 41 27
split_gain=13.61 23.0079 23.8833 17.1308 12.0842 11.7338 22.5868 19.7586 24.7054 21.4596 19.0303 18.9618 39.9078 31.3239
threshold=26.148098799708336 1.0000000180025095e-35 12.021875000000003 74.500000000000014 55.520169965000008 20.425000000000004 1.5000000000000002 28.59174020662936 148.50000000000003 1.5000000000000002 54.891188186891675 18.091666666666672 -29.499999999999996 55.741697860000009
decision_type=8 2 10 2 2 2 2 10 8 2 10 2 10 2
left_child=1 2 3 -1 -2 11 -7 9 -9 10 -8 -6 -13 -14
right_child=4 -3 -4 -5 5 6 7 8 -10 -11 -12 12 13 -15
leaf_value=1.6245076722642042 1.0864835155963535 -0.24303481202360044 -0.25784360867789968 0.14869809272883819 -0.0088112215560357358 0.046040845311276543 -0.0095227157119404642 -1.2015329204637433 0.031039571899177359 -0.31209305322550107 0.092183988316178328 0.83766768737735475 -0.29889568909257347 2.1919459486883075
leaf_weight=90 75 36 42 52 8134 41 184 32 225 444 52 307 313 41
leaf_count=90 75 36 42 52 8134 41 184 32 225 444 52 307 313 41
internal_value=-0.000303903 0.00705882 0.0113514 0.0172028 -0.000469083 -0.000561694 -0.00367722 -0.00463753 0.00244186 -0.00731278 0 -0.00021487 0.00466767 -0.00219718
internal_weight=10068 220 184 142 9848 9773 978 937 257 680 236 8795 661 354
internal_count=10068 220 184 142 9848 9773 978 937 257 680 236 8795 661 354
is_linear=0
shrinkage=0.03


Tree=262
num_leaves=15
num_cat=0
split_feature=0 38 34 27 6 16 0 0 12 22 16 38 24 26
split_gain=15.9352 17.364 21.6727 39.9291 40.674 26.8981 51.5151 24.2172 24.2418 22.8882 21.8361 20.6093 21.041 20.4706
threshold=445.50000000000006 46.500000000000007 1628.0000000000002 55.787092295000008 7.5000000000000009 21.500000000000004 198.50000000000003 -1.0000000180025095e-35 126.50000000000001 0.044466403162055343 7.5000000000000009 300.50000000000006 8.7657688930000024 37.417799130000013
decision_type=2 10 8 2 2 10 2 2 10 10 10 10 10 2
left_child=1 -1 13 4 5 11 -7 9 -9 -6 -5 12 -4 -3
right_child=-2 2 3 10 7 6 -8 8 -10 -11 -12 -13 -14 -15
leaf_value=-0.011432709141810733 -0.61740355652468104 -0.14348805080385688 -0.32205803065954858 0.84183563147759866 -0.48610537485060457 0.38859224439993678 -1.0040673472230006 -0.017937658924463588 0.40220108248651182 0.83519641774466225 -0.022203426074163243 -0.58826128453106208 0.038213038863450004 0.18951434266360467
leaf_weight=5957 83 70 536 161 74 327 89 970 356 446 86 238 271 420
leaf_count=5957 83 70 536 161 74 327 89 970 356 446 86 238 271 420
internal_value=-0.000202281 -9.29814e-05 0.00142398 0.000607595 -0.000262999 -0.00400137 0.00244604 0.00269626 0.000542577 0.00817658 0.0122177 -0.00656788 -0.0042698 0.00733198
internal_weight=10084 10001 4044 3554 3307 1461 416 1846 1326 520 247 1045 807 490
internal_count=10084 10001 4044 3554 3307 1461 416 1846 1326 520 247 1045 807 490
is_linear=0
shrinkage=0.03


Tree=263
num_leaves=15
num_cat=0
split_feature=24 26 32 8 1 27 41 40 2 27 41 20 36 36
split_gain=17.7591 22.64 15.1193 15.9165 13.6519 19.4317 16.5642 16.5185 18.3331 16.7036 26.7509 16.0406 15.391 15.7001
threshold=2094.5686182615004 37.732755915000006 -300.49999999999994 2.5000000000000004 11.108811808333334 55.644023925000006 535.50000000000011 116.50000000000001 7.0083333333333337 55.690528580000013 141.50000000000003 32.569023569023578 28.454372083586943 20.234888438133876
decision_type=10 2 2 2 2 2 10 10 2 2 10 8 8 10
left_child=4 2 -2 -4 6 -6 7 -1 -9 10 -10 -7 13 -12
right_child=1 -3 3 -5 5 11 -8 8 9 -11 12 -13 -14 -15
leaf_value=0.0074708202489563403 1.3479720481209529 -0.067645512377855946 0.00042389994955507686 -0.05758933738425695 0.024539271164119112 -0.13891704569603419 -0.16448814621074703 -0.51755460814971666 -0.13856316246562173 0.78593947817962639 0.84490647213722758 0.007115757287703188 1.8037632784409501 -0.064159414515816374
leaf_weight=5255 34 66 182 109 1169 2112 80 63 155 218 68 303 60 116
leaf_count=5255 34 66 182 109 1169 2112 80 63 155 218 68 303 60 116
internal_value=-0.000246222 -0.0065051 -0.00322086 -0.00544521 9.375e-06 -0.00145607 0.000882646 0.00106637 0.00546256 0.00703883 0.003375 -0.00299255 0.00955102 0.00518919
internal_weight=9990 391 325 291 9599 3584 6015 5935 680 617 399 2415 244 184
internal_count=9990 391 325 291 9599 3584 6015 5935 680 617 399 2415 244 184
is_linear=0
shrinkage=0.03


Tree=264
num_leaves=15
num_cat=0
split_feature=15 19 2 0 14 25 38 38 32 32 17 2 27 24
split_gain=13.6221 13.0097 22.6823 35.8504 18.2684 16.7161 24.0667 22.8756 19.6649 17.5445 16.5651 15.5967 17.7326 20.7482
threshold=2081.0686182615004 88.217388038502676 12.675000000000002 445.50000000000006 -106.79999999999997 -124.49999999999999 213.50000000000003 66.500000000000014 90.500000000000014 -200.99999999999997 508.62831200000005 14.341666666666669 55.642574175000007 6.1142140790000008
decision_type=10 10 2 2 8 2 10 8 2 2 10 2 2 10
left_child=1 4 5 11 -1 7 10 -3 -8 -9 -7 -4 -13 -14
right_child=-2 2 3 -5 -6 6 8 9 -10 -11 -12 12 13 -15
leaf_value=-0.94066257944994558 -0.077269580940062088 -0.40902748184140425 0.25298695713982966 -1.3709971048735476 -0.018227205139372486 0.0029553300932172364 -0.030630778287365139 0.94292154469574363 -3.6172485892050643 -0.066002744846376943 0.79664504793194368 0.17428457832717811 -0.112092744506784 0.036670678946896948
leaf_weight=51 70 84 403 33 5263 2059 226 43 36 69 32 543 496 558
leaf_count=51 70 84 403 33 5263 2059 226 43 36 69 32 543 496 558
internal_value=-0.00042741 -0.000333434 0.000837879 0.00320059 -0.00134337 -0.00104706 -0.000344095 -0.00944162 -0.00889734 -0.000530973 0.000731358 0.00371814 0.00238423 0.000113744
internal_weight=9966 9896 4582 2033 5314 2549 2353 196 262 112 2091 2000 1597 1054
internal_count=9966 9896 4582 2033 5314 2549 2353 196 262 112 2091 2000 1597 1054
is_linear=0
shrinkage=0.03


Tree=265
num_leaves=15
num_cat=0
split_feature=17 24 26 26 13 26 26 14 36 19 15 23 13 37
split_gain=20.9271 14.5997 18.0381 15.7514 27.9965 24.5686 21.5559 20.1433 30.042 21.1189 21.5571 25.4178 21.7462 20.0702
threshold=-603.43138199999987 2094.5686182615004 37.732755915000006 37.479357640000011 -13.499999999999998 37.480191280000007 37.465184015000013 40.500000000000007 26.809586974615069 625.18018759421568 93.005483466000015 0.85495558672276772 101.50000000000001 190.72459715463859
decision_type=8 8 2 2 10 2 2 10 10 8 10 2 10 8
left_child=-1 3 -3 4 -2 -5 7 9 -9 10 11 -6 13 -12
right_child=1 2 -4 5 6 -7 -8 8 -10 -11 12 -13 -14 -15
leaf_value=-0.19941860040752105 0.34200443674479852 -0.0033555676250284169 -0.050805324353293782 -1.3778681450684811 0.50886460938496125 -0.014361206351067503 0.6835677555924371 0.71350713121532894 -0.38644085355489832 0.059594642597016148 -0.56444339482074368 -0.010151643393565932 -0.011505386194170341 0.4289454207767508
leaf_weight=135 702 456 66 38 51 6248 191 148 75 102 340 881 579 55
leaf_count=135 702 456 66 38 51 6248 191 148 75 102 340 881 579 55
internal_value=-0.000443981 -0.000283902 -0.00516252 -1.2751e-05 0.001728 -0.000878002 0.000198102 -0.00063172 0.00790179 -0.00158288 -0.0022968 0.00096463 -0.00541538 -0.0108333
internal_weight=10067 9932 522 9410 3124 6286 2422 2231 223 2008 1906 932 974 395
internal_count=10067 9932 522 9410 3124 6286 2422 2231 223 2008 1906 932 974 395
is_linear=0
shrinkage=0.03


Tree=266
num_leaves=15
num_cat=0
split_feature=24 0 2 23 2 17 7 23 18 40 23 26 26 0
split_gain=13.7285 13.3308 26.5104 31.1209 28.8958 28.5243 22.7019 35.5221 31.5881 28.2919 22.3191 19.5091 26.2787 20.7819
threshold=2365.4188194715002 158.50000000000003 7.9250000000000016 0.89710084033613458 11.175000000000002 177.55865700000001 1.0000000180025095e-35 0.86377084454007547 1751.2370175909934 -23.499999999999996 0.92330316742081464 37.47437934500001 37.460608620000009 33.500000000000007
decision_type=10 2 2 2 2 8 2 2 10 10 2 2 2 2
left_child=1 11 3 -3 -4 -5 7 -6 -9 -10 -8 12 13 -1
right_child=-2 2 4 5 6 -7 10 8 9 -11 -12 -13 -14 -15
leaf_value=0.055039991625636359 -0.019405926202685327 -0.49004437550678687 -0.78315539038457527 -0.60638975722881316 0.9811063230392032 0.49542149071996588 -0.82380953090623787 1.3487983360989104 -0.60642756893426031 0.17215571479477729 -0.027741942917367052 -0.0074098070490996194 0.55154502860976962 -0.039439381626176703
leaf_weight=1140 348 167 231 74 101 241 133 95 275 238 193 5692 252 869
leaf_count=1140 348 167 231 74 101 241 133 95 275 238 193 5692 252 869
internal_value=-0.000343284 -0.000132962 -0.00250429 0.00347826 -0.00478295 0.00901899 -0.00263514 0.000380282 -0.00236453 -0.00531128 -0.00917431 0.000388484 0.00274536 0.00159701
internal_weight=10049 9701 1748 482 1266 315 1035 709 608 513 326 7953 2261 2009
internal_count=10049 9701 1748 482 1266 315 1035 709 608 513 326 7953 2261 2009
is_linear=0
shrinkage=0.03


Tree=267
num_leaves=15
num_cat=0
split_feature=24 26 1 18 2 39 15 39 23 35 39 2 26 39
split_gain=13.3068 17.4777 12.9542 21.8981 18.6336 16.2974 14.6371 13.664 22.7518 21.1647 19.945 32.5757 25.2771 18.2958
threshold=2454.9166675790007 37.732755915000006 11.108811808333334 407.56820392501919 23.341666666666672 454.50833333333338 16.055557052000001 77.075000000000003 0.87705802968960878 1029.3434966194015 83.856092550983348 14.008333333333335 37.511715455000008 72.092695106666682
decision_type=10 2 2 10 2 10 10 8 2 10 8 2 2 10
left_child=2 -2 3 -1 -4 6 -5 8 13 -9 11 12 -11 -8
right_child=1 -3 4 5 -6 -7 7 9 -10 10 -12 -13 -14 -15
leaf_value=-0.027070871920189796 -0.0082600611080747618 -0.041528261105063774 -0.028422068788147743 0.22859820953496982 0.024628562573475676 -0.97141965860853652 -0.32043479279743114 0.35470357748519959 0.23354982031997862 -1.4943409870477364 -0.00074194093891273734 0.38872455762793323 0.44044543867802788 0.71704262417718156
leaf_weight=512 279 51 3652 408 33 54 186 77 1610 164 2949 99 30 34
leaf_count=512 279 51 3652 408 33 54 186 77 1610 164 2949 99 30 34
internal_value=-0.000609528 -0.00652568 -0.000409828 0.00043599 -0.00181498 0.000978261 0.0011389 0.000704854 0.00278536 -0.000442771 -0.000814061 -0.00826531 -0.0153846 -0.00624434
internal_weight=10138 330 9808 6123 3685 5611 5557 5149 1830 3319 3242 293 194 220
internal_count=10138 330 9808 6123 3685 5611 5557 5149 1830 3319 3242 293 194 220
is_linear=0
shrinkage=0.03


Tree=268
num_leaves=15
num_cat=0
split_feature=2 9 18 18 18 23 16 17 16 36 35 6 27 23
split_gain=14.6795 16.7919 17.0241 15.7202 13.7405 14.333 24.0522 24.7856 21.743 25.0642 31.1709 21.8844 21.6637 25.2177
threshold=2.4250000000000003 15.959310950450002 15096.981061814129 10082.445279062127 11926.67829432719 0.89668856048166401 15.500000000000002 388.62831200000005 18.500000000000004 29.023548709171305 247.07696797827279 8.5000000000000018 55.613787210000005 0.93189548546691414
decision_type=2 10 10 8 10 2 8 10 8 10 10 2 2 2
left_child=1 3 -3 -1 5 6 7 -2 -7 11 -11 12 13 -10
right_child=4 2 -4 -5 -6 8 -8 -9 9 10 -12 -13 -14 -15
leaf_value=-0.16324392418304812 0.017684772048563877 0.022464294999783158 -0.18384385196502018 0.0012778010029677639 0.041819994955193993 -0.039515034023886009 -0.039792318498769887 -0.17809847354422673 -0.92201210943367862 -0.11253894298383771 0.76120512606599733 0.37550978342840297 0.024480748836741808 0.030489529104846154
leaf_weight=115 1433 96 31 51 50 2237 2269 78 154 48 281 708 2397 94
leaf_count=115 1433 96 31 51 50 2237 2269 78 154 48 281 708 2397 94
internal_value=-0.000436125 -0.00704082 0.00117187 -0.0132934 -0.000236923 -0.000318557 -0.00176144 0.00117063 0.000603041 0.00202009 0.00990909 0.00124329 -1.13379e-05 -0.00843373
internal_weight=10042 293 127 166 9749 9699 3780 1511 5919 3682 329 3353 2645 248
internal_count=10042 293 127 166 9749 9699 3780 1511 5919 3682 329 3353 2645 248
is_linear=0
shrinkage=0.03


Tree=269
num_leaves=15
num_cat=0
split_feature=2 27 9 3 26 26 38 2 35 27 0 2 2 31
split_gain=18.0485 13.7935 15.0719 24.7657 23.5324 25.4575 28.5713 24.2005 24.0775 21.5858 27.5387 18.0251 23.7253 18.2739
threshold=2.4250000000000003 55.975227905000004 2.9021212548083337 1.0000000180025095e-35 37.467414810000008 37.708057100000012 120.50000000000001 7.9250000000000016 2186.9166924919723 55.800037160000009 150.50000000000003 10.708333333333334 21.925000000000004 60.500000000000007
decision_type=2 2 10 2 2 2 10 2 10 2 2 2 2 2
left_child=-1 2 3 4 8 7 -7 -6 -2 -4 11 13 -13 -11
right_child=1 -3 9 -5 5 6 -8 -9 -10 10 -12 12 -14 -15
leaf_value=-0.024390467553087103 -0.028520369689452492 -0.82207201496225468 -0.010652576549261524 -0.032250183018338256 -0.3229802668209521 0.99673062407614754 -0.64960115390030981 0.30801773907563718 1.309595282493184 -0.23760142001050957 -0.10874616336659414 0.48311945629146014 -0.030231273922864683 0.02892731299280674
leaf_weight=294 57 40 8493 113 108 116 36 125 143 58 171 194 40 56
leaf_count=294 57 40 8493 113 108 116 36 125 143 58 171 194 40 56
internal_value=-0.000418118 -0.000196903 -0.000123571 0.00412017 0.0066041 0.00225389 0.0117647 -0.00397436 0.0149254 -0.000452679 0.00548077 0.0103152 0.0150638 0.000521739
internal_weight=10044 9750 9710 698 585 385 152 233 200 9012 519 348 234 114
internal_count=10044 9750 9710 698 585 385 152 233 200 9012 519 348 234 114
is_linear=0
shrinkage=0.03


Tree=270
num_leaves=15
num_cat=0
split_feature=2 2 16 24 5 27 24 5 8 3 27 2 27 26
split_gain=19.2077 19.0207 25.8813 22.6565 20.7706 18.7466 24.7307 18.5984 23.7767 18.4285 19.096 22.9237 20.6341 18.1371
threshold=23.258333333333336 20.841666666666672 12.500000000000002 2154.3332030500005 1.5000000000000002 55.618974455000007 8833.0000000000018 3.5000000000000004 7.5000000000000009 1.0000000180025095e-35 55.733138875000002 3.0750000000000006 55.730009970000005 37.731615325000007
decision_type=2 2 8 10 2 2 10 2 2 2 2 2 2 2
left_child=1 3 -3 4 9 -5 -7 8 -4 10 11 -1 13 -13
right_child=-2 2 7 5 -6 6 -8 -9 -10 -11 -12 12 -14 -15
leaf_value=-0.45260579417945618 0.012028318061690699 -0.36423335779053262 -0.0063826259380022066 1.1725829026545831 -0.015157718367550994 -0.049873404199827276 0.0066862538386967671 0.03822759897684707 -0.38124798454404196 -0.01542745363859167 0.66865283170657996 0.14417906578211351 -0.66193145522168984 0.98495880242755962
leaf_weight=108 106 180 451 35 5706 220 61 60 59 320 422 2107 84 158
leaf_count=108 106 180 451 35 5706 220 61 60 59 320 422 2107 84 158
internal_value=-0.000306608 -0.000442238 -0.00503329 -6.83149e-05 0.000212216 -0.00794953 -0.0105319 -0.00189142 -0.00375734 0.00214687 0.00290625 0.00189178 0.00251489 0.00305825
internal_weight=10077 9971 750 9221 8905 316 281 570 510 3199 2879 2457 2349 2265
internal_count=10077 9971 750 9221 8905 316 281 570 510 3199 2879 2457 2349 2265
is_linear=0
shrinkage=0.03


Tree=271
num_leaves=15
num_cat=0
split_feature=24 35 2 38 0 32 27 27 2 34 26 36 23 18
split_gain=21.9433 17.0134 15.4129 18.4671 15.2545 18.1158 16.7314 24.0428 23.246 22.5376 25.6433 22.4926 25.9075 23.2056
threshold=2154.3332030500005 6291.7842366114246 2.7083333333333339 261.50000000000006 359.50000000000006 340.50000000000006 55.733677020000009 55.644023925000006 3.2750000000000004 1702.5000000000002 37.709846640000009 15.941051136363638 0.27136363636363642 2403.3974140303649
decision_type=10 10 2 8 2 2 2 2 2 8 2 8 2 10
left_child=4 -2 3 -3 6 -6 7 8 -1 10 -10 -9 -13 -14
right_child=1 2 -4 -5 5 -7 -8 11 9 -11 -12 12 13 -15
leaf_value=-0.28103100504857159 -0.034820733486376598 0.0090982934459054293 0.0049157232970385295 -0.082076267126707375 -0.498607333377801 0.0097889792651794563 0.015648725152618673 -0.63918419938353888 0.038440793041881846 0.020491096490713782 2.0095233326343038 0.051818397244065832 -0.012329148463171364 -0.20331309155640631
leaf_weight=169 134 65 120 64 224 96 1981 133 362 2552 83 213 2792 1153
leaf_count=169 134 65 120 64 224 96 1981 133 362 2552 83 213 2792 1153
internal_value=-0.000387498 -0.00742187 -0.00276 -0.00992308 -0.000110667 -0.00654206 0.000108062 -0.000543041 0.00143985 0.00205137 0.00827354 -0.00200606 -0.00161577 -0.00216675
internal_weight=10141 383 249 129 9758 320 9438 7457 3166 2997 445 4291 4158 3945
internal_count=10141 383 249 129 9758 320 9438 7457 3166 2997 445 4291 4158 3945
is_linear=0
shrinkage=0.03


Tree=272
num_leaves=15
num_cat=0
split_feature=0 32 20 31 0 31 37 32 2 26 31 2 25 26
split_gain=13.5035 18.0335 22.7428 15.2863 27.9976 31.5602 26.5948 25.1303 23.761 23.5872 19.8483 17.3683 16.3285 25.2409
threshold=359.50000000000006 362.00000000000006 19.118823529411767 47.500000000000007 39.500000000000007 35.500000000000007 354.50952896425179 33.500000000000007 15.175000000000002 37.833310065000006 -251.99999999999997 13.008333333333335 277.50000000000006 37.484208485000003
decision_type=2 2 10 2 2 2 10 2 2 2 2 2 2 2
left_child=3 2 -2 4 7 6 8 10 11 12 -1 -6 -5 -14
right_child=1 -3 -4 9 5 -7 -8 -9 -10 -11 -12 -13 13 -15
leaf_value=0.84152965330146967 -0.64470344867291096 0.042359832304555312 0.28942173106830638 0.033665044340973373 -0.057993146005209294 -0.73056065176511364 1.9939674694119067 0.42366349334804443 -0.74519166305565898 0.64867959773985229 -0.0071061179805097302 1.1855753593558229 0.0099295674884208995 -0.88443786087272735
leaf_weight=75 193 80 47 3519 383 235 35 174 187 87 4695 47 193 117
leaf_count=75 193 80 47 3519 383 235 35 174 187 87 4695 47 193 117
internal_value=-0.000300954 -0.00635514 -0.0104564 -0.000101559 -0.0010751 -0.00597973 -0.00257274 -0.000194135 -0.00402913 0.00134797 -0.000603647 -0.000139211 0.000994778 -0.00559486
internal_weight=10067 320 240 9747 5831 887 652 4944 617 3916 4770 430 3829 310
internal_count=10067 320 240 9747 5831 887 652 4944 617 3916 4770 430 3829 310
is_linear=0
shrinkage=0.03


Tree=273
num_leaves=15
num_cat=0
split_feature=39 20 31 9 9 36 2 38 40 37 3 18 18 41
split_gain=13.2479 27.7464 11.9457 19.1432 17.3608 28.4181 24.7468 23.791 20.4046 18.5195 15.5284 18.4374 14.3568 14.3721
threshold=25.59327426920834 13.423205128205131 393.50000000000006 74.01527559118334 79.01527559118334 26.368115942028989 13.758333333333335 113.50000000000001 48.500000000000007 -604.07107108960656 1.0000000180025095e-35 1532.6541134649704 94.751661736356752 45.500000000000007
decision_type=8 10 2 10 8 8 2 10 8 8 2 10 10 10
left_child=1 -1 4 -4 -2 6 10 9 -8 -7 11 -6 -9 -14
right_child=2 -3 3 -5 5 7 8 12 -10 -11 -12 -13 13 -15
leaf_value=0.66848135846632128 -0.0084017646141700195 -0.82083079229437939 -0.00091692030572488648 -0.90499329010740204 1.3638133992444865 -0.33291381843618761 1.4720299002666211 -0.29266044180503903 -0.027466305262905378 0.086216153307789645 -0.010062611698452954 0.16955586785075688 0.017998656444738543 -0.55767331032226641
leaf_weight=152 8494 31 113 54 157 38 30 52 160 461 45 48 98 55
leaf_count=152 8494 31 113 54 157 38 30 52 160 461 45 48 98 55
internal_value=-0.000312344 0.00766304 -0.000461962 -0.00839286 -0.000323685 0.0031441 0.00911565 -0.000595745 0.000942408 0.00294 0.0152988 0.0187864 -0.00917476 -0.00448052
internal_weight=9988 183 9805 167 9638 1144 440 704 190 499 250 205 205 153
internal_count=9988 183 9805 167 9638 1144 440 704 190 499 250 205 205 153
is_linear=0
shrinkage=0.03


Tree=274
num_leaves=15
num_cat=0
split_feature=16 0 12 32 2 20 38 9 21 38 3 22 27 27
split_gain=14.145 13.4041 19.9739 19.2017 22.3726 13.4325 13.2749 16.7295 23.5206 13.3428 26.3129 18.8235 18.2706 45.6585
threshold=30.500000000000004 -146.49999999999997 -123.49999999999999 -261.99999999999994 11.925000000000002 4.9364919354838719 396.50000000000006 15.959310950450002 12.850000000000003 5.5000000000000009 1.0000000180025095e-35 0.1925393883225209 55.632439305000005 55.55120938000001
decision_type=10 2 10 2 2 8 10 10 10 8 2 8 2 2
left_child=1 2 3 5 -5 -1 9 -8 -9 10 12 -12 13 -3
right_child=-2 6 -4 4 -6 -7 7 8 -10 -11 11 -13 -14 -15
leaf_value=0.056977825859917459 0.90792263600135881 -1.3260358855556329 1.9395737344890915 -0.33508037896943166 0.34490823589374775 1.2634733069573447 -2.8726882426447133 -0.093435768895725316 0.19887096682493247 0.003278195652904175 0.18690011506840518 0.0017424313517618523 -0.19078978541615305 0.32452396358506519
leaf_weight=52 45 87 44 110 104 52 35 204 86 6543 104 184 2149 223
leaf_count=52 45 87 44 110 104 52 35 204 86 6543 104 184 2149 223
internal_value=-0.000293325 -0.000369814 0.00528926 0.00263323 -0.00251163 0.0131429 -0.000583403 -0.00653374 -0.00412371 -0.000374556 -0.00212882 0.00643599 -0.00313415 0.00366559
internal_weight=10022 9977 362 318 214 104 9615 325 290 9290 2747 288 2459 310
internal_count=10022 9977 362 318 214 104 9615 325 290 9290 2747 288 2459 310
is_linear=0
shrinkage=0.03


Tree=275
num_leaves=15
num_cat=0
split_feature=26 41 9 20 21 19 2 35 2 14 17 2 2 27
split_gain=12.0504 19.8309 19.4449 24.3956 18.083 21.6802 29.5999 26.2694 21.6197 31.4135 20.8815 20.4824 18.3715 18.7837
threshold=37.524607320000008 -157.49999999999997 22.015275591183336 8.0041666666666682 28.950000000000003 121.90326720416583 14.008333333333335 3956.6416285868731 13.175000000000002 -11.199999999999996 -22.534177999999997 13.341666666666669 20.175000000000004 55.780282695000004
decision_type=2 8 10 8 10 10 2 8 2 8 10 2 2 2
left_child=1 2 3 -1 5 6 10 -8 9 -7 11 -2 -9 -14
right_child=4 -3 -4 -5 -6 8 7 12 -10 -11 -12 -13 13 -15
leaf_value=0.8807715335802262 -0.075649019972381687 0.0052285681436139318 1.2473169289571868 -0.19560297963565254 -0.07255695467754418 -0.33107716898130546 -0.31084646909480568 0.78474109115403801 0.13058054287992746 0.032623254287415845 0.095729643716843074 0.82354404078088406 -0.18355386469416993 0.0034236654474335969
leaf_weight=39 634 4632 145 76 815 145 1033 92 557 475 1173 34 42 102
leaf_count=39 634 4632 145 76 815 145 1033 92 557 475 1173 34 42 102
internal_value=-0.000144072 0.000919681 0.00896552 -0.000258621 -0.00116402 -0.000384795 -0.0016972 -0.00522047 0.00308149 -0.000772947 0.000732899 -0.00349776 0.00379747 -0.00289655
internal_weight=9994 4892 260 115 5102 4287 3110 1269 1177 620 1841 668 236 144
internal_count=9994 4892 260 115 5102 4287 3110 1269 1177 620 1841 668 236 144
is_linear=0
shrinkage=0.03


Tree=276
num_leaves=15
num_cat=0
split_feature=26 35 2 2 6 9 22 27 0 25 39 23 9 13
split_gain=12.2813 17.6593 41.1497 34.2582 33.8812 28.8887 48.9472 29.9478 23.3291 30.1254 34.5206 29.7426 23.1984 20.7886
threshold=37.479357640000011 3891.1161537984194 5.6250000000000009 6.5916666666666677 2.5000000000000004 9.9593109504500017 0.13867521367521371 55.572060790000002 48.500000000000007 101.50000000000001 72.734259284200007 0.88648078725398316 5.9593109504500008 99.250000000000014
decision_type=2 8 2 2 2 10 10 2 2 2 10 2 10 8
left_child=1 2 -1 -4 -5 6 -3 13 11 -10 -11 -6 -13 -7
right_child=-2 5 3 4 8 7 -8 -9 9 10 -12 12 -14 -15
leaf_value=0.74252993584880489 -0.0072949581819430022 -0.029493694421826977 -0.82934306486199361 -0.36108873677924913 -0.084358847825335911 -1.9269446379876451 0.86363701546720784 -0.00057207254746609879 -0.16165961990013611 0.51344335862884338 -0.49691383320723415 -0.061224958095780324 0.868686119515515 -0.3435033293414505
leaf_weight=230 6723 150 127 118 132 119 266 606 343 273 108 100 487 231
leaf_count=230 6723 150 127 118 132 119 266 606 343 273 108 100 487 231
internal_value=-0.000170761 0.0013309 0.00318916 0.00156306 0.00278489 -0.0012673 0.00532374 -0.00413793 0.00405125 0.000248276 0.00604712 0.007875 0.0107653 -0.0111111
internal_weight=10013 3290 1918 1688 1561 1372 416 956 1443 724 381 719 587 350
internal_count=10013 3290 1918 1688 1561 1372 416 956 1443 724 381 719 587 350
is_linear=0
shrinkage=0.03


Tree=277
num_leaves=15
num_cat=0
split_feature=24 0 8 6 18 35 36 27 25 38 35 26 9 0
split_gain=13.8776 18.7396 19.0425 14.6774 14.894 29.9647 21.8292 21.6558 21.5364 22.5763 20.3615 23.8089 25.9974 22.8039
threshold=2365.4188194715002 -157.49999999999997 2.5000000000000004 10.500000000000002 2403.3974140303649 3164.1722194765143 26.900819672131153 55.800037160000009 179.50000000000003 128.50000000000003 626.22480167951278 37.533866470000014 10.497142632483335 4.5000000000000009
decision_type=10 2 2 2 10 10 10 2 2 10 8 2 8 2
left_child=3 -2 -3 4 10 -6 -7 -8 9 -9 -1 12 -12 -13
right_child=1 2 -4 -5 5 6 7 8 -10 -11 11 13 -14 -15
leaf_value=-0.050507576787656487 0.25009051302239832 -0.0041785803713982814 -0.051944692404192201 0.59669699472388438 -0.3252116939863387 0.027481906329463374 -0.14996818470573639 -0.074121217643721191 0.047776935599757306 0.95298946408096818 -0.042586014648562452 0.013563541656969802 0.20734747289464991 -0.1443121760239385
leaf_weight=715 33 165 137 103 756 1907 736 170 105 61 474 1706 1673 1399
leaf_count=715 33 165 137 103 756 1907 736 170 105 61 474 1706 1673 1399
internal_value=-0.000165664 -0.00616071 -0.00851485 3.97716e-05 -8.03875e-05 -0.00156585 -0.000211409 -0.00363467 0.00267062 -0.0024569 0.000849531 0.00149629 0.00392458 -0.000183516
internal_weight=10140 335 302 9805 9702 3735 2979 1072 336 231 5967 5252 2147 3105
internal_count=10140 335 302 9805 9702 3735 2979 1072 336 231 5967 5252 2147 3105
is_linear=0
shrinkage=0.03


Tree=278
num_leaves=15
num_cat=0
split_feature=24 27 27 38 2 20 37 40 9 2 6 2 39 37
split_gain=17.6366 14.952 24.2077 28.7338 27.553 27.1079 26.5484 24.594 34.5828 22.7053 38.8717 30.7495 29.758 27.9214
threshold=2154.3332030500005 55.644023925000006 55.688671190000008 -136.49999999999997 5.1916666666666673 14.922962962962965 -245.88618066147194 50.500000000000007 44.959310950450011 9.2750000000000021 2.5000000000000004 14.341666666666669 149.36242323282502 -41.104771388400472
decision_type=10 2 2 8 2 8 8 10 10 2 2 2 10 8
left_child=1 -1 3 -3 6 -5 -4 8 -7 12 -11 -12 13 -6
right_child=-2 2 4 5 9 7 -8 -9 -10 10 11 -13 -14 -15
leaf_value=0.024128453709589905 -0.01447111524347597 -0.88929241193972786 2.1904422112616979 -0.22483504787361999 0.016903381195382108 0.02355995407140345 0.030260051068694924 -0.15847821060700368 1.1534081755472521 -0.20741800751609576 0.16654063760679505 -0.0059881273874422694 -1.6669844244717271 -0.24526937318154673
leaf_weight=3251 360 169 85 1254 547 631 446 213 112 164 967 1310 88 418
leaf_count=3251 360 169 85 1254 547 631 446 213 112 164 967 1310 88 418
internal_value=-0.000470248 -0.000226802 -0.00106792 -0.00346639 0.000350224 -0.00255088 0.00671053 0.00125392 0.00383065 -0.000618026 0.000970516 0.00198859 -0.00429791 -0.00276398
internal_weight=10015 9655 6404 2379 4025 2210 531 956 743 3494 2441 2277 1053 965
internal_count=10015 9655 6404 2379 4025 2210 531 956 743 3494 2441 2277 1053 965
is_linear=0
shrinkage=0.03


Tree=279
num_leaves=15
num_cat=0
split_feature=19 38 39 26 9 0 37 35 36 26 26 9 17 32
split_gain=12.4499 17.1648 19.3442 18.1835 13.6165 12.7419 19.8607 24.7417 37.3857 19.5072 22.7843 19.0016 18.8514 17.358
threshold=5.4479705863401318 354.50000000000006 165.50833333333335 37.740075270000006 32.85723618867501 158.50000000000003 86.817704622263605 4386.9422002639294 21.031111111111116 37.678865000000009 37.484530350000007 59.602921675050005 181.972092 163.50000000000003
decision_type=10 10 10 2 10 2 10 10 8 2 2 10 8 2
left_child=1 3 -3 4 -1 -2 7 8 11 10 -8 12 -7 -12
right_child=5 2 -4 -5 -6 6 9 -9 -10 -11 13 -13 -14 -15
leaf_value=-0.0063513806621388743 0.00044020222744326702 0.026604211584813697 -0.96005103691708993 0.29698635510641236 0.039250092387565536 -0.81841315444893581 0.12478464632099491 -0.91909757040848028 0.041785471125076294 0.78580192068440113 -1.2642304488446594 -0.94080215466101058 -0.0038203993426677127 -0.14043035910459409
leaf_weight=233 7721 45 31 62 248 122 366 117 427 151 62 102 178 135
leaf_count=233 7721 45 31 62 248 122 366 117 427 151 62 102 178 135
internal_value=-0.00019798 0.00391935 -0.00935065 0.00579044 0.00379668 -0.000470049 -0.0028537 -0.00570222 -0.00386747 0.000923077 -0.00164894 -0.0104218 -0.00657807 -0.00984848
internal_weight=10000 619 76 543 481 9381 1660 946 829 714 563 402 300 197
internal_count=10000 619 76 543 481 9381 1660 946 829 714 563 402 300 197
is_linear=0
shrinkage=0.03


Tree=280
num_leaves=15
num_cat=0
split_feature=19 34 22 12 38 15 19 15 41 0 23 13 9 39
split_gain=13.9695 33.0577 19.4887 31.742 19.3809 19.8572 16.6808 15.3576 14.7217 16.847 21.5577 16.6217 18.6168 15.5479
threshold=80.586442438600557 1287.5000000000002 0.22599846390168973 -189.99999999999997 162.50000000000003 103.00548346600002 634.86078237562049 1580.9026729520003 154.50000000000003 233.50000000000003 0.93310961968680106 319.50000000000006 23.550754943800005 124.51466401517501
decision_type=8 8 8 8 10 10 8 10 10 2 2 10 10 10
left_child=7 -2 3 -3 5 -4 -5 8 9 -1 13 -10 -13 -11
right_child=1 2 4 6 -6 -7 -8 -9 11 10 -12 12 -14 -15
leaf_value=-0.028625499998357423 0.16826219997603892 -2.3185621184431859 -0.0081365479665593907 0.089015403867744494 -0.053786449342515426 0.026515775049812781 1.2216647688060891 -0.24226906162892667 0.14453473693937624 -1.3855850913551009 0.13703497366352141 0.22004158765486934 -1.112598164498422 -0.0064707241431116811
leaf_weight=3590 436 33 1713 1476 628 998 45 44 736 125 74 30 61 44
leaf_count=3590 436 33 1713 1476 628 998 45 44 736 125 74 30 61 44
internal_value=-3.28882e-05 0.00101876 0.000312628 0.00308682 -0.000979042 0.000121681 0.00372536 -0.00122423 -0.00105557 -0.00183881 -0.00946721 0.00257246 -0.00945652 -0.0153529
internal_weight=10033 5329 4893 1554 3339 2711 1521 4704 4660 3833 243 827 91 169
internal_count=10033 5329 4893 1554 3339 2711 1521 4704 4660 3833 243 827 91 169
is_linear=0
shrinkage=0.03


Tree=281
num_leaves=15
num_cat=0
split_feature=0 9 40 35 9 27 36 13 12 27 16 27 37 36
split_gain=12.834 16.4634 19.5445 13.0742 19.3933 18.1961 29.3667 27.2508 32.7433 26.0807 22.0094 19.0314 26.5481 26.6157
threshold=429.50000000000006 74.01527559118334 -71.499999999999986 626.22480167951278 35.01527559118334 55.739195915000003 34.854978354978364 9.5000000000000018 45.500000000000007 55.841428305000008 11.500000000000002 55.62614872000001 -282.87941964405832 25.868269230769233
decision_type=2 10 10 8 8 2 10 8 8 2 10 2 8 8
left_child=3 2 -2 4 -1 6 11 -7 10 -10 -9 12 -5 -14
right_child=1 -3 -4 5 -6 7 -8 8 9 -11 -12 -13 13 -15
leaf_value=-0.60808029294388888 0.076901395254690211 -0.87636841117226649 -0.58294867515255133 0.86167954793755264 -0.0097850948165452093 0.61605571653178282 0.53414667262952231 -0.26998440134391938 0.022372102730193858 -0.0487370130790023 0.017831152833879697 -0.019562161513253237 0.19782573820467858 -0.036939805087202175
leaf_weight=106 47 41 34 169 603 327 104 139 935 168 95 5940 504 892
leaf_count=106 47 41 34 169 603 327 104 139 935 168 95 5940 504 892
internal_value=-0.000124691 -0.0097561 -0.00182927 -6.01022e-06 -0.00392958 0.000294371 -0.000327201 0.00313514 0.00123318 0.00339674 -0.00893617 -0.000547562 0.00239464 0.00103078
internal_weight=10104 122 81 9982 709 9273 7609 1664 1337 1103 234 7505 1565 1396
internal_count=10104 122 81 9982 709 9273 7609 1664 1337 1103 234 7505 1565 1396
is_linear=0
shrinkage=0.03


Tree=282
num_leaves=15
num_cat=0
split_feature=39 2 32 2 19 18 18 32 2 0 28 32 16 12
split_gain=15.4793 14.2249 22.5146 21.1658 35.4882 32.1766 26.1326 23.3224 22.9484 21.3769 19.2138 22.7975 19.1246 20.1123
threshold=454.50833333333338 20.841666666666672 26.500000000000004 12.758333333333335 90.741008044750544 1985.6653332546305 2552.8989229337221 -358.49999999999994 17.508333333333336 434.50000000000006 0.064632165235553499 -156.99999999999997 18.500000000000004 268.50000000000006
decision_type=10 2 2 2 10 10 10 2 2 2 2 2 8 10
left_child=1 3 -3 6 5 8 12 -8 -5 -6 -9 -12 13 -1
right_child=-2 2 -4 4 9 -7 7 10 -10 -11 11 -13 -14 -15
leaf_value=-0.092623774792557373 -0.563157844493821 -0.0016124124505996827 -0.21850272330384291 -0.22934110141931432 0.15935826344403892 0.076717775904783708 0.11233323205764084 -0.13301165783272673 0.06859423085314148 -0.58439063390932033 -0.17666606181996478 0.033271014925961462 0.047634267106639726 0.63442222801065917
leaf_weight=1075 116 549 303 825 1485 937 59 1736 284 30 36 111 2436 43
leaf_count=1075 116 549 303 825 1485 937 59 1736 284 30 36 111 2436 43
internal_value=-0.000433872 -0.000305752 -0.00400938 4.30559e-05 0.00184447 -0.00073278 -0.00112425 -0.00392177 -0.00418919 0.00532322 -0.00450637 0.00587838 0.000405063 -0.00284182
internal_weight=10025 9909 852 9057 3561 2046 5496 1942 1109 1515 1883 147 3554 1118
internal_count=10025 9909 852 9057 3561 2046 5496 1942 1109 1515 1883 147 3554 1118
is_linear=0
shrinkage=0.03


Tree=283
num_leaves=15
num_cat=0
split_feature=18 14 38 34 26 26 24 39 39 31 25 18 1 35
split_gain=11.1611 17.0668 19.4182 16.3814 25.1984 31.3279 19.025 19.3364 17.6863 13.6974 23.5267 19.9202 14.4289 25.1836
threshold=502.03678084227573 5.1499999999999977 81.500000000000014 1287.5000000000002 37.708057100000012 37.689367125000011 6.0054834660000003 58.119059391266674 26.974052334508336 393.50000000000006 364.50000000000006 8682.1565343249767 12.328667200000002 2663.6175951946266
decision_type=8 10 8 8 2 2 10 10 8 2 2 10 2 10
left_child=1 -1 -3 4 5 6 -2 8 -8 10 11 12 -5 -14
right_child=3 2 -4 9 -6 -7 7 -9 -10 -11 -12 -13 13 -15
leaf_value=-0.002233692012992563 -0.019071688670074777 -0.43443917669465154 -0.017609980919633585 -0.003797751564720979 1.2973923409903978 -0.68125432957018195 1.5101815853887264 0.59928064664540059 -0.10947570260912787 -0.50190713930679665 0.28775795699154721 0.022851116275986828 0.018249440215225246 -0.20622180904745321
leaf_weight=728 302 146 166 7122 119 60 41 148 102 130 107 229 251 446
leaf_count=728 302 146 166 7122 119 60 41 148 102 130 107 229 251 446
internal_value=-0.00040107 -0.00334294 -0.00920128 -6.29278e-05 0.00411384 0.00178899 0.00388889 0.00934932 0.00145833 -0.000452571 -0.00029794 -0.000484532 -0.000740409 -0.00485673
internal_weight=10097 1040 312 9057 772 653 593 291 143 8285 8155 8048 7819 697
internal_count=10097 1040 312 9057 772 653 593 291 143 8285 8155 8048 7819 697
is_linear=0
shrinkage=0.03


Tree=284
num_leaves=15
num_cat=0
split_feature=5 14 36 38 27 27 0 0 8 2 6 40 37 17
split_gain=13.1455 18.3306 22.9961 15.4127 18.1888 14.8785 14.9573 14.6125 21.8005 15.4217 14.28 15.1616 22.2918 31.2096
threshold=1.5000000000000002 -16.499999999999982 34.854978354978364 -140.49999999999997 55.71193004500001 55.532498135000004 25.500000000000004 -61.499999999999993 3.5000000000000004 3.0750000000000006 9.5000000000000018 112.50000000000001 -469.89114561043442 -45.730156999999991
decision_type=2 10 10 10 2 2 2 2 2 2 2 8 8 10
left_child=1 2 3 4 -1 6 -2 8 -3 -9 11 12 13 -7
right_child=5 7 -4 -5 -6 10 -8 9 -10 -11 -12 -13 -14 -15
leaf_value=-0.13527888208259597 3.9536756432707794 0.45820189755307039 0.73953431401087899 -0.0034278031981576076 0.00056874187840038302 0.089428893041956531 -0.098878238310117578 -0.23344295833213066 1.1303733069614175 0.052950176183323948 0.079744347337867644 -0.00091444958262076848 -0.09754171305471071 -0.50662120043467385
leaf_weight=226 32 236 51 929 163 56 30 68 65 1981 271 2896 2876 175
leaf_count=226 32 236 51 929 163 56 30 68 65 1981 271 2896 2876 175
internal_value=-0.000343079 0.00107258 -0.00168613 -0.00245641 -0.00746154 -0.00117406 0.0133333 0.00267971 0.00884106 0.00177073 -0.00131952 -0.00162392 -0.00307915 -0.0120259
internal_weight=10055 3719 1369 1318 389 6336 62 2350 301 2049 6274 6003 3107 231
internal_count=10055 3719 1369 1318 389 6336 62 2350 301 2049 6274 6003 3107 231
is_linear=0
shrinkage=0.03


Tree=285
num_leaves=15
num_cat=0
split_feature=17 2 18 12 3 16 14 37 32 2 39 11 12 12
split_gain=15.9669 12.4024 20.701 30.0759 22.7364 27.5378 18.9125 21.962 17.7292 15.8011 15.3835 27.6958 15.1684 19.1157
threshold=-603.43138199999987 2.4250000000000003 4922.3966136636755 56.500000000000007 1.0000000180025095e-35 11.500000000000002 3.5999999999999961 139.12209788253276 239.50000000000003 21.008333333333336 77.924537077183359 1.0000000180025095e-35 164.50000000000003 126.50000000000001
decision_type=8 2 10 10 2 8 8 10 2 2 8 10 10 10
left_child=-1 10 -3 4 -4 -6 7 -5 12 -7 -2 -12 13 -8
right_child=1 2 3 6 5 9 8 -9 -10 -11 11 -13 -14 -15
leaf_value=-0.10436089730438074 0.63427096621476753 -0.0056495623276749283 1.1863791261625081 0.085875284510992522 -0.064039692548031352 0.01643945383550471 -0.023715618161963225 -0.18285799079413681 0.38159741529922675 -0.014306769115003131 -0.60323788535047773 0.00055167962204837149 -0.28062551971930449 0.77844720464340456
leaf_weight=129 32 8753 170 42 43 94 62 228 75 43 111 131 62 57
leaf_count=129 32 8753 170 42 43 94 62 228 75 43 111 131 62 57
internal_value=-0.000400678 -0.00026353 -8.41121e-05 0.00431015 0.0111111 0.00364641 -0.000227704 -0.00575646 0.00560311 0.0102174 -0.00654545 -0.0091358 0.000494505 0.00675
internal_weight=10032 9903 9629 876 350 180 526 270 256 137 274 242 181 119
internal_count=10032 9903 9629 876 350 180 526 270 256 137 274 242 181 119
is_linear=0
shrinkage=0.03


Tree=286
num_leaves=15
num_cat=0
split_feature=2 18 0 10 13 37 27 26 18 2 39 34 27 22
split_gain=11.5018 21.0063 12.5766 29.4695 23.0381 30.4142 35.4981 34.3429 37.027 28.6722 35.2094 21.5581 21.3863 20.0454
threshold=2.2083333333333339 11926.67829432719 11.500000000000002 0.58333333333333337 59.500000000000007 354.50952896425179 55.71193004500001 37.415586390000009 1200.162363810203 15.175000000000002 328.4666666666667 2178.4433181160007 55.701197775000004 0.20864427860696519
decision_type=2 10 2 10 8 10 2 2 10 2 8 8 2 8
left_child=-1 2 -2 4 5 6 9 8 -8 10 12 -11 -4 -6
right_child=1 -3 3 -5 13 -7 7 -9 -10 11 -12 -13 -14 -15
leaf_value=-0.015832280390475333 0.0067978165507384131 0.056046756660165682 0.10572283879519946 -0.32360630288890407 0.15909030107034525 1.5751977278208436 -0.62717516509023441 -0.94062635834974573 1.0717404558640968 0.51514347268696115 -0.60491861732772911 -0.46466410442093026 1.3756107131222712 -0.0065855723968440572
leaf_weight=257 4471 51 687 188 868 103 75 280 71 51 185 293 70 2456
leaf_count=257 4471 51 687 188 868 103 75 280 71 51 185 293 70 2456
internal_value=-0.000142476 2.13198e-05 -7.96e-05 -0.00106419 -0.000636187 -0.00335352 -0.00430823 -0.0118033 0 -0.00181818 0.000890774 -0.00921739 0.00375989 0.00084812
internal_weight=10106 9849 9798 5327 5139 1815 1712 426 146 1286 942 344 757 3324
internal_count=10106 9849 9798 5327 5139 1815 1712 426 146 1286 942 344 757 3324
is_linear=0
shrinkage=0.03


Tree=287
num_leaves=15
num_cat=0
split_feature=18 5 14 36 2 2 0 14 2 37 39 20 16 0
split_gain=11.5718 19.3559 15.5589 15.6291 14.7539 19.0058 33.3351 29.8025 27.3449 27.5923 26.8864 21.7966 18.4675 25.6819
threshold=425.14752074476752 14.500000000000002 2.2000000000000117 18.25404295051354 20.841666666666672 18.091666666666672 42.500000000000007 18.950000000000006 19.958333333333336 50.686430449484256 121.80047931854169 10.19337606837607 13.500000000000002 93.500000000000014
decision_type=8 2 8 8 2 2 2 8 2 8 10 8 8 2
left_child=2 4 3 -1 5 -2 -7 10 9 -9 -8 -10 -6 -14
right_child=1 -3 -4 -5 12 6 7 8 11 -11 -12 -13 13 -15
leaf_value=0.22438745292166731 -0.0006522859982475886 0.10313452268938952 -0.091642733578316635 -0.022317218946282948 -0.10285906033550855 1.1824201340576406 0.11557881337361536 -1.1626004880804877 -0.81501655477337032 2.0155933697661741 -0.82306794072217826 0.50040413397987316 0.005440526513067259 -0.2420265153835981
leaf_weight=74 7578 52 564 279 194 198 195 34 42 117 131 39 423 172
leaf_count=74 7578 52 564 279 194 198 195 34 42 117 131 39 423 172
internal_value=-0.000285346 3.59634e-05 -0.00349673 0.00144068 -6.90487e-05 0.00030234 0.00483487 0.00107335 0.00927039 0.0167763 -0.00477064 -0.0047561 -0.00398734 -0.00135906
internal_weight=10092 9175 917 353 9123 8334 756 558 232 151 326 81 789 595
internal_count=10092 9175 917 353 9123 8334 756 558 232 151 326 81 789 595
is_linear=0
shrinkage=0.03


Tree=288
num_leaves=15
num_cat=0
split_feature=0 39 36 8 18 0 38 12 35 40 24 23 12 37
split_gain=12.6038 10.1687 30.179 16.0173 10.8637 10.6368 18.085 19.6407 19.2044 18.4639 22.6364 21.6652 17.135 27.3541
threshold=541.50000000000011 26.148098799708336 18.968126984126986 6.5000000000000009 1028.7000874646876 -48.499999999999993 -120.49999999999999 -127.49999999999999 3765.9703744728199 -78.499999999999986 0.10256015050000002 0.82799123347715919 47.500000000000007 196.02711433296977
decision_type=2 8 8 2 10 2 8 10 10 10 10 2 8 10
left_child=1 2 3 4 -1 6 -3 -8 9 -9 -11 -12 13 -7
right_child=-2 5 -4 -5 -6 12 7 8 -10 10 11 -13 -14 -15
leaf_value=0.32986895223635532 -0.84286071702884613 -0.52042115486082208 -0.99896942874946892 -0.2401466759182864 1.4342579797452371 -0.069334431544647399 -0.028518923672816783 0.74533106903940682 -0.50621750592449066 -0.7771531874908012 -0.53726416719156234 0.46626690232525392 0.0020167454500738466 0.083207389407817162
leaf_weight=56 47 172 37 36 88 2929 545 270 76 59 31 443 4853 312
leaf_count=56 47 172 37 36 88 2929 545 270 76 59 31 443 4853 312
internal_value=-0.000289302 -0.000214978 0.00619266 0.0112707 0.0157241 -0.000359096 0.00187852 0.00298947 0.00576136 0.00712687 0.0038764 0.00606316 -0.000800494 -0.0024892
internal_weight=9954 9907 217 180 144 9690 1596 1424 879 803 533 474 8094 3241
internal_count=9954 9907 217 180 144 9690 1596 1424 879 803 533 474 8094 3241
is_linear=0
shrinkage=0.03


Tree=289
num_leaves=15
num_cat=0
split_feature=27 12 0 25 39 2 2 38 8 2 38 26 30 6
split_gain=12.2081 13.047 20.5961 23.1766 20.4138 19.9025 19.8882 18.7027 15.6154 22.0848 21.7037 14.8089 14.1277 12.33
threshold=55.520169965000008 -179.49999999999997 -126.49999999999999 -114.49999999999999 154.20106900821671 5.6250000000000009 12.175000000000002 88.500000000000014 3.5000000000000004 17.591666666666672 63.500000000000007 37.523619885000009 570.00000000000011 10.500000000000002
decision_type=2 8 2 2 10 2 2 8 2 2 10 2 2 2
left_child=-1 4 3 6 5 -2 7 -3 9 11 12 -7 -10 -4
right_child=1 2 13 -5 -6 8 -8 -9 10 -11 -12 -13 -14 -15
leaf_value=1.2250040809180052 1.9790983649475447 -0.56781644999419589 -0.0052010168324504238 1.8965466280782322 0.90267377134956128 -0.13683084417732827 0.39899689232039909 0.14759580809091838 -0.0037632157444083035 0.21640729476243711 0.54212044067081078 -1.3907054482743528 -0.82773983251125383 0.024516410096975472
leaf_weight=88 32 53 8990 57 49 70 148 94 56 31 45 117 33 169
leaf_count=88 32 53 8990 57 49 70 148 94 56 31 45 117 33 169
internal_value=-0.000275092 -0.000374057 -0.000141926 0.00696884 -0.00546083 -0.00779221 0.0035473 -0.00425676 -0.00985836 -0.0147945 -0.00177778 -0.0186702 -0.0103333 -0.000415939
internal_weight=10032 9944 9511 352 433 384 295 147 352 218 134 187 89 9159
internal_count=10032 9944 9511 352 433 384 295 147 352 218 134 187 89 9159
is_linear=0
shrinkage=0.03


Tree=290
num_leaves=15
num_cat=0
split_feature=35 27 12 39 0 34 27 2 2 9 39 34 39 2
split_gain=17.2013 20.2272 21.9772 16.8405 19.405 18.2405 15.2258 18.317 18.7193 13.9654 22.6853 27.2137 17.0343 12.3784
threshold=626.22480167951278 55.671247645000008 -45.499999999999993 454.50833333333338 113.50000000000001 4342.0000000000009 55.718116710000011 8.9250000000000025 14.091666666666669 100.22808324121668 152.56857023465002 1566.5000000000002 141.5916666666667 2.4250000000000003
decision_type=8 2 8 10 2 10 2 2 2 10 10 8 10 2
left_child=1 2 -1 5 -5 13 -3 -8 -9 10 11 -4 -11 -2
right_child=3 6 9 4 -6 -7 7 8 -10 12 -12 -13 -14 -15
leaf_value=0.57982877089173279 -0.021802480040622674 -0.83592872606140012 -0.11164148247030889 -1.4715460732993213 0.10826120958087529 0.63707611309323176 0.15131955541316902 -0.41593313206512333 -0.015713572328620078 -0.073316730560397614 -0.97048451033127259 0.12020346577336198 0.36542444788194761 0.0027020652790737567
leaf_weight=60 264 75 88 80 31 94 90 79 118 58 51 49 46 8857
leaf_count=60 264 75 88 80 31 94 90 79 118 58 51 49 46 8857
internal_value=-0.000298775 -0.00478322 0.000339943 4.50306e-05 -0.0115179 0.000185547 -0.00975207 -0.0065625 -0.0116667 -0.00307167 -0.00793651 -0.00152174 0.00571429 4.93313e-05
internal_weight=10040 714 352 9326 111 9215 362 287 197 292 188 137 104 9121
internal_count=10040 714 352 9326 111 9215 362 287 197 292 188 137 104 9121
is_linear=0
shrinkage=0.03


Tree=291
num_leaves=15
num_cat=0
split_feature=36 24 9 37 36 2 39 13 12 0 31 26 2 40
split_gain=11.65 15.7644 12.2339 32.8077 19.9492 25.7102 20.0783 21.4979 24.5184 23.2151 38.4544 22.3554 21.023 22.6969
threshold=35.739278131634826 4.0054834660000003 31.015275591183336 -576.90809324812051 17.903667262969591 20.675000000000004 35.433333333333344 10.500000000000002 -29.499999999999996 131.50000000000003 59.500000000000007 37.527450460000004 17.508333333333336 46.500000000000007
decision_type=10 10 10 8 8 2 8 10 10 2 2 2 2 8
left_child=2 -2 3 -1 5 -4 -6 8 12 -9 -11 -10 -8 -14
right_child=1 -3 4 -5 6 -7 7 9 11 10 -12 -13 13 -15
leaf_value=-0.41973851332854228 0.4281497348233762 -0.02848021683695677 0.28152762387208347 -0.011037819612012995 -0.40564590940811646 -0.36453644791076839 -0.015322390782074251 0.083384331414301266 0.32705761410902212 -2.0727281838415301 0.012180347079372484 -0.5066413829308859 0.94484209212408099 0.0035327903231822332
leaf_weight=117 114 75 329 5060 142 45 1472 1202 95 65 704 282 93 189
leaf_count=117 114 75 329 5060 142 45 1472 1202 95 65 704 282 93 189
internal_value=-0.000252379 0.00710526 -0.000395059 -0.00139629 0.00072743 0.00736 0.000141343 0.000526444 -0.00156191 0.00278398 -0.00128571 -0.00849206 -6.83761e-05 0.00742049
internal_weight=9984 189 9795 5177 4618 374 4244 4102 2131 1971 769 377 1754 282
internal_count=9984 189 9795 5177 4618 374 4244 4102 2131 1971 769 377 1754 282
is_linear=0
shrinkage=0.03


Tree=292
num_leaves=15
num_cat=0
split_feature=1 21 27 23 38 18 18 23 2 2 36 2 22 10
split_gain=11.1425 20.1322 16.358 20.8187 17.4776 16.1283 15.7641 23.7092 23.6219 29.4659 20.3974 17.5493 16.9853 16.7339
threshold=11.108811808333334 61.350000000000009 55.644023925000006 0.83984732824427488 191.50000000000003 425.14752074476752 2139.9801233345638 0.8422647527910686 12.508333333333335 15.841666666666669 28.95401691331924 6.3583333333333334 0.92724867724867732 1.0000000180025095e-35
decision_type=2 8 2 2 8 8 8 2 2 2 10 2 10 10
left_child=5 2 3 4 -2 -1 7 -7 11 -10 -9 -8 -12 -13
right_child=1 -3 -4 -5 -6 6 8 10 9 -11 12 13 -14 -15
leaf_value=-0.094289654579137516 -0.0020719336925037282 0.0095079350265373456 -0.058438148536665735 0.054891647612552191 -0.69668592009978192 -0.02465604481465216 0.0018609086524531166 0.13660812577796946 0.30634724120329476 -0.0019490613427933479 2.1071378773439373 -0.45633645617725421 -0.0046812717478536565 0.016797236932100883
leaf_weight=416 101 114 2377 1038 75 279 719 2499 450 1023 124 699 42 125
leaf_count=416 101 114 2377 1038 75 279 719 2499 450 1023 124 699 42 125
internal_value=-9.22436e-05 -0.00140043 -0.00179566 0.00103704 -0.00847458 0.000668026 0.00106694 0.00262818 -0.000457408 0.00225916 0.00349962 -0.00305052 0.0136527 -0.00603636
internal_weight=10081 3705 3591 1214 176 6376 5960 2944 3016 1473 2665 1543 166 824
internal_count=10081 3705 3591 1214 176 6376 5960 2944 3016 1473 2665 1543 166 824
is_linear=0
shrinkage=0.03


Tree=293
num_leaves=15
num_cat=0
split_feature=0 39 17 24 36 36 36 38 38 27 27 36 2 13
split_gain=11.2946 18.8105 23.9744 23.2052 23.2329 22.6897 17.5063 16.7716 15.9977 24.3156 22.4214 21.2594 24.4503 22.6663
threshold=-48.499999999999993 135.65000000000001 -111.46575799999998 0.10256015050000002 20.646444281524932 23.725955204216078 26.69082597730139 -120.49999999999999 10.500000000000002 55.649446990000008 55.787792490000008 29.633705440900567 19.958333333333336 -15.499999999999998
decision_type=2 10 10 10 8 8 8 8 8 2 2 8 2 8
left_child=1 3 -3 -1 7 -6 -7 -5 9 11 -11 12 13 -2
right_child=8 2 -4 4 5 6 -8 -9 -10 10 -12 -13 -14 -15
leaf_value=-0.98420348477436337 -0.0463413005335543 -0.329580022609962 0.28826349536392909 -0.54298003082054247 -0.17851040077789529 1.352756817531614 0.10546652257571892 0.73427721856044847 0.00075060509532022882 -0.27506985523209659 0.15554312877397941 -0.060491933163575005 -0.6315912134796039 0.21900479578982854
leaf_weight=65 232 321 167 40 278 65 209 478 6121 1390 64 111 46 446
leaf_count=65 232 321 167 40 278 65 209 478 6121 1390 64 111 46 446
internal_value=-0.000313933 0.0019766 -0.00294479 0.00409331 0.00515406 0.000867993 0.00698182 0.00971098 -0.000756153 -0.0028952 -0.00523711 0.00118421 0.00306207 0.00450663
internal_weight=10033 1623 488 1135 1070 552 274 518 8410 2289 1454 835 724 678
internal_count=10033 1623 488 1135 1070 552 274 518 8410 2289 1454 835 724 678
is_linear=0
shrinkage=0.03


Tree=294
num_leaves=15
num_cat=0
split_feature=2 5 2 13 14 16 37 2 38 12 41 22 9 14
split_gain=13.8178 29.9258 20.9596 30.3169 35.8057 30.8069 41.976 24.4249 19.5905 19.897 17.7344 16.7439 17.8631 21.1702
threshold=20.508333333333336 14.500000000000002 18.091666666666672 146.50000000000003 33.900000000000013 19.500000000000004 73.191414370856492 19.041666666666671 5.5000000000000009 -24.499999999999996 -56.499999999999993 0.39263110307414112 71.90212125480835 -3.9999999999999973
decision_type=2 2 2 10 8 10 10 2 10 10 8 10 8 10
left_child=2 11 10 7 5 6 -5 -4 9 -9 -1 12 13 -2
right_child=1 -3 3 4 -6 -7 -8 8 -10 -11 -12 -13 -14 -15
leaf_value=-0.13084044471887935 0.0079678728755325692 0.060358414516114928 1.5802202059076418 -0.53625708774117264 2.5535076498356775 -1.0362309056383268 0.36041264760018982 0.21313818131624174 1.5725253007814448 -0.5613326846747787 0.0051638316144465212 -0.54620128030590442 -0.11941663876483184 -0.063501597478643645
leaf_weight=1529 376 45 164 81 43 76 85 88 127 65 6764 176 73 305
leaf_count=1529 376 45 164 81 43 76 85 88 127 65 6764 176 73 305
internal_value=-2.10042e-05 -0.00341189 0.000345783 0.00521918 -0.00241259 -0.00691358 0.000359281 0.0101124 0.00469751 -0.00253247 -8.31927e-05 -0.00457573 -0.00262252 -0.00109971
internal_weight=9997 975 9022 729 285 242 166 444 280 153 8293 930 754 681
internal_count=9997 975 9022 729 285 242 166 444 280 153 8293 930 754 681
is_linear=0
shrinkage=0.03


Tree=295
num_leaves=15
num_cat=0
split_feature=30 30 14 13 30 34 26 39 41 34 40 2 39 39
split_gain=10.7546 55.5919 33.9082 31.9832 22.1609 21.9958 19.9085 19.4685 19.1145 18.4106 17.4809 27.1116 15.1701 25.9794
threshold=570.00000000000011 870.00000000000011 -1.5000000000000087 148.50000000000003 510.00000000000006 1269.5000000000002 37.423561815000006 294.57299734850841 150.50000000000003 78.561706400000006 432.50000000000006 9.5083333333333346 76.675000000000026 71.483333333333348
decision_type=2 2 8 10 2 8 2 10 8 10 8 2 8 10
left_child=4 2 9 -4 12 8 -5 -7 -3 -2 11 -6 13 -1
right_child=1 5 3 6 10 7 -8 -9 -10 -11 -12 -13 -14 -15
leaf_value=0.018340358306392694 0.18188692723342426 -0.075997330461731849 -0.62726958378329811 0.14188930641302766 -0.072869857588657494 0.0025152773848418518 -0.47784358236681268 -1.4614141379726711 0.12414421017242375 -0.21082292500259078 0.55958577614701244 1.1388774431624937 -0.0048668179417207802 0.62809535572643571
leaf_weight=2200 79 85 229 53 38 641 45 57 261 84 48 38 5847 379
leaf_count=2200 79 85 229 53 38 641 45 57 261 84 48 38 5847 379
internal_value=5.94943e-06 -0.00230619 -0.0106314 -0.016189 0.000421003 0.00160766 -0.00181818 -0.00145923 0.00778098 0.00054878 0.01296 0.0038961 0.000234959 0.00215116
internal_weight=10084 1534 490 327 8550 1044 98 698 346 163 124 76 8426 2579
internal_count=10084 1534 490 327 8550 1044 98 698 346 163 124 76 8426 2579
is_linear=0
shrinkage=0.03


Tree=296
num_leaves=15
num_cat=0
split_feature=2 2 4 16 9 40 38 27 27 9 9 35 38 14
split_gain=12.2045 16.0753 17.3275 17.7878 16.2291 29.349 15.8348 24.3964 50.0672 40.181 22.5481 24.7163 18.5193 18.7794
threshold=23.258333333333336 20.841666666666672 1.0000000180025095e-35 19.500000000000004 79.01527559118334 70.500000000000014 72.500000000000014 55.629970675000003 55.572060790000002 9.762111685983335 56.01527559118334 1848.3075282018824 -73.499999999999986 9.800000000000006
decision_type=2 2 2 8 8 8 10 2 2 10 10 8 8 10
left_child=1 4 -3 -4 6 -6 7 8 9 -1 -9 -12 -13 -14
right_child=-2 2 3 -5 5 -7 -8 10 -10 -11 11 12 13 -15
leaf_value=1.4589749431482724 0.0096926838115959195 -0.025344219072070438 -0.014044695339656655 0.072896074017029799 0.52490322889613616 0.014981218547163468 0.023412657401807643 -0.020801823585799087 0.33891656281994548 -0.66632406502799424 -0.39430102967072639 -0.8373178931286861 -0.016433236257860643 0.85504109465714018
leaf_weight=51 104 684 33 35 92 978 2588 4116 387 226 207 145 238 97
leaf_count=51 104 684 33 35 92 978 2588 4116 387 226 207 145 238 97
internal_value=-0.000459828 -0.000567929 -0.00478088 0.00956522 -0.00022025 0.0032493 -0.00068148 -0.00159656 0.00378947 -0.00593525 -0.0023418 -0.00736919 -0.00361746 0.000267857
internal_weight=9981 9877 752 68 9125 1070 8055 5467 664 277 4803 687 480 335
internal_count=9981 9877 752 68 9125 1070 8055 5467 664 277 4803 687 480 335
is_linear=0
shrinkage=0.03


Tree=297
num_leaves=15
num_cat=0
split_feature=2 34 27 27 18 34 26 26 19 14 41 16 35 12
split_gain=10.1359 22.1325 17.7902 17.1463 13.6771 13.5768 35.5458 27.9789 22.8813 18.5072 17.2667 26.096 24.1353 19.0061
threshold=2.4250000000000003 2491.5470030985002 55.617760000000004 55.780282695000004 11053.573393105557 1439.5287591125002 37.703970910000002 37.689367125000011 35.332951469827414 -16.349999999999991 409.00000000000006 20.500000000000004 3313.8751025355327 -179.49999999999997
decision_type=2 8 2 2 10 8 2 2 10 8 10 10 10 8
left_child=1 -1 -3 -4 5 6 7 8 -2 -8 13 -12 -13 -7
right_child=4 2 3 -5 -6 10 9 -9 -10 -11 11 12 -14 -15
leaf_value=-0.61952223515439075 -0.088576108693892333 0.89289213321903682 -0.27942987666316427 0.0037148096374068316 0.022460397778847598 -0.15869595627395844 -0.11847536795441542 -0.69052750691875231 0.095157971566376592 0.76314033133846992 -0.57299313634519644 0.45228915736673858 -0.59165744592848302 0.00034444896021042633
leaf_weight=57 325 43 84 107 79 360 32 70 453 193 133 65 46 8027
leaf_count=57 325 43 84 107 79 360 32 70 453 193 133 65 46 8027
internal_value=-0.000142928 -0.00565068 -0.00153191 -0.00546875 2.14636e-05 -8.03709e-05 0.00310056 0.000282686 0.00192555 0.0136726 -0.000476135 -0.00832653 0.00241071 -0.000246781
internal_weight=10074 291 234 191 9783 9704 1073 848 778 225 8631 244 111 8387
internal_count=10074 291 234 191 9783 9704 1073 848 778 225 8631 244 111 8387
is_linear=0
shrinkage=0.03


Tree=298
num_leaves=15
num_cat=0
split_feature=27 0 32 9 2 18 26 38 24 27 15 0 26 37
split_gain=12.5634 23.2346 25.3308 20.8526 27.7352 37.1671 28.2158 34.4243 27.9837 21.3311 23.2542 31.3603 27.8571 20.972
threshold=55.732494605000007 359.50000000000006 268.50000000000006 69.01527559118334 10.025000000000002 3092.9019820796871 37.730677090000007 162.50000000000003 1449.0054834660002 55.651852825000006 518.50000000000011 -10.499999999999998 37.757521395000005 81.177827455905984
decision_type=2 2 2 10 2 10 2 8 10 2 8 2 2 8
left_child=3 -2 -3 13 6 8 7 -5 9 10 11 12 -6 -1
right_child=1 2 -4 4 5 -7 -8 -9 -10 -11 -12 -13 -14 -15
leaf_value=-0.074272179222080292 0.01909746530326685 -0.76119632610826671 0.026816479501483418 0.36123903913734978 -0.0023915021183235296 1.895265710566866 2.6777485186621002 -0.10252894676097306 -0.51046084939036296 -0.44718256470629708 0.1406207602521099 -0.20468240419709557 1.1606221691861665 0.0068048184346723205
leaf_weight=4321 2074 89 33 131 140 64 106 98 45 182 291 195 41 2218
leaf_count=4321 2074 89 33 131 140 64 106 98 45 182 291 195 41 2218
internal_value=-6.58092e-05 0.00193901 -0.0107317 -0.000628112 0.00285162 0.000250261 0.0102679 0.00430435 -0.00134078 -0.000105882 0.00238024 -0.00254642 0.00642857 -0.00131651
internal_weight=10028 2196 122 7832 1293 958 335 229 894 849 667 376 181 6539
internal_count=10028 2196 122 7832 1293 958 335 229 894 849 667 376 181 6539
is_linear=0
shrinkage=0.03


Tree=299
num_leaves=15
num_cat=0
split_feature=41 26 6 3 26 35 0 9 2 20 23 14 12 0
split_gain=10.5113 17.9367 11.0264 14.3978 24.3842 22.4174 25.3288 20.0069 19.1381 24.6958 23.0777 17.6108 17.094 17.9538
threshold=-358.49999999999994 37.624368570000009 8.5000000000000018 1.0000000180025095e-35 37.74373523500001 5877.1946371729891 -2.4999999999999996 35.624430376166671 2.9750000000000005 36.002272727272739 0.8710666930536316 -10.39999999999999 -179.49999999999997 50.500000000000007
decision_type=8 2 2 2 2 10 2 10 2 8 2 8 8 2
left_child=1 -1 -2 4 8 6 -5 -7 10 12 -4 -8 -10 -14
right_child=2 -3 3 5 -6 7 11 -9 9 -11 -12 -13 13 -15
leaf_value=0.34487853476286606 -0.009479600047709421 -0.50423642114588263 0.080263708470300482 0.33598299452395303 1.5828703254805434 0.012559265008279603 0.006589408301178554 -0.0042134640193638847 -0.44992280031502463 1.7310892572860785 -1.7800017837068911 -0.049208660662393731 0.30488248021209158 -0.02521341789329554
leaf_weight=87 7466 41 75 34 119 77 47 125 62 49 51 146 884 680
leaf_count=87 7466 41 75 34 119 77 47 125 62 49 51 146 884 680
internal_value=-0.00013576 0.00837209 -0.000247555 0.00154468 0.00265487 -0.0034186 -0.00986842 0.00384236 0.00178135 0.00263126 -0.00944882 -0.0140722 0.0019914 0.00260703
internal_weight=9943 128 9815 2349 1920 429 227 202 1801 1675 126 193 1626 1564
internal_count=9943 128 9815 2349 1920 429 227 202 1801 1675 126 193 1626 1564
is_linear=0
shrinkage=0.03


Tree=300
num_leaves=15
num_cat=0
split_feature=18 35 27 25 25 26 31 0 38 37 2 41 38 15
split_gain=13.7961 30.9057 25.8092 23.9518 22.1324 14.7356 19.612 14.5373 15.5228 37.9049 24.5999 26.5546 21.604 19.8362
threshold=2441.4905957309993 3243.9509700166091 55.545383390000005 99.250000000000014 -101.49999999999999 37.482723680000007 153.50000000000003 393.50000000000006 82.500000000000014 -576.90809324812051 6.7583333333333337 430.50000000000006 157.50000000000003 933.05993310050019
decision_type=10 10 2 2 2 2 2 2 10 10 2 8 10 10
left_child=7 4 3 -3 -2 -6 -7 8 13 -10 11 12 -11 -1
right_child=1 2 -4 -5 5 6 -8 -9 9 10 -12 -13 -14 -15
leaf_value=-0.0049914572645104929 0.16464737992863154 -1.9749426605209119 0.003938534730346153 -0.080571747595033466 -0.015034207539966928 -0.67923302847838685 0.14700817156802101 -0.49404505165003426 -0.10107981429654989 0.023901203559033028 0.34032607683870608 1.6844226425027431 -1.6321056934379674 0.064967349946991187
leaf_weight=4082 89 81 2858 115 139 475 40 60 452 74 1154 58 72 248
leaf_count=4082 89 81 2858 115 139 475 40 60 452 74 1154 58 72 248
internal_value=-6.90138e-05 -0.00149289 -0.000157119 -0.0106599 -0.00697581 -0.0088855 -0.0112209 0.000803096 0.000947728 0.00327996 0.00578366 -0.00380488 -0.0106122 -2.77072e-05
internal_weight=9997 3797 3054 196 743 654 515 6200 6140 1810 1358 204 146 4330
internal_count=9997 3797 3054 196 743 654 515 6200 6140 1810 1358 204 146 4330
is_linear=0
shrinkage=0.03


Tree=301
num_leaves=15
num_cat=0
split_feature=35 22 16 38 19 12 2 16 23 23 26 2 39 22
split_gain=10.9641 9.79232 21.8919 21.2664 19.6328 16.2272 13.3481 16.9962 35.7541 28.7071 28.8896 23.6235 23.5791 21.1441
threshold=19007.176726317539 0.24509048902579902 26.500000000000004 -200.99999999999997 197.71295749159302 -179.49999999999997 21.341666666666672 15.500000000000002 0.94461486025903219 0.95471633629528385 37.505397220000006 12.758333333333335 60.38572605793334 0.046886446886446893
decision_type=10 8 8 8 8 10 2 10 2 2 2 2 8 10
left_child=1 2 3 -1 -4 -5 7 8 11 10 -9 -7 -12 -14
right_child=-2 -3 4 5 -6 6 -8 9 -10 -11 12 -13 13 -15
leaf_value=0.24661370208540376 0.0074490812923133512 -0.0080152301015971265 0.22286111795979252 -1.6715083545648561 1.5822355890444701 0.058745016743488525 -0.081079678988260698 0.072756390102579227 -0.16669524328782864 0.37242038074665984 0.13391087414054725 0.50033426891718813 0.20512910213653399 -0.45938224022937796
leaf_weight=117 69 6419 447 52 49 526 151 659 111 156 196 355 53 673
leaf_count=117 69 6419 447 52 49 526 151 659 111 156 196 355 53 673
internal_value=-0.000260116 -0.000343201 0.000922166 -2.95082e-05 0.00676056 -0.000531879 -0.000229087 0.000252747 0.00338369 -0.00153625 -0.00274968 0.00540816 -0.00617551 -0.00866575
internal_weight=10033 9964 3545 3049 496 2932 2880 2729 992 1737 1581 881 922 726
internal_count=10033 9964 3545 3049 496 2932 2880 2729 992 1737 1581 881 922 726
is_linear=0
shrinkage=0.03


Tree=302
num_leaves=15
num_cat=0
split_feature=0 37 23 26 2 2 16 2 2 2 39 41 37 2
split_gain=14.41 17.3152 26.7222 25.4071 22.1302 27.1872 20.0091 17.0509 20.1413 34.3492 25.6326 25.37 29.5764 19.8248
threshold=143.50000000000003 77.952022931196396 0.92330316742081464 37.667786035000006 15.341666666666669 12.425000000000002 4.5000000000000009 22.925000000000004 20.258333333333336 18.091666666666672 158.63342472443335 50.500000000000007 41.192945309142779 19.041666666666671
decision_type=2 10 2 2 2 2 8 2 2 2 10 10 8 2
left_child=7 2 4 -3 5 -2 -4 8 9 -1 13 -10 -13 -11
right_child=1 3 6 -5 -6 -7 -8 -9 11 10 -12 12 -14 -15
leaf_value=0.0012131217692695805 -0.43417962190828746 -0.078438322814840755 -1.5062971796231033 0.69959184691847398 -1.0292928267813721 0.25994629816338799 0.027153036994210282 0.012921856237076677 -0.0054953423356174421 1.6642792112584881 -0.70714973431106887 -0.014632053692874585 -0.57808463115104181 0.39433861586284852
leaf_weight=7001 317 650 34 183 139 103 526 186 429 100 44 89 109 165
leaf_count=7001 317 650 34 183 139 103 526 186 429 100 44 89 109 165
internal_value=-0.000205439 -0.0025192 -0.00495536 0.000755396 -0.00958929 -0.00612827 -0.000320856 0.000350812 0.000139834 0.000582684 0.0103548 -0.00501592 -0.0138693 0.0138722
internal_weight=10075 1952 1119 833 559 420 560 8123 7937 7310 309 627 198 265
internal_count=10075 1952 1119 833 559 420 560 8123 7937 7310 309 627 198 265
is_linear=0
shrinkage=0.03


Tree=303
num_leaves=15
num_cat=0
split_feature=2 2 6 16 36 14 0 17 36 40 22 2 31 38
split_gain=14.5748 26.4951 40.7316 25.0149 21.542 20.3271 20.0344 17.055 14.7914 14.2909 14.0944 16.2482 14.0316 13.7192
threshold=20.258333333333336 18.091666666666672 7.5000000000000009 14.500000000000002 29.023548709171305 5.6500000000000012 18.500000000000004 182.97837350000003 22.268468468468473 -35.499999999999993 0.22599846390168973 19.675000000000004 78.500000000000014 53.500000000000007
decision_type=2 2 2 8 10 8 2 8 10 10 10 2 2 10
left_child=1 -1 7 9 6 8 -5 -3 -4 12 -7 -12 -2 -9
right_child=3 2 5 4 -6 10 -8 13 -10 -11 11 -13 -14 -15
leaf_value=-0.0012221484912775334 0.093766864328914803 0.23353868777068212 1.1808726206717362 0.0032277750932966373 0.2676739138754245 2.0160475425416342 -0.20764292583468411 0.0028927369977032667 -0.047760181226192203 -0.56288463432373892 1.5581737854384323 -0.36553575477945749 -0.089147577678741832 -0.82710421317710081
leaf_weight=8288 65 104 58 294 133 117 312 64 97 118 61 32 136 83
leaf_count=8288 65 104 58 294 133 117 312 64 97 118 61 32 136 83
internal_value=-7.22674e-05 0.000323414 0.00632091 -0.00339943 -0.000364865 0.0127049 -0.00276771 -0.00297619 0.00442308 -0.0104062 0.0187678 0.00989362 -0.00549505 -0.00952703
internal_weight=9962 8904 616 1058 739 365 606 251 155 319 210 93 201 147
internal_count=9962 8904 616 1058 739 365 606 251 155 319 210 93 201 147
is_linear=0
shrinkage=0.03


Tree=304
num_leaves=15
num_cat=0
split_feature=26 13 41 2 32 2 2 27 39 9 35 36 39 39
split_gain=13.2286 24.2694 25.8233 25.0661 21.0964 19.5985 35.37 25.506 29.5805 28.0651 22.865 18.4862 18.0983 27.8206
threshold=37.524607320000008 -17.499999999999996 -130.49999999999997 6.9250000000000016 -109.49999999999999 5.6250000000000009 6.7583333333333337 55.662202105000013 67.528083241216677 49.762111685983342 1212.781194543167 28.59174020662936 26.974052334508336 61.270684736891674
decision_type=2 8 8 2 2 2 2 2 8 10 10 10 8 8
left_child=1 3 -3 4 -1 7 10 8 11 -10 -7 -4 -8 -14
right_child=-2 2 5 -5 -6 6 12 -9 9 -11 -12 -13 13 -15
leaf_value=0.13742843511531627 -0.011052178542908126 0.31732268242897621 0.069958681450079566 0.41544727170267037 -0.62514796220353863 0.24359813657981866 0.56067087845280639 0.11575848280103362 -0.54674254314759663 0.50945365374221041 -0.87857137491114912 1.9235955063155943 -0.30060420469451066 0.0014425769859050868
leaf_weight=49 5074 198 56 653 94 38 163 380 230 89 178 45 512 2274
leaf_count=49 5074 198 56 653 94 38 163 380 230 89 178 45 512 2274
internal_value=-0.0001764 0.000925403 7.20461e-06 0.00572146 -0.005625 -0.000521936 -0.00158244 0.00367041 -0.00142518 -0.00590625 -0.0132719 0.0126471 -0.000722034 -0.00129171
internal_weight=10033 4959 4163 796 143 3965 3165 800 420 319 216 101 2949 2786
internal_count=10033 4959 4163 796 143 3965 3165 800 420 319 216 101 2949 2786
is_linear=0
shrinkage=0.03


Tree=305
num_leaves=15
num_cat=0
split_feature=5 18 24 38 26 35 19 9 19 38 13 6 17 27
split_gain=10.8247 14.9029 23.4746 21.1185 20.7853 17.5203 14.2456 14.2029 13.8365 15.6879 14.477 14.2417 18.4741 16.4396
threshold=1.5000000000000002 1948.3160041284345 12.943318116000002 -47.499999999999993 37.708057100000012 3217.6587011885035 76.374623546132568 27.648469186641673 7.504524577930181 147.50000000000003 125.50000000000001 8.5000000000000018 57.558657000000004 55.616008930000007
decision_type=2 8 10 8 2 10 8 10 10 10 10 2 10 2
left_child=1 2 -1 4 -3 -5 7 -4 9 10 -2 -10 13 -13
right_child=8 3 6 5 -6 -7 -8 -9 11 -11 -12 12 -14 -15
leaf_value=0.28162220601846849 0.011278045207001616 0.37006370720866133 0.0091211171983824058 -0.085882747740327961 -0.33943051104682226 0.00071074790116261465 0.0029911408162427511 -0.50944652461321793 -0.027562596758589492 -0.10554935175786581 0.26840723200868338 0.69820267150434834 -0.065827509871308421 0.039245977010991397
leaf_weight=1603 371 221 48 494 77 1070 158 70 4557 133 65 100 460 638
leaf_count=1603 371 221 48 494 77 1070 158 70 4557 133 65 100 460 638
internal_value=0.000140076 0.00141903 0.00330319 -0.000483092 0.00682274 -0.00187859 -0.00476534 -0.012605 -0.000616601 0.00384211 0.00659039 -0.00105803 0.00185154 0.00479026
internal_weight=10065 3741 1879 1862 298 1564 276 118 6324 569 436 5755 1198 738
internal_count=10065 3741 1879 1862 298 1564 276 118 6324 569 436 5755 1198 738
is_linear=0
shrinkage=0.03


Tree=306
num_leaves=15
num_cat=0
split_feature=2 2 31 39 6 10 18 20 2 9 25 35 2 2
split_gain=16.2262 13.1299 24.6079 28.2288 20.1761 17.3388 17.4365 15.0223 13.5765 13.881 16.9591 13.5005 13.458 15.457
threshold=22.925000000000004 20.925000000000004 -21.499999999999996 65.562394191666684 9.5000000000000018 0.25000000000000006 6823.8958060605137 12.850323562999622 21.591666666666672 14.015275591183334 230.50000000000003 19007.176726317539 4.6083333333333343 20.175000000000004
decision_type=2 2 2 10 2 8 10 8 2 8 2 8 2 2
left_child=1 4 7 8 11 12 -7 -3 -4 -10 -11 -1 -6 -14
right_child=-2 2 3 -5 5 6 -8 -9 9 10 -12 -13 13 -15
leaf_value=-0.0068777577501103219 0.0088607346116172953 -0.64987570086643542 0.072919012360330451 -0.33923245985695916 0.002203233588741753 -0.17197542799038931 0.0034043261725774181 0.69073832042160732 -0.014445827218167565 0.010939703850791568 -0.22068523525418998 0.016526450838201236 1.3584325772148995 -0.10245562065936409
leaf_weight=8690 181 31 116 200 131 50 44 57 70 108 42 75 218 52
leaf_count=8690 181 31 116 200 131 50 44 57 70 108 42 75 218 52
internal_value=-0.000140076 -0.00030349 -0.004512 -0.00692737 -1.94363e-05 0.00586694 -0.00568421 0.0101124 -0.00160237 -0.00597285 -0.000794702 -0.000352498 0.00858209 0.0123985
internal_weight=10065 9884 624 536 9260 495 94 88 336 220 150 8765 401 270
internal_count=10065 9884 624 536 9260 495 94 88 336 220 150 8765 401 270
is_linear=0
shrinkage=0.03


Tree=307
num_leaves=15
num_cat=0
split_feature=19 30 8 16 18 26 23 21 18 38 0 22 23 24
split_gain=13.6171 21.6217 36.4523 26.1879 20.3316 18.8831 16.9608 25.1446 16.0687 29.6585 24.174 22.9509 15.4315 15.2806
threshold=88.217388038502676 570.00000000000011 12.500000000000002 9.5000000000000018 60.705401743287943 37.713651265000003 0.9413674560733386 1.9500000000000002 1561.2244442673775 83.500000000000014 33.500000000000007 0.97332859174964448 0.94602686518854195 5.118590127500001
decision_type=8 2 2 8 10 2 2 10 10 10 2 10 2 10
left_child=1 8 6 -4 -5 13 -3 -8 9 -1 -11 -10 -12 -6
right_child=-2 2 3 4 5 -7 7 -9 11 10 12 -13 -14 -15
leaf_value=-0.013972841654051781 0.0040130892194142594 -0.65388518890155178 -0.57705161591322207 -0.18406277146964625 0.09701584754427571 -0.46139952117075694 -0.35950100692545889 0.99721231100139252 -0.06669723138752412 1.2511143855931441 0.31862793245595966 1.0732314698856924 -0.94120687761758226 0.52461484448499818
leaf_weight=1070 5050 221 50 49 102 45 95 32 2744 167 220 61 37 67
leaf_count=1070 5050 221 50 49 102 45 95 32 2744 167 220 61 37 67
internal_value=-0.000407552 -0.00152389 -0.006571 0.000859873 0.00465909 0.00865116 -0.0132378 -0.00445312 -0.000746512 0.00176589 0.00847059 -0.00208482 0.00267442 0.0132353
internal_weight=10010 4960 661 313 263 214 348 127 4299 1494 424 2805 257 169
internal_count=10010 4960 661 313 263 214 348 127 4299 1494 424 2805 257 169
is_linear=0
shrinkage=0.03


Tree=308
num_leaves=15
num_cat=0
split_feature=2 2 39 39 27 9 27 2 18 34 30 24 37 24
split_gain=14.2901 21.6036 15.0251 19.5233 19.9279 19.9204 16.0918 13.8369 26.6435 16.0567 17.7349 14.9951 12.5579 12.2748
threshold=22.841666666666672 20.841666666666672 122.51666666666668 66.284259284200019 55.642574175000007 19.959310950450003 55.671247645000008 2.4250000000000003 8682.1565343249767 2540.3798409105007 330.00000000000006 2993.5000000000005 242.39830103383733 4384.0000000000009
decision_type=2 2 8 10 2 10 2 2 10 10 2 10 8 8
left_child=1 7 3 4 -3 -6 12 9 11 10 13 -9 -4 -1
right_child=-2 2 6 -5 5 -7 -8 8 -10 -11 -12 -13 -14 -15
leaf_value=-0.21548128144606102 0.0084745198966863482 -0.28430527217381496 0.45284735544378435 -0.57055206927447666 -0.21588271478443435 0.70423552036987913 -0.012746510355317636 0.0070276260971038869 0.041987122820431468 0.55857658842358227 0.019273326851589525 -0.02135729410943767 -0.001349497877120415 -0.0018333269472087291
leaf_weight=127 202 79 41 179 41 34 220 8756 88 31 47 67 45 91
leaf_count=127 202 79 41 179 41 34 220 8756 88 31 47 67 45 91
internal_value=0.000101503 -6.09323e-05 -0.00539062 -0.00979042 -0.00193548 0.00907895 -0.000586319 0.000309513 0.000521768 -0.00606061 -0.00845865 0.000356981 0.0103448 -0.0120548
internal_weight=10048 9846 639 333 154 75 306 9207 8911 296 265 8823 86 218
internal_count=10048 9846 639 333 154 75 306 9207 8911 296 265 8823 86 218
is_linear=0
shrinkage=0.03


Tree=309
num_leaves=15
num_cat=0
split_feature=2 0 36 2 5 22 6 8 2 6 12 16 9 38
split_gain=12.0473 11.2149 18.9165 11.4621 19.2153 18.3134 23.2112 16.8069 15.1123 38.7093 36.6007 26.2677 26.1801 20.2509
threshold=23.341666666666672 -157.49999999999997 20.301428833119623 20.341666666666672 15.500000000000002 0.41048534798534803 10.500000000000002 7.5000000000000009 18.091666666666672 2.5000000000000004 15.500000000000002 20.500000000000004 29.015275591183336 104.50000000000001
decision_type=2 2 10 2 2 10 2 2 2 2 10 10 10 8
left_child=1 2 -1 8 5 6 7 -5 -3 -10 -11 12 13 -12
right_child=-2 3 -4 4 -6 -7 -8 -9 9 10 11 -13 -14 -15
leaf_value=0.68329175762855976 0.0093088639398486092 -0.003485101240171571 -0.10179067681741599 -0.010025102685518103 0.050752752970344983 -0.71782794114546256 0.047126064815175207 -0.45987062029322884 -0.35718835708222341 1.105836479411721 -0.59122985338114342 -0.44273780405379298 1.611442686769194 0.7375502801415128
leaf_weight=172 84 8065 131 627 36 168 62 51 51 178 77 120 85 113
leaf_count=172 84 8065 131 627 36 168 62 51 51 178 77 120 85 113
internal_value=4.78994e-05 -4.83043e-05 0.005625 -0.00022732 -0.00336508 -0.00422442 -0.00218623 -0.00379971 0.000113924 0.004608 0.00684669 0.00174242 0.00684783 0.000628272
internal_weight=10020 9936 303 9633 944 908 740 678 8689 624 573 395 275 190
internal_count=10020 9936 303 9633 944 908 740 678 8689 624 573 395 275 190
is_linear=0
shrinkage=0.03


Tree=310
num_leaves=15
num_cat=0
split_feature=36 1 19 38 6 18 38 18 2 38 5 38 15 38
split_gain=15.5251 13.9348 15.2442 15.0223 14.1012 14.9498 21.0183 13.4733 16.5893 14.0127 13.2075 12.322 18.3996 14.1948
threshold=35.739278131634826 11.108811808333334 4.2981121835547631 396.50000000000006 10.500000000000002 215.30339178188686 -11.499999999999998 425.14752074476752 8.9250000000000025 -272.99999999999994 3.5000000000000004 -136.49999999999997 47.943318116000007 -167.99999999999997
decision_type=10 2 10 10 2 10 8 8 2 8 2 8 10 10
left_child=1 7 3 -3 5 6 -4 8 -1 -9 -2 12 -11 -14
right_child=10 2 4 -5 -6 -7 -8 9 -10 11 -12 -13 13 -15
leaf_value=0.12494519730676476 0.34039875629261801 0.014898877607111083 -0.65154370143576124 -0.10240320689491668 0.21204922023421499 -0.067923451317623118 0.12883592645722244 0.49275258697858121 -0.16336233034913725 0.29389795697350563 -0.057583462995206246 0.0093732823835909109 -0.016212238980480152 -0.89432191675252326
leaf_weight=126 156 272 36 63 48 3094 144 50 286 64 32 5465 104 98
leaf_count=126 156 272 36 63 48 3094 144 50 286 64 32 5465 104 98
internal_value=-0.000262974 -0.000426353 -0.00189448 0.00419643 -0.00250978 -0.00274809 0.00563536 0.000440749 -0.00479419 0.000814597 0.00825397 0.000675157 -0.00561798 -0.0100493
internal_weight=10038 9850 3657 335 3322 3274 180 6193 412 5781 188 5731 266 202
internal_count=10038 9850 3657 335 3322 3274 180 6193 412 5781 188 5731 266 202
is_linear=0
shrinkage=0.03


Tree=311
num_leaves=15
num_cat=0
split_feature=2 17 2 16 0 41 2 24 21 6 2 39 32 36
split_gain=16.883 14.8492 14.8823 20.1368 22.8915 19.1633 20.0956 21.9826 18.2423 19.8038 16.586 32.4004 25.9197 24.114
threshold=22.841666666666672 -603.43138199999987 20.341666666666672 7.5000000000000009 1.0000000180025095e-35 35.500000000000007 18.091666666666672 2.1303246615000004 18.050000000000004 1.5000000000000002 16.425000000000004 61.891666666666673 -125.49999999999999 18.353162317558603
decision_type=2 8 2 8 2 8 2 10 10 2 2 10 2 10
left_child=1 -1 5 4 -4 6 10 -8 9 -5 12 -12 13 -3
right_child=-2 2 3 8 -6 -7 7 -9 -10 -11 11 -13 -14 -15
leaf_value=-0.11304889477020882 0.0093146619347916539 0.098496573654686018 0.0084337366745606181 0.037780409331387689 -0.71133613845975663 0.014197661083826443 -0.52818489301097948 1.1716679141060504 0.041714155564972141 -0.026093801256144938 0.54475130708186836 -0.69464102197473998 0.024419675116071387 -0.34023597036214792
leaf_weight=135 198 131 30 32 94 5909 40 119 302 375 121 314 1764 521
leaf_count=135 198 131 30 32 94 5909 40 119 302 375 121 314 1764 521
internal_value=9.2207e-05 -8.19175e-05 5.53676e-05 -0.00377698 -0.01488 0.000413677 -0.00153437 0.0088125 -0.0018169 -0.00595588 -0.00211431 -0.0075 -0.00114191 -0.00624809
internal_weight=10085 9887 9752 833 124 8919 3010 159 709 407 2851 435 2416 652
internal_count=10085 9887 9752 833 124 8919 3010 159 709 407 2851 435 2416 652
is_linear=0
shrinkage=0.03


Tree=312
num_leaves=15
num_cat=0
split_feature=0 31 14 11 38 36 26 18 27 39 2 2 35 35
split_gain=14.4698 21.4145 24.5649 32.7735 26.7926 24.8128 23.8771 23.2593 22.3367 21.487 18.6846 40.9931 21.2469 19.3089
threshold=11.500000000000002 47.500000000000007 17.199999999999999 1.0000000180025095e-35 274.50000000000006 25.986512027491411 37.411881995000009 5229.1355179092634 55.71193004500001 27.383333333333336 10.958333333333334 7.5083333333333337 2079.8574271750217 3092.5395809537818
decision_type=2 2 8 10 10 10 2 10 2 8 2 2 10 10
left_child=-1 6 4 7 -3 -6 -2 -4 10 -10 11 -8 -12 -13
right_child=1 2 3 -5 5 -7 8 -9 9 -11 12 13 -14 -15
leaf_value=0.0067671446741072805 0.56957975894349233 -0.025421630669178512 0.096119018693795397 -0.30227643084304728 -0.61566843699612495 1.404940464247207 -0.48355062458181003 1.1168139920354041 0.21496861339405909 -0.78987013658654026 -1.2716205236430214 1.0725501661612207 -0.15065799062321009 0.028009941519413672
leaf_weight=4678 84 2229 1255 67 157 36 270 107 55 322 74 149 476 115
leaf_count=4678 84 2229 1255 67 157 36 270 107 55 322 74 149 476 115
internal_value=-0.000131017 -0.00118955 7.78816e-06 0.00312587 -0.00183244 -0.0125258 -0.00417206 0.00413793 -0.0050684 -0.0113492 -0.00287558 0.0011215 -0.00675136 0.00950943
internal_weight=10074 5396 3851 1429 2422 193 1545 1362 1461 377 1084 534 550 264
internal_count=10074 5396 3851 1429 2422 193 1545 1362 1461 377 1084 534 550 264
is_linear=0
shrinkage=0.03


Tree=313
num_leaves=15
num_cat=0
split_feature=40 24 2 34 32 37 35 34 8 12 14 41 41 16
split_gain=11.7004 11.8874 17.9087 16.1713 22.5635 32.5546 17.4564 15.8519 14.6686 14.3255 13.5565 13.5134 19.304 14.3351
threshold=-391.99999999999994 1.7453939695000003 5.1916666666666673 1269.5000000000002 -974.49999999999989 17.116539529323749 585.27812605484712 648.5054834660001 9.5000000000000018 10.500000000000002 -5.3499999999999961 409.00000000000006 312.50000000000006 14.500000000000002
decision_type=8 10 2 8 2 8 10 8 2 8 8 10 10 10
left_child=-1 2 10 4 9 6 -6 8 -4 -3 -2 12 -5 -14
right_child=1 3 7 11 5 -7 -8 -9 -10 -11 -12 -13 13 -15
leaf_value=0.23023307978175431 1.0301424095508069 0.037464812089240629 0.35986892078514698 -0.013497381201175357 -0.21376130697106982 0.7769080893334751 -0.00010303561803972627 0.012583391125607761 -0.43434569267022494 0.29587696571536021 0.0076659739968348434 -0.24619374557668175 0.97376123275018711 0.11394105617162477
leaf_weight=76 94 103 33 6717 102 112 366 1707 97 109 172 198 75 134
leaf_count=76 94 103 33 6717 102 112 366 1707 97 109 172 198 75 134
internal_value=3.86292e-05 -5.08982e-05 0.00195342 -0.000583554 0.00348045 0.000413081 -0.00307036 0.000897715 -0.00916031 0.011831 0.00921348 -0.00103579 -0.000814205 0.00814286
internal_weight=10095 10019 2103 7916 792 580 468 1837 130 212 266 7124 6926 209
internal_count=10095 10019 2103 7916 792 580 468 1837 130 212 266 7124 6926 209
is_linear=0
shrinkage=0.03


Tree=314
num_leaves=15
num_cat=0
split_feature=19 2 9 28 27 2 32 9 15 20 9 24 39 27
split_gain=10.6378 11.9321 10.5498 9.70226 12.9363 20.3333 18.9983 35.1647 36.2537 20.8051 20.0205 22.5798 18.8563 18.4023
threshold=7.504524577930181 13.425000000000002 50.738072875508344 0.55692194403534623 55.733138875000002 2.4250000000000003 -286.49999999999994 31.015275591183336 1232.5599331005003 12.955996131528048 13.543111725775001 6.1142140790000008 50.741666666666674 55.617760000000004
decision_type=8 2 10 2 2 2 2 8 10 8 10 10 8 2
left_child=1 2 -1 4 5 13 7 8 -6 10 11 -8 -11 -2
right_child=3 -3 -4 -5 6 -7 9 -9 -10 12 -12 -13 -14 -15
leaf_value=-0.1646191109016083 0.017113692541267014 0.51403165998519962 0.22708870974586348 -0.099084487249773867 -0.16072672800748478 -0.0077128387935161413 -0.12158780501914854 0.048718896181737248 0.073083229631897922 -0.42977809634459152 1.3277893624055968 1.2273079496995696 0.0061173840581138748 -0.49439366883789843
leaf_weight=189 70 149 52 56 271 7323 176 357 32 73 200 125 793 101
leaf_count=189 70 149 52 56 271 7323 176 357 32 73 200 125 793 101
internal_value=-9.32986e-05 0.00475703 0.000619835 -0.000291293 -0.000217391 -0.000792528 0.00190828 -0.00226929 -0.00976974 0.00392544 0.00878486 0.00387417 0.00110727 -0.0109884
internal_weight=9967 390 241 9577 9521 7494 2027 660 303 1367 501 301 866 171
internal_count=9967 390 241 9577 9521 7494 2027 660 303 1367 501 301 866 171
is_linear=0
shrinkage=0.03


Tree=315
num_leaves=15
num_cat=0
split_feature=0 31 20 39 5 37 16 12 37 0 9 14 39 17
split_gain=14.0023 19.0285 21.837 22.303 24.3549 21.4535 20.812 19.5424 18.295 18.3786 34.6775 27.2975 20.9676 17.9655
threshold=11.500000000000002 47.500000000000007 28.937941176470591 59.141666666666673 2.5000000000000004 694.51362324763193 27.500000000000004 97.500000000000014 190.72459715463859 42.500000000000007 17.959310950450003 -8.7499999999999982 61.270684736891674 544.06718900000021
decision_type=2 2 8 8 2 10 10 10 10 2 10 8 8 10
left_child=-1 7 3 4 -3 -4 13 8 9 10 -2 -11 -13 -5
right_child=1 2 5 6 -6 -7 -8 -9 -10 11 -12 12 -14 -15
leaf_value=0.0071782796167054975 -0.66854279690151353 -0.055727902632206963 -0.31041777653797431 0.035128233436894474 -0.62966363370487388 0.15506184384439195 1.6614323662518147 0.49027441313310616 0.17725094672304273 0.017807201850969248 0.10970660592778006 -0.097070580140893856 -1.1218018570999269 0.76994165105899004
leaf_weight=4670 252 512 260 2794 117 35 71 92 173 187 412 136 339 48
leaf_count=4670 252 512 260 2794 117 35 71 92 173 187 412 136 339 48
internal_value=0.000118824 -0.000917296 0.000226681 0.00088061 -0.0042381 -0.00760135 0.00198696 -0.00367462 -0.0045 -0.00569706 -0.00216541 -0.00923077 -0.0130462 0.00158284
internal_weight=10098 5428 3837 3542 629 295 2913 1591 1499 1326 664 662 475 2842
internal_count=10098 5428 3837 3542 629 295 2913 1591 1499 1326 664 662 475 2842
is_linear=0
shrinkage=0.03


Tree=316
num_leaves=15
num_cat=0
split_feature=0 27 27 13 35 19 2 2 2 26 6 39 27 20
split_gain=16.9359 18.5815 23.7024 17.0662 15.4651 13.1116 25.0816 23.9281 18.2503 32.1365 25.009 19.943 18.1054 18.0426
threshold=359.50000000000006 55.604049130000007 55.697012170000008 346.50000000000006 2690.9195727172223 80.586442438600557 12.758333333333335 14.341666666666669 14.008333333333335 37.661999215000009 6.5000000000000009 122.51666666666668 55.613787210000005 14.683323879750427
decision_type=2 2 2 10 10 8 2 2 2 2 2 8 2 10
left_child=5 -2 4 -4 -3 8 -7 13 -1 -10 -11 -12 -9 -8
right_child=1 2 3 -5 -6 6 7 12 9 10 11 -13 -14 -15
leaf_value=0.0046550389059075428 -0.86614361113520455 -0.52590525275690847 -0.89980737880721273 -0.02051070335100345 0.61306423293769285 -0.0084468257873508163 0.12897527013448723 0.65057011158894895 -0.0073730668382549673 -0.97553891918911639 -0.46471830291157656 0.037962164288177717 0.0024895232021799529 0.49344652759753344
leaf_weight=2885 61 30 80 74 86 2880 273 236 1064 184 273 221 1595 139
leaf_count=2885 61 30 80 74 86 2880 273 236 1064 184 273 221 1595 139
internal_value=-0.000294584 -0.00695783 -0.00354244 -0.0112258 0.00666667 -6.76854e-05 0.000977752 0.00335561 -0.00122515 -0.00364888 -0.00874816 -0.00521212 0.00188319 0.00987893
internal_weight=10081 331 270 154 116 9750 5123 2243 4627 1742 678 494 1831 412
internal_count=10081 331 270 154 116 9750 5123 2243 4627 1742 678 494 1831 412
is_linear=0
shrinkage=0.03


Tree=317
num_leaves=15
num_cat=0
split_feature=16 20 40 27 27 34 14 35 12 2 21 20 2 2
split_gain=12.6949 21.6038 15.8692 15.5632 20.4518 28.2993 26.0063 14.9353 15.0473 15.2348 21.3371 14.5703 14.0513 22.4001
threshold=26.500000000000004 14.347382431233365 38.500000000000007 55.716464725000002 55.675532760000003 4131.5586570270016 -22.799999999999979 41.162986870579019 42.500000000000007 17.508333333333336 27.950000000000003 12.576204630788487 6.7583333333333337 8.7583333333333346
decision_type=8 10 10 2 2 10 8 8 10 2 10 10 2 2
left_child=-1 3 -3 4 5 7 -6 -2 9 10 -9 -8 -5 -14
right_child=1 2 -4 12 6 -7 11 8 -10 -11 -12 -13 13 -15
leaf_value=-0.010045595383903958 -0.42535396422093819 0.70087310023340854 -0.097046890101940161 0.031962911697271897 0.85544951993644003 0.77395067241602489 -0.5792394649084065 0.0016306374887602316 -0.42220359227151377 0.12933405211838744 -0.076067567732707994 0.011526949333755129 -0.74032084745354854 0.0050850976746108119
leaf_weight=7874 36 362 109 179 50 62 174 564 59 190 61 45 30 291
leaf_count=7874 36 362 109 179 50 62 174 564 59 190 61 45 30 291
internal_value=-0.00013681 0.00187076 0.00756356 0.00032721 -0.00147343 0.000554985 -0.00877778 -0.00079034 0 0.00106618 -0.00119808 -0.0132273 0.00479042 0.00102484
internal_weight=10086 2212 471 1741 1241 972 269 910 874 815 625 219 500 321
internal_count=10086 2212 471 1741 1241 972 269 910 874 815 625 219 500 321
is_linear=0
shrinkage=0.03


Tree=318
num_leaves=15
num_cat=0
split_feature=39 34 18 19 14 2 19 8 14 2 36 26 9 15
split_gain=13.8756 13.1544 16.918 13.9607 25.5896 22.5196 21.3916 19.2478 49.5679 28.048 22.533 18.2153 22.9334 20.4167
threshold=454.50833333333338 4189.6849944730011 49.051504179131278 88.217388038502676 -62.399999999999984 12.258333333333335 92.146069668221671 9.5000000000000018 -1.5000000000000087 6.1916666666666673 30.426638176638182 37.419500260000007 44.959310950450011 518.50000000000011
decision_type=10 10 10 8 8 2 10 2 8 2 8 2 10 8
left_child=1 3 -3 4 -1 6 -5 11 10 -10 -9 -6 -13 -14
right_child=-2 2 -4 5 7 -7 -8 8 9 -11 -12 12 13 -15
leaf_value=-0.61973162277878535 -0.87702595503561431 -0.24789112775100228 0.4684317729279357 0.064974143481006191 0.12439889687228017 0.027458612135148091 -0.01833612965999773 0.17329766733629262 0.20390030375409579 -0.53956232232990287 -0.69990762258233208 -0.059371035490061029 0.06218754832127267 1.4668062857250612
leaf_weight=130 111 34 136 218 492 2313 2398 162 51 294 37 2704 914 34
leaf_count=130 111 34 136 218 492 2313 2398 162 51 294 37 2704 914 34
internal_value=5.38439e-05 0.000172414 0.00842105 2.7698e-05 -0.00112056 0.0011501 -0.000756592 -0.000754958 -0.00605505 -0.0129191 0.00585 -5.79011e-05 -0.000788393 0.00322445
internal_weight=10028 9917 170 9747 4818 4929 2616 4688 544 345 199 4144 3652 948
internal_count=10028 9917 170 9747 4818 4929 2616 4688 544 345 199 4144 3652 948
is_linear=0
shrinkage=0.03


Tree=319
num_leaves=15
num_cat=0
split_feature=34 38 27 39 39 36 14 26 24 36 38 39 24 2
split_gain=11.1742 23.4415 21.1497 19.0145 22.9209 17.2143 22.2628 16.1352 16.0838 15.7924 20.2706 13.3409 12.6043 15.5436
threshold=1398.0000000000002 111.50000000000001 55.641362005000005 65.942695106666676 27.383333333333336 28.59174020662936 -26.750000000000011 37.513383810000008 3.9433181160000004 24.2073908888181 49.500000000000007 454.50833333333338 1.0054834660000003 4.4416666666666673
decision_type=8 10 2 8 10 10 10 2 10 10 10 10 8 2
left_child=1 2 -1 4 -4 6 -5 8 -3 10 -8 12 -2 -14
right_child=11 7 3 5 -6 -7 9 -9 -10 -11 -12 -13 13 -15
leaf_value=0.22813119856276357 0.035605802394269186 -0.69711981604356332 0.57539142405920807 0.8606212934100449 -0.52015991951006124 -0.11352698098587946 -0.29038105165779482 0.5081812323061855 0.090582855672153101 0.24819428739419377 0.14836348017815196 -0.89908557768884834 -0.025330174926070131 -0.0044106098010953361
leaf_weight=276 1543 35 32 53 176 100 83 131 76 41 39 88 920 6379
leaf_count=276 1543 35 32 53 176 100 83 131 76 41 39 88 920 6379
internal_value=-0.000234634 0.00270374 0.000224719 -0.00331429 -0.0103349 0.00132492 0.00608295 0.0108642 0.00241071 0.00054878 -0.00487805 -0.000577763 -0.000461382 -0.000982192
internal_weight=9972 1042 800 524 208 316 216 242 111 163 122 8930 8842 7299
internal_count=9972 1042 800 524 208 316 216 242 111 163 122 8930 8842 7299
is_linear=0
shrinkage=0.03


Tree=320
num_leaves=15
num_cat=0
split_feature=6 0 31 23 2 36 22 9 20 38 39 18 36 25
split_gain=16.111 15.5735 20.6032 22.6989 21.5475 20.5548 16.9293 18.0471 17.5736 16.527 15.5121 17.0929 17.5406 15.0533
threshold=9.5000000000000018 167.50000000000003 112.25000000000001 0.92330316742081464 7.9250000000000016 22.03503836317136 0.20864427860696519 14.959310950450002 28.553442028985511 -14.499999999999998 81.026028440000019 2160.4308818560235 18.637911801888901 21.250000000000004
decision_type=2 2 2 2 2 10 8 10 10 10 10 10 8 2
left_child=1 -1 5 6 -5 -3 8 -8 -4 -6 11 12 -11 -7
right_child=-2 2 3 4 9 13 7 -9 -10 10 -12 -13 -14 -15
leaf_value=0.0005071120276521283 0.054919951025832317 -0.71769755859639117 0.11104385060671447 0.46369469990941009 0.10744233916976838 0.7112686390492331 0.46966772937931511 -0.50984267078909917 -0.59976350278377111 -0.42821382532481478 0.055505261082822978 -1.0293084829786954 0.59015203429170549 -0.51746551330451762
leaf_weight=7848 671 192 179 162 123 35 76 370 50 54 135 73 31 94
leaf_count=7848 671 192 179 162 123 35 76 370 50 54 135 73 31 94
internal_value=-0.000157519 -0.000477555 -0.0032 -0.00145933 0.00290155 -0.00996894 -0.00519231 -0.0085906 0.00143478 -0.000719424 -0.00459184 -0.0109434 -0.00174419 -0.000692308
internal_weight=10093 9422 1574 1253 578 321 675 446 229 416 293 158 85 129
internal_count=10093 9422 1574 1253 578 321 675 446 229 416 293 158 85 129
is_linear=0
shrinkage=0.03


Tree=321
num_leaves=15
num_cat=0
split_feature=0 23 19 15 13 20 14 32 32 26 19 36 19 13
split_gain=15.5714 33.6571 25.2712 18.9342 17.3562 15.0908 14.2114 13.3701 12.9853 22.7033 12.2284 11.8598 11.7369 12.901
threshold=226.50000000000003 0.93413823019086195 182.5937721326396 304.36114810000009 171.50000000000003 17.974825174825177 6.4999999999999991 195.50000000000003 179.50000000000003 37.462456390000007 135.54475838324461 18.047533474277667 45.772382523649853 257.50000000000006
decision_type=2 2 10 10 8 10 8 2 2 2 10 10 10 10
left_child=-1 2 5 4 -3 12 -7 -8 9 -4 -6 -5 13 -2
right_child=1 3 8 11 10 6 7 -9 -10 -11 -12 -13 -14 -15
leaf_value=0.00083768742398230775 -0.098567565309225377 -0.25353701230970488 0.51381112009701813 -0.60147235391401321 0.89049003035246377 -0.52471389956172909 -0.42930308150957214 2.1048798379402447 0.16293995178072876 -0.78084378129742193 -0.047381128384136134 0.06902496801100369 -1.0069681518578448 -0.75128291983076911
leaf_weight=9110 110 35 39 47 132 74 35 37 88 47 36 41 214 86
leaf_count=9110 110 35 39 47 132 74 35 37 88 47 36 41 214 86
internal_value=-0.000275365 -0.00378669 -0.00722298 0.00482877 0.00985294 -0.0103411 -0.00204082 0.00739726 0.00274286 -0.00551724 0.0138462 -0.00674157 -0.0132847 -0.00791878
internal_weight=10131 1021 730 291 203 556 146 72 174 86 168 88 410 196
internal_count=10131 1021 730 291 203 556 146 72 174 86 168 88 410 196
is_linear=0
shrinkage=0.03


Tree=322
num_leaves=15
num_cat=0
split_feature=19 19 2 22 27 16 37 20 41 0 12 12 23 14
split_gain=12.3722 12.4845 16.2407 23.3028 17.1936 21.2109 13.9206 12.5806 13.4718 11.6654 23.26 19.3161 33.9506 23.3518
threshold=7.504524577930181 26.872325669104036 14.008333333333335 0.6708333333333335 55.794133760000001 18.500000000000004 -156.11278987748611 6.4684684684684699 75.500000000000014 -35.499999999999993 -127.49999999999999 -3.4999999999999996 0.16485507246376815 -2.4000000000000008
decision_type=8 8 2 10 2 8 8 10 8 2 10 8 2 10
left_child=-1 2 4 -4 5 6 -2 -8 -9 10 -3 12 13 -11
right_child=1 9 3 -5 -6 -7 7 8 -10 11 -12 -13 -14 -15
leaf_value=0.16289223441976503 -0.59050902230391522 -0.044461363134318789 -0.13208023216413947 -0.64518964894720132 2.2137664485331223 0.10077391516758986 0.44413850102638647 0.12615088371052555 -0.47824682432885196 -0.09063117369204518 0.27187800624439751 0.002357980657225923 -0.042514485148834776 0.040162393264188211
leaf_weight=381 97 559 636 68 48 665 34 98 187 146 892 5128 1020 32
leaf_count=381 97 559 636 68 48 665 34 98 187 146 892 5128 1020 32
internal_value=-3.30264e-05 -0.000243471 -0.00247001 -0.00604255 -0.000238938 -0.00102588 -0.00633094 -0.00328125 -0.00534965 0.000281563 0.00270661 -0.000275012 -0.00370309 -0.0157542
internal_weight=9991 9610 1833 704 1129 1081 416 319 285 7777 1451 6326 1198 178
internal_count=9991 9610 1833 704 1129 1081 416 319 285 7777 1451 6326 1198 178
is_linear=0
shrinkage=0.03


Tree=323
num_leaves=15
num_cat=0
split_feature=6 0 23 14 38 16 12 2 32 13 19 12 0 26
split_gain=14.3246 13.9211 25.105 22.9586 20.1656 18.3838 14.5245 13.4546 20.4525 13.357 13.2165 12.6417 12.4707 10.6261
threshold=10.500000000000002 231.50000000000003 0.93450283438026671 22.900000000000002 261.50000000000006 6.5000000000000009 189.50000000000003 7.5916666666666677 239.50000000000003 232.50000000000003 4.2981121835547631 301.50000000000006 253.50000000000003 37.446907110000005
decision_type=2 2 2 10 10 8 10 2 2 10 8 8 2 2
left_child=1 10 3 7 6 -4 -5 13 -9 -8 -1 -10 -7 -3
right_child=-2 2 5 4 -6 12 9 8 11 -11 -12 -13 -14 -15
leaf_value=0.29402036478319271 0.041863645473477311 1.2257426714046795 -0.6681918074220049 0.46855741756411246 0.98966546953809575 -0.21665091847713372 -0.87172675046751247 -1.013144664967208 0.32242227510500027 0.03438149383350321 -0.00015067081203740617 -0.60178614937550023 0.41032580636256483 -0.40833445199807611
leaf_weight=132 175 30 37 30 43 42 60 218 53 75 8790 95 178 100
leaf_count=132 175 30 37 30 43 42 60 218 53 75 8790 95 178 100
internal_value=-0.000131226 -0.000282274 -0.00371102 -0.0066383 0.00172249 0.00430233 -0.00307229 -0.0101408 -0.013079 -0.00727941 8.74145e-05 -0.00442953 0.00760181 -0.00183206
internal_weight=10058 9883 961 704 208 257 165 496 366 135 8922 148 220 130
internal_count=10058 9883 961 704 208 257 165 496 366 135 8922 148 220 130
is_linear=0
shrinkage=0.03


Tree=324
num_leaves=15
num_cat=0
split_feature=27 2 36 18 36 0 36 20 35 30 24 36 10 5
split_gain=10.0154 17.8608 23.6689 17.5811 16.0983 15.3007 18.6232 16.5885 28.4397 21.5735 20.2607 26.8127 42.3681 16.4603
threshold=55.734511700000006 2.9750000000000005 24.127712171311604 972.9448340396192 34.854978354978364 359.50000000000006 28.306020066889637 15.027651515151518 440.95546972161213 510.00000000000006 6.309283874000001 16.587977296181634 0.25000000000000006 6.5000000000000009
decision_type=2 2 10 8 10 2 10 8 10 2 10 10 10 2
left_child=1 2 3 -1 -3 7 -7 8 -2 -9 11 12 -10 -13
right_child=5 4 -4 -5 -6 6 -8 9 10 -11 -12 13 -14 -15
leaf_value=0.67305264480333082 -0.18715252107125968 -0.003369308016922761 -0.55873096269947187 -0.074085440791180748 0.34987162054970572 -0.77052362938316432 0.046396382095901453 -0.0020339376049329349 -0.96257686177798574 0.13796910135491924 0.63506118776310305 0.58402207814562046 0.29634063146494366 -0.53835815997723468
leaf_weight=35 121 7454 108 206 114 79 39 942 119 50 323 299 34 31
leaf_count=35 121 7454 108 206 114 79 39 942 119 50 323 299 34 31
internal_value=-6.02712e-06 -0.00048876 -0.00711429 -0.0018595 -0.000182323 0.00186948 -0.00857143 0.00251562 0.00539871 -0.000181269 0.00743494 0.00353306 -0.00681818 0.00833837
internal_weight=9954 7917 349 241 7568 2037 118 1919 927 992 806 483 153 330
internal_count=9954 7917 349 241 7568 2037 118 1919 927 992 806 483 153 330
is_linear=0
shrinkage=0.03


Tree=325
num_leaves=15
num_cat=0
split_feature=26 0 4 2 41 27 20 26 16 8 21 37 26 24
split_gain=16.7875 13.8757 18.2216 24.8055 16.9407 15.3986 12.6395 12.6184 25.3963 27.5413 24.8263 23.7643 27.5951 24.0942
threshold=37.858991355000008 183.50000000000003 1.0000000180025095e-35 7.9250000000000016 194.50000000000003 55.558450470000004 28.553442028985511 37.533866470000014 23.500000000000004 3.5000000000000004 55.20000000000001 -58.042410810173742 37.622779030000011 8.8354870505000012
decision_type=2 2 2 2 8 2 8 2 10 2 10 10 2 10
left_child=1 7 4 -4 5 -3 -6 8 -1 -10 11 -9 -13 -14
right_child=-2 2 3 -5 6 -7 -8 10 9 -11 -12 12 13 -15
leaf_value=0.002758823467668303 0.14116810757224446 0.3240055933447199 0.26437957932579537 -0.47873158988656783 0.081345264287303959 -0.6605830290683361 -0.4369579738445955 -0.023353156211911637 0.10361147157966036 0.87774017960706574 0.048501646104923184 -0.21161430737310105 -0.0048349563169936037 0.35117509521738821
leaf_weight=3452 204 53 30 126 703 361 87 2503 516 271 80 170 874 601
leaf_count=3452 204 53 30 126 703 361 87 2503 516 271 80 170 874 601
internal_value=-8.97129e-06 -0.000186203 -0.0029978 -0.0126115 -0.00174274 -0.0066506 0.000834387 0.000265706 0.00142217 0.00628173 -0.000893828 -0.00121475 0.00158566 0.0029065
internal_weight=10031 9827 1360 156 1204 414 790 8467 4239 787 4228 4148 1645 1475
internal_count=10031 9827 1360 156 1204 414 790 8467 4239 787 4228 4148 1645 1475
is_linear=0
shrinkage=0.03


Tree=326
num_leaves=15
num_cat=0
split_feature=19 15 15 14 2 2 13 8 18 30 39 34 40 9
split_gain=18.1622 23.7064 20.517 18.4041 17.9533 42.4268 16.5613 19.2847 15.7522 14.4968 32.0577 22.8066 19.6756 18.309
threshold=88.217388038502676 1535.5000000000002 58.916667579000006 2.8000000000000065 12.758333333333335 13.925000000000002 -144.49999999999997 3.5000000000000004 938.19065669437271 570.00000000000011 84.400977617116681 49.096456152500004 134.50000000000003 130.22808324121669
decision_type=8 10 8 10 2 2 8 2 10 2 8 10 8 8
left_child=1 2 3 -1 6 8 7 -2 -6 11 -11 -4 -12 -14
right_child=4 -3 9 -5 5 -7 -8 -9 -10 10 12 -13 13 -15
leaf_value=-0.023830697296995423 -1.3259790968745908 -0.25469833693560173 -0.048266192355389453 0.34873614989421392 -0.0061184113047987052 0.0064198347876920046 -0.0012701478875715502 0.41165795527574428 0.64375100784422368 -0.42384923462925794 -0.24205279443350319 0.38881110545318404 0.23153995155676454 -0.38929100320513182
leaf_weight=577 67 55 2960 485 64 1979 2683 33 249 281 97 272 169 57
leaf_count=577 67 55 2960 485 64 1979 2683 33 249 281 97 272 169 57
internal_value=-0.000191445 -0.00148365 -0.00126148 0.00242709 0.00106974 0.00303532 -0.000549569 -0.0124752 0.0132803 -0.00228303 -0.00654545 -0.00148469 -9.25926e-05 0.00475771
internal_weight=10028 4953 4898 1062 5075 2292 2783 100 313 3836 604 3232 323 226
internal_count=10028 4953 4898 1062 5075 2292 2783 100 313 3836 604 3232 323 226
is_linear=0
shrinkage=0.03


Tree=327
num_leaves=15
num_cat=0
split_feature=40 0 1 27 27 23 20 2 19 27 2 18 16 36
split_gain=11.1388 10.685 9.46277 15.9084 22.218 17.262 19.7969 19.001 16.489 15.5121 14.9706 14.3991 14.3812 12.7236
threshold=-391.99999999999994 541.50000000000011 11.108811808333334 55.791421760000006 55.653688130000006 0.86576265016381515 24.210227272727277 10.958333333333334 13.651643120783609 55.670980610000008 13.925000000000002 118.51997204039945 27.500000000000004 26.368115942028989
decision_type=8 2 2 2 2 2 10 2 10 2 2 8 10 8
left_child=-1 2 11 4 12 6 7 -6 -5 10 -7 -2 13 -4
right_child=1 -3 3 8 5 9 -8 -9 -10 -11 -12 -13 -14 -15
leaf_value=0.23990955472922917 -0.086074399047095004 -0.79590968323743072 0.02942667104829759 0.036345703198522754 0.17549930645720677 -0.31346430582598866 -0.49574524657230218 -0.0083325879959923049 0.0073861515899295571 -0.18071837783374003 -1.2025394040509152 0.006341462210651576 0.46254828015193311 -0.035212671186254228
leaf_weight=72 147 47 809 80 150 113 49 183 329 1268 79 6036 104 484
leaf_count=72 147 47 809 80 150 113 49 183 329 1268 79 6036 104 484
internal_value=-0.000168827 -0.000255087 -0.000186127 -0.00139764 -0.00210185 -0.00426479 0.00140992 0.00404192 0.00417073 -0.00574949 -0.0136788 0.000528784 0.000751073 -0.00011592
internal_weight=9950 9878 9831 3648 3239 1842 382 333 409 1460 192 6183 1397 1293
internal_count=9950 9878 9831 3648 3239 1842 382 333 409 1460 192 6183 1397 1293
is_linear=0
shrinkage=0.03


Tree=328
num_leaves=15
num_cat=0
split_feature=22 12 16 0 38 34 26 26 12 41 40 0 25 38
split_gain=10.7303 23.0657 21.3748 15.3989 14.6428 13.9425 36.5701 23.3963 21.7911 17.8384 15.6199 14.4618 14.7799 22.1512
threshold=0.20710681244743484 -189.99999999999997 26.500000000000004 -135.49999999999997 -200.99999999999997 1439.5287591125002 37.708057100000012 37.566423880000009 -38.499999999999993 -149.49999999999997 130.50000000000003 319.50000000000006 -124.49999999999999 56.500000000000007
decision_type=8 8 8 2 8 8 2 2 10 8 8 2 2 8
left_child=1 -1 4 -2 -3 6 7 9 -9 -5 -10 12 13 -7
right_child=3 2 -4 5 -6 11 -8 8 10 -11 -12 -13 -14 -15
leaf_value=-1.8321939049292557 0.19238006588962867 0.31522643789960991 0.63336405932116469 0.65771760915619693 0.0021731478406786663 -0.67980147527791679 0.40110485335710089 -0.87437759585004871 -0.31995372906987973 0.0022561194815084915 0.500965604812175 -0.27188901639711049 -0.0068519558475056237 0.020348798013798158
leaf_weight=52 316 80 317 59 2079 118 199 75 49 630 46 289 5555 92
leaf_count=52 316 80 317 59 2079 118 199 75 49 630 46 289 5555 92
internal_value=-0.000216933 0.00147094 0.00188938 -0.000791493 0.000819444 -0.00107971 0.00209632 -0.000593023 -0.0105263 0.00186957 -0.0009375 -0.00163501 -0.00130593 -0.00909953
internal_weight=9956 2528 2476 7428 2159 7112 1058 859 170 689 95 6054 5765 210
internal_count=9956 2528 2476 7428 2159 7112 1058 859 170 689 95 6054 5765 210
is_linear=0
shrinkage=0.03


Tree=329
num_leaves=15
num_cat=0
split_feature=26 12 41 23 37 14 9 38 37 31 10 27 2 9
split_gain=14.3715 24.5594 29.0195 22.7385 20.9637 30.421 16.9536 23.3981 35.9687 25.9346 22.9059 21.6903 19.7334 20.5149
threshold=37.524607320000008 -82.499999999999986 -163.49999999999997 0.83654916512059374 81.177827455905984 3.5999999999999961 68.026028440000019 -51.499999999999993 -1.4790194910150374 207.50000000000003 1.0000000180025095e-35 55.640478355000006 2.4250000000000003 12.959310950450002
decision_type=2 8 8 2 10 8 10 8 8 2 10 2 2 10
left_child=1 3 -3 -1 6 -6 10 -8 9 -9 12 -10 -2 -14
right_child=4 2 -4 -5 5 -7 7 8 11 -11 -12 -13 13 -15
leaf_value=-0.017358302989324344 -0.39938049986306329 0.59455402433954219 -0.00011737744555965434 0.45332421245977728 -0.032409211855137919 0.27620986091801886 -0.57119835752947878 0.55878424165104357 -0.34071671618335359 -0.26057989810263732 0.0029766528864521367 0.0012811015954800483 0.023575118438295819 -0.24817130184835398
leaf_weight=69 58 149 4355 396 408 496 119 366 80 48 576 291 564 2114
leaf_count=69 58 149 4355 396 408 496 119 366 80 48 576 291 564 2114
internal_value=-4.45986e-05 0.00110463 0.000426193 0.00766094 -0.00115993 0.00298343 -0.00204885 0.00159116 0.00347328 0.00954217 -0.00304256 -0.00330645 -0.00418707 -0.00380739
internal_weight=10089 4969 4504 465 5120 904 4216 904 785 414 3312 371 2736 2678
internal_count=10089 4969 4504 465 5120 904 4216 904 785 414 3312 371 2736 2678
is_linear=0
shrinkage=0.03


Tree=330
num_leaves=15
num_cat=0
split_feature=23 13 8 6 0 36 12 20 23 36 36 23 17 22
split_gain=10.0427 19.774 17.323 18.9652 22.497 28.7838 28.6412 27.0891 21.2169 19.8742 18.3374 37.9662 18.2948 24.5415
threshold=0.83984732824427488 21.250000000000004 3.5000000000000004 7.5000000000000009 16.500000000000004 18.675381635907957 86.500000000000014 25.55931034482759 0.92663608562691147 17.184170506912448 30.11459114778695 0.96164354770912153 -65.538670499999981 0.19758530942741473
decision_type=2 8 2 2 2 10 8 10 2 10 10 2 8 10
left_child=1 -1 3 12 5 -5 8 9 -6 -8 -4 -12 -2 -14
right_child=2 -3 10 4 6 -7 7 -9 -10 -11 11 -13 13 -15
leaf_value=-0.11749878524565072 -1.2101267916200193 -0.00035354109246758521 0.020185067754255 0.52998295240217674 -0.03080150333693453 0.02849785214254617 -0.58000371789566263 -0.60749125304982543 -0.43056119234387669 0.31418078217369921 1.1895504565246016 -0.015257501251350085 0.094014562930197193 -0.36390154534152991
leaf_weight=465 163 1317 2748 289 612 1237 158 89 438 742 143 156 455 998
leaf_count=465 163 1317 2748 289 612 1237 158 89 438 742 143 156 455 998
internal_value=-0.000179802 -0.00222098 0.000262486 -0.00079313 0.000429052 0.00318271 -0.00163235 0.0020303 -0.00508088 0.003596 0.00205709 0.0091 -0.00348794 -0.00241403
internal_weight=10010 1782 8228 5181 3565 1526 2039 989 1050 900 3047 299 1616 1453
internal_count=10010 1782 8228 5181 3565 1526 2039 989 1050 900 3047 299 1616 1453
is_linear=0
shrinkage=0.03


Tree=331
num_leaves=15
num_cat=0
split_feature=5 0 14 13 37 26 8 37 27 38 40 30 17 27
split_gain=11.6807 15.4034 20.8659 20.5655 26.504 19.4801 27.9063 18.6254 16.4656 20.8368 15.1923 17.956 19.3459 18.223
threshold=1.5000000000000002 -63.499999999999993 -3.3999999999999937 -8.4999999999999982 52.864873098079563 37.625964955000008 2.5000000000000004 -189.07689223581875 55.733896435000005 27.500000000000004 545.50000000000011 570.00000000000011 541.56170600000007 55.680201035000003
decision_type=2 2 10 8 10 2 2 8 2 8 8 2 8 2
left_child=1 2 8 4 5 6 -3 -5 9 -1 11 -2 13 -13
right_child=10 3 -4 7 -6 -7 -8 -9 -10 -11 -12 12 -14 -15
leaf_value=0.41119107079404837 -0.038619088119818061 -0.36338759728874781 1.0899588924485331 0.2180440141591703 0.26711900609193534 -0.45335112979856224 0.24315915175368064 0.0023073460418725723 0.82689724934064446 -0.38074067791786953 0.0042294349414956833 -0.043598977937510094 0.040508502188432279 -0.54063680262561287
leaf_weight=169 3429 110 145 327 143 245 154 2170 70 155 2464 150 94 171
leaf_count=169 3429 110 145 327 143 245 154 2170 70 155 2464 150 94 171
internal_value=-0.00030009 0.00104093 0.00572222 0.000238095 -0.0045023 -0.00770588 -0.00203774 0.00147718 0.00212658 -0.000738462 -0.00108417 -0.00226268 -0.00814904 -0.011646
internal_weight=9996 3688 539 3149 652 509 264 2497 394 324 6308 3844 415 321
internal_count=9996 3688 539 3149 652 509 264 2497 394 324 6308 3844 415 321
is_linear=0
shrinkage=0.03


Tree=332
num_leaves=15
num_cat=0
split_feature=6 27 15 27 35 21 27 21 40 39 41 16 0 2
split_gain=12.192 15.9306 28.8669 24.9792 23.0408 22.5765 20.1666 19.6725 19.1346 18.8188 18.7425 22.5361 18.3796 26.6541
threshold=8.5000000000000018 55.696490845000007 337.38592798250005 55.71193004500001 4178.9659647327144 8.9500000000000011 55.684757300000008 10.65 -228.49999999999997 33.656432133041669 -15.499999999999998 23.500000000000004 5.5000000000000009 10.608333333333336
decision_type=2 2 10 2 10 10 2 8 8 8 10 10 2 2
left_child=1 2 6 4 -3 -4 8 -7 -1 -10 11 -8 -5 -14
right_child=-2 3 5 12 -6 7 10 -9 9 -11 -12 -13 13 -15
leaf_value=-1.1114021880345886 0.020633168611095581 0.55328579871450156 0.21450743805721437 0.0086001039247981161 -0.30498418041245068 -2.0616318578753279 -0.68592888557675546 0.0035922795506032773 -1.4505148587340615 -0.034214753744367665 -0.75785346311838686 0.3259108040293402 -0.31561958931342476 0.014374300132555451
leaf_weight=75 2368 330 456 1281 48 35 116 192 40 3320 151 89 636 918
leaf_count=75 2368 330 456 1281 48 35 116 192 40 3320 151 89 636 918
internal_value=-3.28162e-05 -0.000612643 -0.00176983 0.000998755 0.00823219 0.00390351 -0.00279272 -0.00381579 -0.00208673 -0.00174948 -0.00957983 -0.00364078 3.17348e-05 -0.00216077
internal_weight=10055 7687 4474 3213 378 683 3791 227 3435 3360 356 205 2835 1554
internal_count=10055 7687 4474 3213 378 683 3791 227 3435 3360 356 205 2835 1554
is_linear=0
shrinkage=0.03


Tree=333
num_leaves=15
num_cat=0
split_feature=2 16 2 12 26 14 38 23 26 13 39 0 41 16
split_gain=13.2732 22.0712 15.2993 32.0637 33.1794 25.0051 23.8384 18.0846 16.1545 24.0814 21.9292 14.5297 18.3905 19.0085
threshold=20.258333333333336 5.5000000000000009 18.008333333333336 139.50000000000003 37.81759447000001 34.649999999999999 -182.99999999999997 0.87312765481779575 37.622113575000007 61.500000000000007 62.134116718308341 -8.4999999999999982 335.50000000000006 13.500000000000002
decision_type=2 8 2 10 2 8 8 2 2 10 8 2 8 10
left_child=2 -2 -1 6 5 7 -4 -5 9 10 -8 -3 13 -13
right_child=1 11 3 4 -6 -7 8 -9 -10 -11 -12 12 -14 -15
leaf_value=0.0021122531842569189 -0.5247903047162612 0.35015629083947664 -0.32833995707532804 0.29929197674305263 0.92102793178389575 1.3770514318730505 1.2953550679172745 -1.0467836430250832 1.576794817666086 2.4222273934337037 -0.28916598556164735 -0.67985451170880074 0.00086838861440086048 -0.097120809927209034
leaf_weight=8209 93 127 33 49 51 49 31 134 152 53 97 75 505 268
leaf_count=8209 93 127 33 49 51 49 31 134 152 53 97 75 505 268
internal_value=0.000126927 -0.00303087 0.000507958 0.00493846 -0.00264085 -0.00746781 0.0107902 -0.0125543 0.0132036 0.00708791 0 -0.00169057 -0.00310954 -0.0084593
internal_weight=9926 1068 8858 649 283 232 366 183 333 181 128 975 848 343
internal_count=9926 1068 8858 649 283 232 366 183 333 181 128 975 848 343
is_linear=0
shrinkage=0.03


Tree=334
num_leaves=15
num_cat=0
split_feature=26 9 37 27 26 32 0 26 16 11 0 39 13 41
split_gain=10.3303 23.6558 25.874 47.8297 33.3619 25.4174 26.9539 25.1279 34.0933 23.4479 26.7943 23.5466 23.0166 21.9158
threshold=37.47437934500001 41.01527559118334 -26.847990317494858 55.689390595000006 37.511715455000008 88.500000000000014 282.50000000000006 37.624665930000006 20.500000000000004 1.0000000180025095e-35 -51.499999999999993 98.550998885008354 -13.499999999999998 71.500000000000014
decision_type=2 10 8 2 2 2 2 2 8 8 2 8 10 10
left_child=12 2 3 -2 -5 6 -3 8 -4 10 -6 -12 13 -1
right_child=1 5 7 4 9 -7 -8 -9 -10 -11 11 -13 -14 -15
leaf_value=0.054977822464379447 -0.34948079741958055 0.010102433897664105 -0.28049100599479798 1.0219633790062834 0.10088398349298217 0.36871530066683056 -0.56264497792536694 0.042222636496790714 0.0063902536551027414 0.15342552187697611 -0.0068214251229188954 -1.5528615392447909 0.00091638918035540388 1.8938539420415688
leaf_weight=716 1002 2436 581 135 167 282 101 1290 452 69 115 150 2418 116
leaf_count=716 1002 2436 581 135 167 282 101 1290 452 69 115 150 2418 116
internal_value=0.000215332 -0.000451261 -0.00194599 -0.00483221 0.00160126 0.00164894 0.0006974 9.03614e-05 -0.00339458 -0.00197211 -0.00457275 -0.0104887 0.00160566 0.00590636
internal_weight=10030 6780 3961 1638 636 2819 2537 2323 1033 501 432 265 3250 832
internal_count=10030 6780 3961 1638 636 2819 2537 2323 1033 501 432 265 3250 832
is_linear=0
shrinkage=0.03


Tree=335
num_leaves=15
num_cat=0
split_feature=0 10 31 20 14 0 23 37 1 15 26 27 0 39
split_gain=15.3422 20.252 20.4837 19.1939 20.3667 22.2377 19.344 19.0369 18.8556 18.4612 17.4767 31.3877 21.3605 20.8163
threshold=11.500000000000002 0.91666666666666685 47.500000000000007 18.07321428571429 21.599999999999998 319.50000000000006 0.053101503759398504 190.72459715463859 11.522861450000002 116.00548346600002 37.411881995000009 55.711421800000004 42.500000000000007 102.22337788253334
decision_type=2 10 2 10 8 2 2 10 2 10 2 2 2 10
left_child=-1 2 7 4 5 6 -4 10 -8 -5 -2 12 13 -12
right_child=1 -3 3 9 -6 -7 8 -9 -10 -11 11 -13 -14 -15
leaf_value=0.0060914938504278721 0.50303644120558544 -0.23837978847084926 -2.5661368139144249 0.2750294976391196 0.076408396073600213 -0.5375763944959675 0.026484458483587617 0.3036568034584623 -0.1697268017571715 -0.038117405597249673 -0.11621953577154918 -0.734267075782572 -0.3495359973059422 0.44032158345804062
leaf_weight=4675 51 153 37 682 1024 160 1039 160 582 219 285 333 535 145
leaf_count=4675 51 153 37 682 1024 160 1039 160 582 219 285 333 535 145
internal_value=-7.14215e-05 -0.00115982 -0.000845231 0.000344551 -0.000865283 -0.00277075 -0.00173599 -0.0037947 -0.00123921 0.00415743 -0.00495556 -0.0056351 -0.0028882 0.00208817
internal_weight=10080 5405 5252 3743 2842 1818 1658 1509 1621 901 1349 1298 965 430
internal_count=10080 5405 5252 3743 2842 1818 1658 1509 1621 901 1349 1298 965 430
is_linear=0
shrinkage=0.03


Tree=336
num_leaves=15
num_cat=0
split_feature=21 36 2 36 27 9 2 38 38 27 35 9 32 34
split_gain=15.8226 13.0624 19.2662 13.2369 24.3037 38.1766 23.9632 28.2681 23.588 23.7576 23.1414 46.5478 22.404 21.7037
threshold=68.750000000000014 36.073684210526316 21.425000000000004 26.368115942028989 55.62614872000001 122.78133068184168 18.258333333333336 55.500000000000007 179.50000000000003 55.744717860000009 4025.5457955398824 86.041758057766671 19.500000000000004 4255.0555570520009
decision_type=10 10 2 8 2 8 2 10 10 2 10 10 2 10
left_child=1 3 -3 4 6 -6 -1 -8 13 10 11 -10 -12 -5
right_child=-2 2 -4 8 5 -7 7 -9 9 -11 12 -13 -14 -15
leaf_value=0.29738036887273894 0.069807538735412081 0.30888218777784887 -0.11124511863985184 -0.017733602805578546 -0.0078145358786069607 1.5819904590137377 1.4536261467791256 -0.52559200161085462 0.92490572214095745 0.66911254820034716 0.0061133362143423889 -0.20156498286245558 -1.7405737445313514 0.26893115045260685
leaf_weight=546 36 142 30 2314 6129 56 40 130 164 90 83 72 82 121
leaf_count=546 36 142 30 2314 6129 56 40 130 164 90 83 72 82 121
internal_value=-0.000122559 -0.000195 0.00797688 -0.000338828 0.000378151 -0.000227934 0.00560669 -0.00421053 -0.00202938 0.00396341 0.000820896 0.00683544 -0.00777108 -0.00323892
internal_weight=10035 9999 172 9827 6901 6185 716 170 2926 491 401 236 165 2435
internal_count=10035 9999 172 9827 6901 6185 716 170 2926 491 401 236 165 2435
is_linear=0
shrinkage=0.03


Tree=337
num_leaves=15
num_cat=0
split_feature=40 40 26 34 37 26 40 0 39 24 37 40 16 27
split_gain=15.6358 20.2338 15.2848 16.8696 13.4766 24.1086 23.5776 19.7478 26.5399 23.4376 21.5115 19.6662 24.9528 22.5349
threshold=920.50000000000011 782.50000000000011 37.858991355000008 1460.0000000000002 -23.176787718690374 37.644903300000003 -179.49999999999997 -1.0000000180025095e-35 134.90842472443336 1.0054834660000003 120.75010174635493 36.500000000000007 27.500000000000004 55.647441485000009
decision_type=10 10 2 10 10 2 8 2 8 10 10 10 10 2
left_child=1 2 4 -4 5 -1 -7 8 10 -10 -6 12 13 -8
right_child=-2 -3 3 -5 7 6 11 -9 9 -11 -12 -13 -14 -15
leaf_value=-0.00045551055813616566 -0.13100210627545028 0.59071431118249496 0.19237119844250969 -0.084240977453006419 0.44668151357786445 -1.401345054014723 0.017628387503994088 -0.0045176541596886463 0.62416446733591913 -0.21972790499269024 1.8862840832309293 -0.28705270515651815 0.38962078235208258 -0.25630044997800139
leaf_weight=3528 34 34 134 74 264 86 641 3313 49 235 77 604 201 843
leaf_count=3528 34 34 134 74 264 86 641 3313 49 235 77 604 201 843
internal_value=-0.000554457 -0.000484927 -0.000564179 0.00746411 -0.000734607 -0.00164126 -0.00397727 0.000624524 0.00551118 -0.00126316 0.0111404 -0.00339301 -0.00172598 -0.00307071
internal_weight=10117 10083 10049 208 9841 5903 2375 3938 625 284 341 2289 1685 1484
internal_count=10117 10083 10049 208 9841 5903 2375 3938 625 284 341 2289 1685 1484
is_linear=0
shrinkage=0.03


Tree=338
num_leaves=15
num_cat=0
split_feature=37 2 27 38 2 0 14 27 13 38 14 31 2 6
split_gain=13.6574 13.3401 13.6388 17.2019 11.5088 19.9719 21.344 21.0105 20.8638 19.8837 19.5499 17.7463 16.209 26.8883
threshold=956.0499789232947 2.4250000000000003 55.625296430000006 115.50000000000001 20.758333333333336 99.500000000000014 30.800000000000001 55.613787210000005 131.50000000000003 191.50000000000003 4.9999999999999938 30.500000000000004 18.091666666666672 3.5000000000000004
decision_type=10 2 2 10 2 2 10 2 10 8 8 2 2 2
left_child=1 2 3 -1 12 6 7 -6 -7 -10 -11 -9 -3 -14
right_child=-2 4 -4 -5 5 8 -8 11 9 10 -12 -13 13 -15
leaf_value=-0.024017352457206213 0.072140576673433876 -0.0004418452413920807 -0.034496877314919121 1.4658558347448636 0.53029280972363957 -1.210836108599181 0.093991829626220921 -0.00045145332269660754 -0.76576906810998158 1.4160412274407204 -0.03418719654673559 -0.10335524843593953 -0.19059753229735718 0.30414517775456573
leaf_weight=50 101 7987 193 30 72 91 40 349 50 34 64 160 80 690
leaf_count=50 101 7987 193 30 72 91 40 349 50 34 64 160 80 690
internal_value=-3.90312e-05 -0.000151653 -0.00667883 0.0037037 3.43107e-05 -0.00327526 -0.000434084 -0.00190722 -0.010625 -0.00362416 0.00424242 -0.00405882 0.000359671 0.00451362
internal_weight=9991 9890 273 80 9617 860 621 581 239 148 98 509 8757 770
internal_count=9991 9890 273 80 9617 860 621 581 239 148 98 509 8757 770
is_linear=0
shrinkage=0.03


Tree=339
num_leaves=15
num_cat=0
split_feature=2 9 28 18 26 18 9 18 2 21 32 18 21 36
split_gain=14.866 14.7818 17.222 15.1602 15.015 18.7385 14.6404 17.28 13.6033 9.90782 11.016 9.99341 15.8619 12.1004
threshold=2.4250000000000003 2.9021212548083337 0.026896812108079718 4644.2351104200452 37.423319860000007 2441.4905957309993 13.974214364491669 15096.981061814129 20.025000000000002 65.850000000000009 -1.0000000180025095e-35 8682.1565343249767 40.350000000000001 25.986512027491411
decision_type=2 10 2 10 2 8 10 10 2 10 2 10 10 8
left_child=6 2 3 4 8 -6 -1 -8 -2 11 -11 13 -13 -3
right_child=1 9 -4 -5 5 -7 7 -9 -10 10 -12 12 -14 -15
leaf_value=-0.039337640950458275 1.0227488685415804 0.0023581830365935019 -0.054224624224909979 0.96352804460059638 0.08992955084361412 -0.11892311410485021 0.011179846336526765 -0.16477498805313734 -0.029953454591694777 -0.037781658563150203 0.04234923010919351 0.042197152154867287 -0.087296078732041871 -0.014239757270021896
leaf_weight=136 83 6397 65 47 370 117 114 34 31 37 35 111 44 2478
leaf_count=136 83 6397 65 47 370 117 114 34 31 37 35 111 44 2478
internal_value=-0.000193069 3.05623e-06 0.00415966 0.00563945 0.00433555 0.00202869 -0.00694737 -0.000402685 0.014087 -0.00032297 0.0106849 -0.000411915 0.00711538 -0.000544164
internal_weight=10099 9815 713 648 601 487 284 148 114 9102 72 9030 155 8875
internal_count=10099 9815 713 648 601 487 284 148 114 9102 72 9030 155 8875
is_linear=0
shrinkage=0.03


Tree=340
num_leaves=15
num_cat=0
split_feature=2 0 16 14 3 31 27 31 34 13 40 9 41 27
split_gain=25.6379 17.0795 15.1883 15.5674 20.5744 18.1838 30.5679 18.7151 17.3399 14.7154 25.5818 22.9351 21.8449 20.7367
threshold=2.4250000000000003 183.50000000000003 23.500000000000004 37.899999999999984 1.0000000180025095e-35 125.50000000000001 55.632439305000005 140.50000000000003 1269.5000000000002 -127.49999999999999 277.00000000000006 55.907688832983339 -38.499999999999993 55.67592130500001
decision_type=2 2 10 10 2 2 2 2 8 8 10 8 8 2
left_child=-1 9 3 5 -5 6 -3 -7 -9 10 11 13 -13 -2
right_child=1 2 -4 4 -6 7 -8 8 -10 -11 -12 12 -14 -15
leaf_value=-0.030773095787114093 -1.6626473428587283 0.32079530815042695 -0.56701396185587316 0.59829620333009437 -0.26567332007816902 0.88192369011339999 -0.74943672245234605 0.20125004602284832 -0.12942780958672259 0.0095834292983530463 0.8343413801728925 0.37787495699010326 -0.20515014549594673 -0.28736861725925039
leaf_weight=291 118 47 158 129 34 47 145 70 788 7795 61 92 85 194
leaf_count=291 118 47 158 129 34 47 145 70 788 7795 61 92 85 194
internal_value=-0.000179015 8.29578e-05 -0.00295983 -0.00185567 0.00676829 -0.00314208 -0.0115026 -0.00135762 -0.00237485 0.000600288 -0.00413793 -0.00642857 0.00219101 -0.0113099
internal_weight=10054 9763 1418 1260 163 1097 192 905 858 8345 550 489 177 312
internal_count=10054 9763 1418 1260 163 1097 192 905 858 8345 550 489 177 312
is_linear=0
shrinkage=0.03


Tree=341
num_leaves=15
num_cat=0
split_feature=2 2 8 39 0 16 27 18 18 35 13 39 26 34
split_gain=11.8652 17.9791 33.951 28.1312 24.7614 16.8769 35.3471 28.001 19.5642 15.8926 14.7769 25.4885 36.8341 14.6407
threshold=2.4250000000000003 5.3916666666666684 8.5000000000000018 53.062351403558345 -61.499999999999993 15.500000000000002 55.647859055000005 4782.2910704769238 3497.1191982590321 247.07696797827279 2.5000000000000004 65.158333333333346 37.479357640000011 2584.8798409105007
decision_type=2 2 2 10 2 10 2 10 10 10 10 10 2 10
left_child=13 2 3 4 -2 6 -6 -7 -8 -4 -5 -12 -13 -1
right_child=1 -3 9 10 5 7 8 -9 -10 -11 11 12 -14 -15
leaf_value=-0.027225262746314975 2.4876461199733222 -0.0058418297715521657 -0.0026691511880194961 -9.2513460666641118e-05 -0.15223460460792407 -0.60008773681651106 0.47038029145672022 0.046359186906279846 -0.018599641705869641 0.76987990346147195 1.4156165240675911 1.1226231599696059 -0.70779605157464032 0.57320833835245577
leaf_weight=268 53 8362 63 131 94 377 158 44 63 201 67 108 48 32
leaf_count=268 53 8362 63 131 94 377 158 44 63 201 67 108 48 32
internal_value=-0.00031281 -0.000132037 0.00300426 0.00076049 -0.00239241 -0.00382632 0.00142405 -0.00774882 0.00797297 0.0126792 0.00777465 0.0124554 0.00573248 -0.0061794
internal_weight=10069 9769 1407 1143 789 736 315 421 221 264 354 223 156 300
internal_count=10069 9769 1407 1143 789 736 315 421 221 264 354 223 156 300
is_linear=0
shrinkage=0.03


Tree=342
num_leaves=15
num_cat=0
split_feature=36 27 39 20 13 18 6 8 20 9 39 39 40 35
split_gain=11.646 9.37924 20.1675 18.4474 30.7527 24.043 24.8498 17.3777 26.9214 17.3376 17.3304 17.1258 22.1852 17.0997
threshold=44.391303158009968 55.696490845000007 593.01666666666677 9.9366596638655498 -90.499999999999986 3291.3967329679713 6.5000000000000009 2.5000000000000004 12.479871175523352 297.50000000000006 24.94166666666667 44.13342472443334 -85.499999999999986 3217.6587011885035
decision_type=10 2 10 10 10 10 2 2 10 8 8 8 8 10
left_child=1 9 3 10 -5 7 -7 8 -6 -1 -3 12 -12 -9
right_child=-2 2 -4 4 5 6 -8 13 -10 -11 11 -13 -14 -15
leaf_value=-0.013808979278232556 0.12262004621700122 0.61710670063574014 -1.1212051895620581 0.96868250250253796 1.3806798472933655 0.15999170077206804 -0.41328968888759343 -0.014509042332779715 -0.0026047657506446595 -0.24352529985997801 0.0834450077107185 -0.00059904618361935637 -0.56593648374579708 0.36713574325880427
leaf_weight=6182 31 72 30 134 186 131 238 814 142 80 111 1404 169 318
leaf_count=6182 31 72 30 134 186 131 238 814 142 80 111 1404 169 318
internal_value=-0.000256895 -0.000314622 0.000872 0.00107258 0.00307026 0.00204918 -0.00478378 0.00377823 0.00984802 -0.00102507 -0.00116107 -0.00178042 -0.00854093 0.00201236
internal_weight=10042 10011 3749 3719 1963 1829 369 1460 328 6262 1756 1684 280 1132
internal_count=10042 10011 3749 3719 1963 1829 369 1460 328 6262 1756 1684 280 1132
is_linear=0
shrinkage=0.03


Tree=343
num_leaves=15
num_cat=0
split_feature=6 35 26 0 0 8 27 27 0 24 31 32 8 14
split_gain=10.933 22.0488 14.5812 12.8441 14.6611 14.5863 12.0376 11.9318 11.9112 21.6141 19.7557 19.6547 16.4326 23.5968
threshold=9.5000000000000018 14074.030458411775 37.74373523500001 -1.0000000180025095e-35 106.50000000000001 2.5000000000000004 55.659975495000005 55.693304175000009 180.50000000000003 44.500000000000007 110.50000000000001 -323.99999999999994 3.5000000000000004 -3.4000000000000052
decision_type=2 10 2 2 2 2 2 2 2 10 2 2 2 8
left_child=8 2 3 7 5 -5 -6 -2 12 10 11 -10 -1 -14
right_child=1 -3 -4 4 6 -7 -8 -9 9 -11 -12 -13 13 -15
leaf_value=-0.014572787328481364 0.34660779959953031 -0.027459271964007902 3.4251558783151763 -0.00081267904208330881 -0.029075283749468869 -0.81035097567355019 1.0775088565441833 0.85768663207116747 -0.79398564718699216 -0.6445093847118164 -0.01346246877101592 -0.26929801158380517 0.047213778739127785 -0.002959680338730977
leaf_weight=4816 157 67 55 234 35 32 51 30 57 63 1122 182 1088 2014
leaf_count=4816 157 67 55 234 35 32 51 30 57 63 1122 182 1088 2014
internal_value=-0.000326869 0.00339879 0.0052437 0.00372222 0.000339943 -0.00314607 0.0110345 0.0100532 -0.000590817 -0.00311579 -0.00231278 -0.010125 -0.000136381 0.00156623
internal_weight=10003 661 594 539 352 266 86 187 9342 1424 1361 239 7918 3102
internal_count=10003 661 594 539 352 266 86 187 9342 1424 1361 239 7918 3102
is_linear=0
shrinkage=0.03


Tree=344
num_leaves=15
num_cat=0
split_feature=5 18 39 41 5 39 27 36 3 22 41 40 40 26
split_gain=13.9728 17.348 14.8631 14.002 19.3359 20.2694 18.7407 17.0324 15.8128 21.1028 15.7264 15.3549 18.3874 19.2535
threshold=1.5000000000000002 1948.3160041284345 26.148098799708336 35.500000000000007 3.5000000000000004 93.569749907883349 55.730009970000005 21.031111111111116 1.0000000180025095e-35 0.2251760563380282 -17.499999999999996 16.500000000000004 -103.49999999999999 37.726516565000004
decision_type=2 8 8 8 2 10 2 10 2 8 10 10 10 2
left_child=1 2 -1 4 8 10 7 -7 11 -10 -6 12 -2 -14
right_child=3 -3 -4 -5 5 6 -8 -9 9 -11 -12 -13 13 -15
leaf_value=1.401472125084481 -0.35785502567885102 -0.0049998656164355988 0.10003540460234091 0.00024952118461770919 1.8955320572559562 0.36365244725257445 -0.261076564410684 -0.41554874788529184 0.1969755648794943 -0.091367344657262609 -0.35584568121376248 -0.35118028951705299 0.042407817282136828 -0.99428792477002859
leaf_weight=61 574 1844 1795 4310 58 46 57 36 63 55 31 354 672 72
leaf_count=61 574 1844 1795 4310 58 46 57 36 63 55 31 354 672 72
internal_value=-5.38439e-05 0.00141043 0.00345719 -0.000910096 -0.00297177 0.00524017 -0.00192857 0.00722892 -0.0040201 0.00655462 0.0163333 -0.00476987 -0.00327521 -0.000161074
internal_weight=10028 3700 1856 6328 2018 228 139 82 1790 118 89 1672 1318 744
internal_count=10028 3700 1856 6328 2018 228 139 82 1790 118 89 1672 1318 744
is_linear=0
shrinkage=0.03


Tree=345
num_leaves=15
num_cat=0
split_feature=37 34 0 39 14 39 0 31 23 14 1 21 39 39
split_gain=15.9066 25.8832 18.7066 20.9836 20.923 25.9894 16.7144 20.5512 27.2612 19.7285 15.8269 15.6279 18.7603 35.5893
threshold=81.177827455905984 1398.0000000000002 -1.0000000180025095e-35 138.65833333333336 17.250000000000004 138.20833333333334 156.50000000000003 99.250000000000014 0.92330316742081464 5.4000000000000146 10.984724408333335 45.850000000000001 77.924537077183359 71.483333333333348
decision_type=10 10 2 8 10 10 2 2 2 8 2 8 8 10
left_child=6 2 3 -2 -4 -6 11 9 -9 -8 -5 12 13 -1
right_child=1 -3 4 10 5 -7 7 8 -10 -11 -12 -13 -14 -15
leaf_value=0.009576341868386783 1.1417617986656989 -1.3581443097753521 -0.003723954585994207 0.65544403210154878 0.05540706411778832 1.0926420366093526 -0.01326810814032214 -0.34329968091740654 0.076218442976348222 -0.69201786616859906 -0.22190326161438009 0.0061410778946636314 -0.020124222898067753 0.64514628288301545
leaf_weight=1775 126 36 1457 41 509 113 75 393 412 130 81 463 4105 283
leaf_count=1775 126 36 1457 41 509 113 75 393 412 130 81 463 4105 283
internal_value=4.5e-05 0.00219543 0.00259021 0.0103614 0.00165865 0.00626003 -0.000620663 -0.00421365 -0.00204715 -0.0126699 0.00146341 -7.2431e-05 -0.000472096 0.00186498
internal_weight=9999 2363 2327 248 2079 622 7636 1010 805 205 122 6626 6163 2058
internal_count=9999 2363 2327 248 2079 622 7636 1010 805 205 122 6626 6163 2058
is_linear=0
shrinkage=0.03


Tree=346
num_leaves=15
num_cat=0
split_feature=21 6 27 16 2 36 35 18 38 26 0 39 35 2
split_gain=18.39 14.4128 13.859 27.0318 39.1185 26.0571 13.7276 29.4815 24.1351 22.2523 24.2271 24.2955 22.5695 31.0779
threshold=68.750000000000014 8.5000000000000018 55.545383390000005 16.500000000000004 12.008333333333335 26.69082597730139 3243.9509700166091 2577.9920129703596 256.50000000000006 37.367299270000011 359.50000000000006 38.353083241216673 5796.9290833362693 18.425000000000004
decision_type=10 2 2 10 2 8 8 10 10 2 2 8 10 2
left_child=1 2 3 5 -5 -1 7 8 -4 12 11 -11 13 -8
right_child=-2 -3 6 4 -6 -7 9 -9 -10 10 -12 -13 -14 -15
leaf_value=0.084167320137318757 0.10237096003621089 0.013794099984563902 6.2256074124018563e-05 3.6623301292492201 -0.8205968825025024 -2.010225228806763 -0.057643580743281825 -0.50326049796656047 -0.12739421871138276 -0.17068564268083219 -0.31854623321152076 0.02795549654218929 -0.039826463356391388 1.2411086473988022
leaf_weight=46 36 2375 4084 37 47 83 50 428 443 44 151 2000 163 39
leaf_count=46 36 2375 4084 37 47 83 50 428 443 44 151 2000 163 39
internal_value=-2.99192e-05 -0.000108097 -0.000744485 -0.00827103 0.00494118 -0.0168462 -0.000526813 -0.00143462 -0.000722173 0.00131127 0.00228142 0.00313936 -0.00711462 0.005
internal_weight=10026 9990 7615 213 84 129 7402 4955 4527 2447 2195 2044 252 89
internal_count=10026 9990 7615 213 84 129 7402 4955 4527 2447 2195 2044 252 89
is_linear=0
shrinkage=0.03


Tree=347
num_leaves=15
num_cat=0
split_feature=36 5 40 24 25 41 40 18 36 36 35 38 36 19
split_gain=10.7586 10.2563 16.4009 16.8017 13.6505 12.4001 18.2693 13.7626 12.576 19.174 11.0825 17.0337 10.9305 17.1698
threshold=44.391303158009968 1.5000000000000002 -164.49999999999997 12.943318116000002 211.50000000000003 715.50000000000011 228.50000000000003 118.51997204039945 20.000471698113213 27.644193548387101 1029.3434966194015 154.50000000000003 27.032651417525773 125.62182443234006
decision_type=10 2 8 10 2 10 10 8 8 8 8 8 8 10
left_child=1 2 3 4 -1 6 7 -4 -8 -10 11 -9 -12 -14
right_child=-2 -3 5 -5 -6 -7 8 10 9 -11 12 -13 13 -15
leaf_value=0.82625827766040283 0.17596372378512276 -0.010442766819615241 -0.43332566487784124 -0.20789071224418992 -0.14818310189519365 -0.23102191384777773 1.0592460054400092 0.079965387161161194 -0.22094659055644655 2.3245388789073256 0.029238383742629246 0.8776328229532725 -0.044827992803868351 0.0019512876506610883
leaf_weight=150 30 6270 50 30 37 37 62 143 65 36 2170 53 406 515
leaf_count=150 30 6270 50 30 37 37 62 143 65 36 2170 53 406 515
internal_value=-0.000226753 -0.000281297 0.000958722 0.00894495 0.0122872 0.000466365 0.000651243 0.000170761 0.0104268 0.00382353 0.000410584 0.00730964 -2.91074e-05 -0.00276573
internal_weight=10054 10024 3754 217 187 3537 3500 3337 163 101 3287 196 3091 921
internal_count=10054 10024 3754 217 187 3537 3500 3337 163 101 3287 196 3091 921
is_linear=0
shrinkage=0.03


Tree=348
num_leaves=15
num_cat=0
split_feature=22 12 16 37 36 22 24 12 41 39 24 27 28 0
split_gain=9.96159 25.4888 16.4154 16.7839 26.4131 24.4055 15.7598 17.2316 16.6459 14.8464 18.6825 17.1266 14.5234 15.4529
threshold=0.22599846390168973 -189.99999999999997 26.500000000000004 86.817704622263605 26.234274711168165 0.15424266455194294 5.8332030500000007 34.500000000000007 1.0000000180025095e-35 136.42371424166669 10.765768893000002 55.613994790000007 0.55692194403534623 11.500000000000002
decision_type=8 8 8 8 10 10 10 8 8 8 10 2 2 2
left_child=1 -1 3 9 -5 -6 -4 8 -8 10 -3 -11 13 -2
right_child=12 2 6 4 5 -7 7 -9 -10 11 -12 -13 -14 -15
leaf_value=-1.9006965774988709 0.0033919227572725419 -0.0018942898981886458 0.87042207199031296 0.21550518519200612 -0.47277115542481096 0.20929265442554376 0.37156447795205721 1.1216500707896035 -0.33303527097656827 1.0214790569039607 0.44503467462514906 -0.10213819371940777 -0.14811582542832261 -0.061266597455162525
leaf_weight=55 3228 926 209 550 89 67 55 53 69 59 183 702 42 3778
leaf_count=55 3228 926 209 550 89 67 55 53 69 59 183 702 42 3778
internal_value=-0.000140076 0.00130219 0.00168073 0.000814901 0.00475248 -0.00611465 0.00744186 0.000842697 -0.00528 -0.000673437 0.00154054 -0.00389764 -0.000757554 -0.000650778
internal_weight=10065 3017 2962 2576 706 156 386 177 124 1870 1109 761 7048 7006
internal_count=10065 3017 2962 2576 706 156 386 177 124 1870 1109 761 7048 7006
is_linear=0
shrinkage=0.03


Tree=349
num_leaves=15
num_cat=0
split_feature=36 11 0 38 12 14 18 13 0 37 37 41 26 34
split_gain=13.0016 17.1607 11.111 12.1965 14.3254 11.9836 24.5805 17.0319 23.4849 24.5573 15.6661 14.3669 28.0726 18.2676
threshold=36.073684210526316 1.0000000180025095e-35 359.50000000000006 28.500000000000004 352.50000000000006 17.250000000000004 657.51585534144226 -180.99999999999997 -30.499999999999996 354.50952896425179 -646.50942774864689 53.500000000000007 37.451755900000009 1931.9433181160002
decision_type=10 10 2 8 10 10 10 10 2 10 10 10 2 8
left_child=2 -2 5 -4 -5 -1 10 -8 -9 11 -7 -10 -13 -14
right_child=1 -3 3 4 -6 6 7 8 9 -11 -12 12 13 -15
leaf_value=-0.005503816649858777 0.42483680618367342 -0.05706544119742428 0.13195673967686927 -0.43691029645191548 0.0063555826072890283 0.043044988669336988 -0.44345603392341965 0.91456236900510568 -0.014154733760622006 0.73949019425595575 -0.34016429311110757 0.62833122308312306 0.42125361944301604 -0.13252439050584139
leaf_weight=7820 102 59 66 147 84 55 34 104 666 97 144 224 56 314
leaf_count=7820 102 59 66 147 84 55 34 104 666 97 144 224 56 314
internal_value=-9.62599e-05 0.00833333 -0.000235426 -0.0059396 -0.00918103 -5.67525e-05 0.00223009 0.00354947 0.00404241 0.00298233 -0.00765 0.00185567 0.0052437 0.000161725
internal_weight=9972 161 9811 297 231 9514 1694 1495 1461 1357 199 1260 594 370
internal_count=9972 161 9811 297 231 9514 1694 1495 1461 1357 199 1260 594 370
is_linear=0
shrinkage=0.03


Tree=350
num_leaves=15
num_cat=0
split_feature=2 2 9 18 35 32 27 27 31 1 27 9 39 36
split_gain=15.2247 16.2411 15.5405 14.4539 10.9748 10.5917 19.1791 23.4216 17.89 16.5502 14.6741 29.1919 25.5574 26.211
threshold=2.2083333333333339 1.6583333333333334 14.959310950450002 11926.67829432719 12829.259981131459 58.500000000000007 55.841428305000008 55.738747010000004 393.50000000000006 11.237888300000002 55.572060790000002 42.71520926929167 69.033333333333346 29.192234848484851
decision_type=2 2 10 10 10 2 2 2 2 2 2 10 8 10
left_child=1 2 -1 5 -4 8 7 9 -2 10 11 12 -7 -14
right_child=3 -3 4 -5 -6 6 -8 -9 -10 -11 -12 -13 13 -15
leaf_value=-0.02342701635640201 -0.0027073223390519504 -0.17870667574062196 0.019023567318182836 0.054964993311149596 -0.38983288137192951 1.3841711971909614 -0.56844968053850342 0.65847238219112392 -1.1126018784746474 -0.081997038901344577 0.15919110796230715 -2.3189977233847836 0.010862293911091267 -1.4617504688031895
leaf_weight=89 6926 43 80 52 32 69 42 280 57 715 1386 45 118 37
leaf_count=89 6926 43 80 52 32 69 42 280 57 715 1386 45 118 37
internal_value=3.91095e-05 -0.00734694 -0.00371287 0.000225123 0.00371681 0.00013952 0.00173784 0.0020596 -0.000476804 0.00108815 0.00273551 -0.00366667 0.0008 -0.00596154
internal_weight=9971 244 201 9727 112 9675 2692 2650 6983 2370 1655 269 224 155
internal_count=9971 244 201 9727 112 9675 2692 2650 6983 2370 1655 269 224 155
is_linear=0
shrinkage=0.03


Tree=351
num_leaves=15
num_cat=0
split_feature=0 40 24 26 38 17 31 26 40 18 17 32 21 37
split_gain=15.429 13.0216 12.9665 11.3703 27.6449 21.0209 13.9733 10.7641 10.512 10.4963 10.4228 11.5761 17.5119 31.6364
threshold=359.50000000000006 -320.49999999999994 9.118590127500001 37.833310065000006 -126.49999999999999 53.471290500000009 62.500000000000007 37.855844990000008 -33.499999999999993 2191.3914303377846 -603.43138199999987 -974.49999999999989 8.4500000000000011 -365.69310402919376
decision_type=2 8 10 2 10 10 2 2 10 10 8 2 10 10
left_child=1 -1 -2 10 -5 6 7 8 -6 -9 -3 12 -12 -14
right_child=2 3 -4 4 5 -7 -8 9 -10 -11 11 -13 13 -15
leaf_value=0.30860302904231945 -0.074746253631756202 -0.063957981953812928 -0.36121109855780714 1.4688533979424216 0.55439309964861816 1.0076714350639249 0.88466503236757954 -0.27031733353233012 -0.11943603003325015 0.53846822121628468 0.093414319588091863 -0.0053395474841164865 -0.45808869526004314 0.38869724120188898
leaf_weight=80 214 126 107 59 44 48 30 128 55 35 583 8442 62 33
leaf_count=80 214 126 107 59 44 48 30 128 55 35 583 8442 62 33
internal_value=-0.0003404 -0.000126465 -0.00680124 -0.000227037 0.004725 0.00140762 -0.00163823 -0.00387833 0.0039 -0.00859756 -0.000441224 -0.000322333 0.00344624 -0.0084375
internal_weight=10046 9725 321 9645 399 340 292 262 99 163 9246 9120 678 95
internal_count=10046 9725 321 9645 399 340 292 262 99 163 9246 9120 678 95
is_linear=0
shrinkage=0.03


Tree=352
num_leaves=15
num_cat=0
split_feature=37 17 0 9 14 27 37 8 31 14 31 24 31 0
split_gain=12.9765 10.9017 10.6296 15.3835 17.6719 15.3078 17.5341 21.5542 13.1208 11.6996 10.7853 46.2997 23.5715 16.1749
threshold=956.0499789232947 -603.43138199999987 216.50000000000003 41.01527559118334 33.149999999999999 55.575642425000005 36.141969760665752 14.500000000000002 204.50000000000003 17.700000000000006 47.500000000000007 689.50000000000011 41.500000000000007 38.500000000000007
decision_type=10 8 2 10 10 2 8 2 2 10 2 10 2 2
left_child=1 -1 10 4 8 -5 7 -7 -4 -8 12 -12 -3 -14
right_child=-2 2 3 5 -6 6 9 -9 -10 -11 11 -13 13 -15
leaf_value=-0.073878929803707152 0.069527984479012164 -0.0018820109497316934 -0.35335045249366903 -1.878649345964279 0.28536786373348094 -1.1066497723112649 -0.05414285411104295 0.024521791689717246 0.0067107525547351089 0.68185250433170408 0.043393964867059362 -0.45406504399339942 -0.0025431110226076469 -0.54707441341942287
leaf_weight=124 104 5423 196 53 154 97 106 73 333 37 3061 89 84 133
leaf_count=124 104 5423 196 53 154 97 106 73 333 37 3061 89 84 133
internal_value=-0.000205602 -0.000316138 -0.000204268 -0.00305714 -0.000394737 -0.0080109 -0.00544586 -0.0119298 -0.003 0.00229167 0.000136503 0.00154237 -0.000648821 -0.0103211
internal_weight=10067 9963 9839 1049 683 366 313 170 529 143 8790 3150 5640 217
internal_count=10067 9963 9839 1049 683 366 313 170 529 143 8790 3150 5640 217
is_linear=0
shrinkage=0.03


Tree=353
num_leaves=15
num_cat=0
split_feature=37 24 8 0 5 18 39 23 15 8 23 35 38 15
split_gain=12.4742 11.6195 11.6655 21.9082 11.2284 14.5842 14.2907 13.7462 15.9678 15.0512 16.8677 17.9805 16.6886 16.1295
threshold=1096.7152459505066 2154.3332030500005 2.5000000000000004 -126.49999999999999 1.5000000000000002 2202.2520888110153 47.666666666666671 0.85435606060606062 900.50000000000011 3.5000000000000004 0.9362669245647971 2079.8574271750217 223.50000000000003 87.047003098500014
decision_type=10 10 2 2 2 8 8 2 8 2 2 10 8 8
left_child=1 4 -3 -4 5 7 -7 8 -1 10 11 12 -9 -12
right_child=-2 2 3 -5 -6 6 -8 9 -10 -11 13 -13 -14 -15
leaf_value=-0.24370559752172072 0.067442144944641874 0.00029771878818447503 0.82241254401341901 -0.047106720343533463 -0.010046951048764118 -1.9748520406118888 -0.0049680897597265024 -0.36246648879891247 0.037096389075770418 0.26730249015004298 -0.52376813719473214 0.32634850142926197 3.0901569637590538 0.010014645566758559
leaf_weight=118 66 174 31 165 6085 30 1481 133 65 674 129 721 31 145
leaf_count=118 66 174 31 165 6085 30 1481 133 65 674 129 721 31 145
internal_value=-0.000364215 -0.000450766 -0.00566038 -0.0106599 -0.000249662 0.00109694 -0.00113095 0.00276648 -0.00505435 0.00354962 0.00147414 0.00348758 -0.00545455 -0.00501818
internal_weight=10048 9982 370 196 9612 3527 1511 2016 183 1833 1159 885 164 274
internal_count=10048 9982 370 196 9612 3527 1511 2016 183 1833 1159 885 164 274
is_linear=0
shrinkage=0.03


Tree=354
num_leaves=15
num_cat=0
split_feature=17 2 20 0 26 27 32 2 38 9 2 38 2 2
split_gain=12.7634 13.0007 18.0693 22.298 20.7996 15.3458 38.7563 38.3979 29.4696 27.6261 22.0539 20.2647 18.6578 15.7357
threshold=-603.43138199999987 20.758333333333336 12.329705882352945 -23.499999999999996 37.497396360000003 55.739195915000003 -286.49999999999994 9.9416666666666682 67.500000000000014 31.015275591183336 7.9250000000000016 32.500000000000007 7.0916666666666677 13.758333333333335
decision_type=8 2 8 2 2 2 2 2 10 8 2 8 2 2
left_child=-1 5 4 -4 -3 -2 9 10 13 12 -8 -11 -7 -9
right_child=1 2 3 -5 -6 6 7 8 -10 11 -12 -13 -14 -15
leaf_value=-0.081466557867142686 -0.0049899063911885092 0.0025695890231611715 0.47069770544659012 -0.0073456224910931579 -0.81975031939002807 0.031063784947790427 0.0080796563318006696 0.22133932419700159 1.7555455813782468 -0.38187901516048239 -0.42663447749257422 0.10611416748977531 -0.24672316531071753 -0.012467685522043297
leaf_weight=132 7532 80 71 589 129 60 354 182 223 49 74 170 227 171
leaf_count=132 7532 80 71 589 129 60 354 182 223 49 74 170 227 171
internal_value=-0.000241935 -0.000118039 -0.00362069 -0.00118003 -0.0112857 0.000218954 0.00297816 0.00638806 0.0114385 -0.00378698 -0.00041958 0.00422727 -0.00989583 0.00601695
internal_weight=10043 9911 869 660 209 9042 1510 1004 576 506 428 219 287 353
internal_count=10043 9911 869 660 209 9042 1510 1004 576 506 428 219 287 353
is_linear=0
shrinkage=0.03


Tree=355
num_leaves=15
num_cat=0
split_feature=2 2 16 22 18 38 16 38 0 16 18 27 32 6
split_gain=11.867 18.7723 18.5008 14.1351 21.9594 13.1637 23.1817 16.5173 16.0837 16.98 16.3215 13.7378 19.0211 12.4748
threshold=22.925000000000004 20.841666666666672 7.5000000000000009 0.17684288905435594 2375.2979666743777 220.50000000000003 23.500000000000004 149.50000000000003 -14.499999999999998 19.500000000000004 2517.7734907805207 55.663635485000007 29.500000000000004 9.5000000000000018
decision_type=2 2 8 8 10 8 8 10 2 10 8 2 2 2
left_child=1 13 -3 -2 -5 6 -4 11 -7 10 -10 12 -8 -1
right_child=3 2 5 4 -6 8 7 -9 9 -11 -12 -13 -14 -15
leaf_value=-0.00523777404442787 1.6224703787358656 -0.3520846095312023 -1.1828321520075171 0.0054395536124674437 -0.3631200838678581 0.55633636584435719 0.40621278452416759 -0.35371128104740118 -0.092909391735674085 0.44394711945921067 -4.9379645743366903e-05 -0.53802433414033524 -0.12717854064631892 0.078943651745134083
leaf_weight=8692 31 100 74 107 39 30 71 35 64 48 180 33 45 495
leaf_count=8692 31 100 74 107 39 30 71 35 64 48 180 33 45 495
internal_value=-0.000430065 -0.000568504 -0.00537445 0.00724719 0.00326531 -0.00330465 -0.00833977 -0.00259459 0.000743034 -0.00143345 -0.00465306 0.0018 0.00666667 -0.000212233
internal_weight=10044 9867 680 177 146 580 258 184 322 292 244 149 116 9187
internal_count=10044 9867 680 177 146 580 258 184 322 292 244 149 116 9187
is_linear=0
shrinkage=0.03


Tree=356
num_leaves=15
num_cat=0
split_feature=21 0 27 2 23 18 18 18 26 2 2 36 26 36
split_gain=10.1535 9.41045 10.9371 19.943 27.6993 31.0935 19.378 32.9126 43.6768 20.1704 21.3444 21.2905 22.2459 28.0354
threshold=68.750000000000014 403.00000000000006 55.696490845000007 3.2750000000000004 0.86501670209535397 5927.3494677637236 4244.5672310436712 2172.0307204738087 37.480191280000007 16.925000000000004 17.508333333333336 17.903667262969591 37.728054620000009 18.106664419917433
decision_type=10 2 2 2 2 10 10 10 2 2 2 8 2 10
left_child=1 2 3 4 5 -1 7 8 -5 11 -11 -10 -13 -14
right_child=-2 -3 -4 6 -6 -7 -8 -9 9 10 -12 12 13 -15
leaf_value=0.27933914063934556 0.10843237985081507 -0.15851932240410654 0.0063435278660383884 0.66296130535319275 -0.29981122208788535 -0.44853343777780896 0.038013195926965941 -0.14737997941828521 0.1934986085872798 -1.2931037521122635 -0.011958217291931916 -0.040208572755699022 -0.012239879447130323 0.60064204017492751
leaf_weight=74 32 174 3614 213 223 72 904 1660 303 116 457 1749 97 287
leaf_count=74 32 174 3614 213 223 72 904 1660 303 116 457 1749 97 287
internal_value=-0.000249599 -0.000304706 -0.000181167 -0.000950292 -0.0077027 0.00244898 -0.000518403 -0.00126562 0.000502637 -0.000428571 -0.0054878 0.000763233 -0.00029522 0.00623377
internal_weight=9975 9943 9769 6155 369 146 5786 4882 3222 3009 573 2436 2133 384
internal_count=9975 9943 9769 6155 369 146 5786 4882 3222 3009 573 2436 2133 384
is_linear=0
shrinkage=0.03


Tree=357
num_leaves=15
num_cat=0
split_feature=37 18 24 38 9 16 31 38 18 18 18 14 19 38
split_gain=9.32001 10.0279 23.1578 23.0986 23.3156 24.386 22.1685 20.6595 19.924 18.5499 14.6498 20.196 18.6574 18.5202
threshold=956.0499789232947 1543.8532591268515 550.5054834660001 -104.49999999999999 61.85723618867501 22.500000000000004 19.500000000000004 88.500000000000014 1584.8225704527028 522.74794199641212 502.03678084227573 2.2000000000000117 111.8070703248648 82.500000000000014
decision_type=10 10 10 8 10 10 2 10 10 10 10 8 10 10
left_child=1 2 3 4 5 -1 7 9 -3 -4 11 -5 -13 -12
right_child=-2 8 6 10 -6 -7 -8 -9 -10 -11 13 12 -14 -15
leaf_value=-0.48943907828822825 0.070394690899591786 -0.58024242447932428 0.064607558245571822 0.040901167915511204 -0.94945291205337756 0.52066168423506365 -0.23730378176430522 -0.42134849883847841 -0.011163901709253814 -0.0047459254159175042 0.053259320074398056 -0.0019778503551843266 -0.22354380459609483 0.24439098201824733
leaf_weight=134 97 114 43 340 84 115 78 40 5840 84 1528 585 118 834
leaf_count=134 97 114 43 340 84 115 78 40 5840 84 1528 585 118 834
internal_value=-0.000328849 -0.000419602 0.000745482 0.00133191 -0.0061976 -0.00156 -0.00817073 -0.00196429 -0.00119899 0.00398438 0.00206988 -0.000890805 -0.00379261 0.00337706
internal_weight=10034 9937 3983 3738 333 249 245 167 5954 127 3405 1043 703 2362
internal_count=10034 9937 3983 3738 333 249 245 167 5954 127 3405 1043 703 2362
is_linear=0
shrinkage=0.03


Tree=358
num_leaves=15
num_cat=0
split_feature=40 40 0 39 35 18 27 16 2 26 41 2 2 35
split_gain=13.2036 11.9908 12.0029 25.1879 19.7493 25.1879 22.5985 33.2925 19.4651 19.3243 37.5738 31.8246 24.3117 31.5984
threshold=920.50000000000011 782.50000000000011 -30.499999999999996 53.578083241216675 3243.9509700166091 2577.9920129703596 55.545383390000005 16.500000000000004 10.608333333333336 37.537139550000006 -136.49999999999997 5.3916666666666684 6.7583333333333337 1212.781194543167
decision_type=10 10 2 8 8 10 2 10 2 2 8 2 2 10
left_child=1 2 3 -1 5 9 7 8 -6 10 -4 -12 13 -13
right_child=-2 -3 4 -5 6 -7 -8 -9 -10 -11 11 12 -14 -15
leaf_value=0.85542175123180564 -0.177967017324453 0.58237806124576552 0.62367640658568613 0.017905238148544386 -1.8277771102277249 -0.38986824496024008 0.006185696048526851 1.0357436878541799 -0.22109273488985415 -0.078844648514580604 0.46306186026755808 0.24295220170860218 -0.0043783062702793885 -1.3607306242321449
leaf_weight=144 31 34 138 1893 70 416 3360 60 78 1934 206 54 1418 145
leaf_count=144 31 34 138 1893 70 416 3360 60 78 1934 206 54 1418 145
internal_value=-0.000447806 -0.000385891 -0.000447716 0.00160451 -0.000978426 -0.00234462 0.000672457 -0.00889952 -0.0165101 -0.00159394 0.000504587 -0.000641447 -0.0020581 -0.01185
internal_weight=9981 9950 9916 2037 7879 4311 3568 208 148 3895 1961 1823 1617 199
internal_count=9981 9950 9916 2037 7879 4311 3568 208 148 3895 1961 1823 1617 199
is_linear=0
shrinkage=0.03


Tree=359
num_leaves=15
num_cat=0
split_feature=37 3 2 41 9 26 22 14 14 35 16 16 35 17
split_gain=11.245 21.0826 19.8767 26.4615 22.2042 22.0285 19.985 23.4374 17.5951 15.7663 14.2313 13.6343 22.4453 14.5843
threshold=89.421882139395066 1.0000000180025095e-35 20.025000000000002 25.500000000000004 67.01527559118334 37.444393735000013 0.23845060412224592 -1.5000000000000087 -38.949999999999996 4329.8738290223055 17.500000000000004 10.500000000000002 3258.71470450075 4.0671890000000008
decision_type=10 2 2 10 10 2 10 10 8 10 10 8 10 10
left_child=-1 2 4 6 5 8 7 -4 -2 -3 -11 12 -7 -13
right_child=1 9 3 -5 -6 11 -8 -9 -10 10 -12 13 -14 -15
leaf_value=-0.0049180413526550247 -0.89126359695699675 0.041003037813020712 1.6284301292088914 -0.52446605287585801 2.0174557896503851 -0.11310880126483303 -0.17127139686528869 -0.15739148100886027 1.2682225774140365 -0.033385314644981331 0.0082133710433992223 0.17713761839041131 1.0335635566244923 -0.063536074736112697
leaf_weight=7750 36 49 50 132 62 85 89 39 181 293 71 321 215 648
leaf_count=7750 36 49 50 132 62 85 89 39 181 293 71 321 215 648
internal_value=-0.000152664 0.00170335 0.00306616 -0.00385852 0.00445449 0.00371217 0.00368715 0.0136667 0.0125229 -0.00442029 -0.00657534 0.00219685 0.00777409 0.000463918
internal_weight=10021 2271 1858 310 1548 1486 178 89 217 413 364 1269 300 969
internal_count=10021 2271 1858 310 1548 1486 178 89 217 413 364 1269 300 969
is_linear=0
shrinkage=0.03


Tree=360
num_leaves=15
num_cat=0
split_feature=37 2 41 2 27 22 20 32 36 2 15 9 36 12
split_gain=11.3164 17.9964 26.8975 24.3523 26.0886 15.9155 15.1324 20.6113 18.7522 15.4023 14.9965 14.0823 24.085 17.7398
threshold=129.01430065629418 19.875000000000004 30.500000000000004 18.008333333333336 55.616008930000007 0.36219390304847582 28.553442028985511 90.500000000000014 18.968126984126986 9.6750000000000025 270.05865702700004 15.959310950450002 25.587832874196511 301.50000000000006
decision_type=10 2 10 2 2 10 8 2 10 2 10 10 10 10
left_child=-1 3 5 6 -5 -3 8 9 10 -8 -2 -10 13 -13
right_child=1 2 -4 4 -6 -7 7 -9 11 -11 -12 12 -14 -15
leaf_value=-0.0045990609676552739 -0.060140571445840126 0.044322857230375087 -0.40334548241470558 -0.08709501930493431 1.8222418484526832 -0.51864532784315076 0.022661081689564776 -2.4658815315859481 1.2785492479325293 -0.016121841834481055 1.8879117038954649 0.25656006154172722 -0.31684706573557603 -0.24017521939084782
leaf_weight=8290 438 215 143 58 130 50 103 35 135 79 36 204 80 42
leaf_count=8290 438 215 143 58 130 50 103 35 135 79 36 204 80 42
internal_value=-0.000203207 0.00198971 -0.00352078 0.0036689 0.0136508 0.00214286 0.00202949 -0.00509174 0.0036859 -0.000983607 -0.000505263 0.00798701 0.00458716 0.00923077
internal_weight=10038 1748 408 1340 188 265 1152 217 935 182 474 461 326 246
internal_count=10038 1748 408 1340 188 265 1152 217 935 182 474 461 326 246
is_linear=0
shrinkage=0.03


Tree=361
num_leaves=15
num_cat=0
split_feature=37 18 10 39 39 20 9 38 23 38 9 9 40 32
split_gain=11.3671 17.8244 31.0825 30.7174 47.7184 27.9814 22.0438 18.0559 17.795 17.4023 17.9564 19.745 23.63 22.0962
threshold=14.775820903257626 1948.3160041284345 1.0000000180025095e-35 77.924537077183359 61.270684736891674 0.18019480519480521 12.959310950450002 -230.49999999999997 0.97849213691026837 188.50000000000003 24.959310950450003 14.302606487550003 194.50000000000003 141.50000000000003
decision_type=10 10 8 8 10 10 10 8 2 8 10 10 8 2
left_child=1 -1 3 4 6 -4 -3 -5 9 -2 11 12 -11 -14
right_child=8 2 5 7 -6 -7 -8 -9 -10 10 -12 -13 13 -15
leaf_value=0.0016575216983365732 0.1199038778591778 0.69949017474377495 -0.0082730674367141252 1.1360826693752952 0.44945551752914065 0.079358709645831332 -1.3963450971463438 -0.41222999871004234 -0.24073538291640972 -0.69811969137029506 -0.046931431102901273 0.50553903422630186 0.074509688897987397 -0.095026972285277386
leaf_weight=4263 1983 32 352 37 302 323 106 1394 109 119 562 206 291 48
leaf_count=4263 1983 32 352 37 302 323 106 1394 109 119 562 206 291 48
internal_value=-0.000210308 -0.000911894 -0.00289753 -0.00488782 0.00204082 0.00261834 -0.012518 -0.00701816 0.00122929 0.00163551 -0.00117359 0.00216541 -0.00130719 0.00273529
internal_weight=10127 6809 2546 1871 440 675 138 1431 3318 3209 1226 664 458 339
internal_count=10127 6809 2546 1871 440 675 138 1431 3318 3209 1226 664 458 339
is_linear=0
shrinkage=0.03


Tree=362
num_leaves=15
num_cat=0
split_feature=2 18 28 2 2 40 34 24 32 40 2 37 14 39
split_gain=12.8508 13.7776 12.1342 11.7044 10.8142 10.3464 9.97015 12.0016 14.0995 9.24951 16.6158 8.55904 13.5251 8.62369
threshold=2.4250000000000003 8682.1565343249767 0.55692194403534623 2.5916666666666672 21.675000000000004 -391.99999999999994 2625.5964561525002 2.3092838740000006 -300.49999999999994 -280.99999999999994 14.008333333333335 -773.90174447633615 -16.79999999999999 294.57299734850841
decision_type=2 10 2 2 2 8 10 10 2 8 2 8 10 10
left_child=6 2 3 -2 -3 -5 7 -1 -9 10 -7 12 -11 -13
right_child=1 4 -4 5 -6 9 -8 8 -10 11 -12 13 -14 -15
leaf_value=0.0019724813945252787 0.064447316646695535 0.038687919460307682 -0.11357460198715047 0.29660228658232807 -0.026491379435050848 0.38116221238292392 0.47258229765708026 0.066559335532451053 -0.12506868664316098 -0.03734118030922829 -0.37051247481789484 -0.00023103004677012232 0.15648521657989684 -0.11944870544382787
leaf_weight=50 53 121 46 61 33 30 30 33 170 35 40 8784 59 396
leaf_count=50 53 121 46 61 33 30 30 33 170 35 40 8784 59 396
internal_value=-0.000153893 3.10591e-05 -0.000113624 -3.8059e-05 0.00890323 -0.00011801 -0.00644366 -0.00838583 -0.0116176 -0.000199037 -0.0109859 -0.000116442 0.00884211 -0.000209128
internal_weight=9941 9658 9504 9458 154 9405 283 253 203 9344 70 9274 94 9180
internal_count=9941 9658 9504 9458 154 9405 283 253 203 9344 70 9274 94 9180
is_linear=0
shrinkage=0.03


Tree=363
num_leaves=15
num_cat=0
split_feature=2 2 14 36 23 26 22 27 3 13 2 35 14 39
split_gain=10.4536 19.504 18.5599 11.1249 18.018 10.8171 21.2765 14.9967 34.47 19.3996 23.4017 14.6167 14.0898 27.0393
threshold=22.925000000000004 22.258333333333336 32.000000000000007 36.073684210526316 0.80735492577597856 37.355776720000009 0.38266583229036299 55.800037160000009 1.0000000180025095e-35 116.50000000000001 17.425000000000004 6291.7842366114246 -16.499999999999982 151.23425928420002
decision_type=2 2 8 10 2 2 8 2 2 10 2 10 8 8
left_child=1 3 -3 5 -5 6 11 12 -9 -10 -11 -1 13 -7
right_child=-2 2 -4 4 -6 7 -8 8 9 10 -12 -13 -14 -15
leaf_value=1.146152692649854 0.0060929634016121011 -0.47794656728830753 -0.0040922598475903868 -0.09187496985665064 0.38554685306652114 -0.010394793118157324 -0.030786843824950987 1.921000782901721 -0.06568502643332956 0.028434231549678824 -0.050115300020393175 -0.22184493437628516 0.0030121133235259208 -0.3440349252497002
leaf_weight=73 185 70 108 35 120 1284 160 118 102 213 30 36 7116 395
leaf_count=73 185 70 108 35 120 1284 160 118 102 213 30 36 7116 395
internal_value=-0.000110492 -0.000243383 -0.0100559 -6.19643e-05 0.00788462 -0.000192065 -0.00611111 -1.94405e-05 0.00523707 0.000433526 0.00504098 0.00409091 -0.000296726 -0.00276786
internal_weight=10045 9860 178 9682 155 9527 269 9258 463 345 243 109 8795 1679
internal_count=10045 9860 178 9682 155 9527 269 9258 463 345 243 109 8795 1679
is_linear=0
shrinkage=0.03


Tree=364
num_leaves=15
num_cat=0
split_feature=26 0 23 26 25 39 22 26 39 39 13 2 18 26
split_gain=10.9992 13.2378 27.208 17.8761 15.2269 26.728 22.3921 20.2851 18.8465 24.3448 22.6989 16.2755 16.2335 15.7399
threshold=37.355776720000009 231.50000000000003 0.93450283438026671 37.81759447000001 104.50000000000001 26.148098799708336 0.1472136222910217 37.414394780000009 61.450783384975004 75.281944459650006 174.50000000000003 19.041666666666671 4782.2910704769238 37.411881995000009
decision_type=2 2 2 2 2 10 8 2 10 10 8 2 10 2
left_child=-1 4 3 -3 13 -6 12 -8 10 -10 -9 -11 -7 -2
right_child=1 2 -4 -5 5 6 7 8 9 11 -12 -13 -14 -15
leaf_value=-0.017413313016673593 0.2203982309189767 -0.39942351754086475 0.13546650476199146 0.79295265175979812 0.12108293800237296 0.84226342429946577 -0.11938782392910305 -1.0789672774204011 0.64645304373911883 0.036797265208281714 0.269686574841076 -0.49480398834188222 -0.39641359210456373 -0.0043659108537972662
leaf_weight=386 302 613 241 58 393 115 166 134 158 474 66 81 30 6757
leaf_count=386 302 613 241 58 393 115 166 134 158 474 66 81 30 6757
internal_value=-0.000312782 -0.000112629 -0.00354874 -0.00665179 0.000248934 0.00287392 0.000685714 -0.000805556 0.00095186 0.00323529 -0.00716418 0.000269784 0.0117123 -0.000352691
internal_weight=9974 9588 912 671 8676 1617 1224 1079 913 713 200 555 145 7059
internal_count=9974 9588 912 671 8676 1617 1224 1079 913 713 200 555 145 7059
is_linear=0
shrinkage=0.03


Tree=365
num_leaves=15
num_cat=0
split_feature=0 20 37 35 22 25 27 39 37 39 26 40 36 38
split_gain=9.21678 21.458 19.6243 25.1243 18.1539 16.0028 29.761 27.6233 27.2023 18.5595 19.9534 18.7001 19.2356 18.0439
threshold=-48.499999999999993 24.006250000000005 -85.272677601214795 3765.9703744728199 0.11566332218506133 -4.2499999999999991 55.794133760000001 151.89166666666668 -55.739782926563457 129.98333333333338 37.733506195000011 347.00000000000006 20.951711309523812 -16.499999999999996
decision_type=2 10 10 10 8 2 2 8 10 10 2 10 8 8
left_child=1 2 4 -4 -1 6 7 8 9 11 -11 12 -2 -9
right_child=5 -3 3 -5 -6 -7 -8 13 -10 10 -12 -13 -14 -15
leaf_value=1.3278144294413643 -0.15303699168928012 -1.4176874886613122 0.46130950789505892 -0.36135615517587272 -0.0043216737059336907 5.9545762555455704e-05 1.4459717857905485 -1.4413679182606709 0.14322796253738862 0.23068962305790089 -0.35213311752100113 1.2051138581276055 -0.51764294408228861 -0.22479889051959812
leaf_weight=45 238 77 377 72 1032 6701 84 73 495 113 30 31 252 385
leaf_count=45 238 77 377 72 1032 6701 84 73 495 113 30 31 252 385
internal_value=-0.000194883 0.00188903 0.00267191 0.00793333 0.000473098 -0.000592645 -0.00319036 -0.00409765 -0.00162931 -0.00559398 0.00395833 -0.00821839 -0.00965377 -0.0103268
internal_weight=10005 1603 1526 449 1077 8402 1701 1617 1159 664 143 521 490 458
internal_count=10005 1603 1526 449 1077 8402 1701 1617 1159 664 143 521 490 458
is_linear=0
shrinkage=0.03


Tree=366
num_leaves=15
num_cat=0
split_feature=17 14 37 3 16 34 41 37 22 23 37 6 39 17
split_gain=10.1903 9.62037 12.329 14.1996 18.5888 15.4271 15.0781 14.5148 14.388 11.2497 16.5007 11.9353 11.3864 10.9839
threshold=-603.43138199999987 17.250000000000004 -425.70500708035974 1.0000000180025095e-35 15.500000000000002 206.74108421350005 -25.499999999999996 -189.07689223581875 0.3504385964912281 0.91768428890543563 -48.848820213434401 7.5000000000000009 73.66072605793336 57.558657000000004
decision_type=8 10 10 2 10 8 8 10 8 2 10 2 8 10
left_child=-1 13 -3 4 9 -6 7 -7 -5 11 -11 -4 -12 -2
right_child=1 2 3 8 5 6 -8 -9 -10 10 12 -13 -14 -15
leaf_value=-0.094657660593577331 0.0022374421295084978 -0.10544158200659111 0.31540220712924677 -0.062470324765267843 1.2897226144857237 -0.30502654686352471 -0.033689063967870254 0.47503454989858285 0.0073577372959440718 1.0682912498783179 0.80828184047207718 1.0925507023487502 -0.23187759368925967 -0.027065659029163809
leaf_weight=131 5240 206 127 141 35 32 728 136 80 42 31 135 109 2846
leaf_count=131 5240 206 127 141 35 32 728 136 80 42 31 135 109 2846
internal_value=-0.000128743 -1.8202e-05 0.00196339 0.00285535 0.00398983 0.00157725 0.000802676 0.00887574 -0.00418919 0.00903371 0.00327869 0.0130038 -0.00170213 -0.000459998
internal_weight=10019 9888 1802 1596 1375 931 896 168 221 444 182 262 140 8086
internal_count=10019 9888 1802 1596 1375 931 896 168 221 444 182 262 140 8086
is_linear=0
shrinkage=0.03


Tree=367
num_leaves=15
num_cat=0
split_feature=37 41 41 0 39 39 14 22 24 39 18 2 0 2
split_gain=11.9198 18.9696 15.276 14.6958 16.1729 31.9593 17.8172 19.0818 17.1376 15.4274 13.7812 14.4334 10.4575 18.7819
threshold=129.01430065629418 409.00000000000006 191.50000000000003 -1.0000000180025095e-35 81.026028440000019 53.578083241216675 30.000000000000004 0.34248120300751889 5.1303246615000004 120.64269510666669 2699.151749011191 14.341666666666669 158.50000000000003 7.9250000000000016
decision_type=10 10 10 2 8 10 10 8 10 8 10 2 2 2
left_child=12 2 3 9 5 -5 7 8 -6 -2 11 -7 -1 -14
right_child=1 -3 -4 4 6 10 -8 -9 -10 -11 -12 -13 13 -15
leaf_value=-0.0031249203708753901 1.7610695916119197 -0.51548699184679281 0.34212251006040562 0.67448661679409594 0.24770877592728283 0.77687550361810065 0.49746099321292259 -0.023863653535162788 -0.032483585892321046 0.054178405353824705 -0.82893316529819483 -0.93661797111252421 0.047170204843237612 -0.2019270143825804
leaf_weight=7092 53 62 298 77 240 48 140 318 185 102 169 34 351 815
leaf_count=7092 53 62 298 77 240 48 140 318 185 102 169 34 351 815
internal_value=-0.000390586 0.00187609 0.00248649 0.00114119 2.47525e-05 -0.0056535 0.00213801 0.000282258 0.00443662 0.00980769 -0.0108333 -0.000722892 -0.000864511 -0.00349614
internal_weight=9984 1726 1664 1366 1211 328 883 743 425 155 251 82 8258 1166
internal_count=9984 1726 1664 1366 1211 328 883 743 425 155 251 82 8258 1166
is_linear=0
shrinkage=0.03


Tree=368
num_leaves=15
num_cat=0
split_feature=2 22 16 26 9 22 2 14 2 36 9 39 32 32
split_gain=12.1317 13.3449 16.048 12.2029 12.1341 16.5365 20.4226 11.664 18.7994 17.7514 19.33 16.7394 15.2105 16.8589
threshold=22.925000000000004 0.15424266455194294 17.500000000000004 37.367299270000011 79.01527559118334 0.25834260289210237 20.758333333333336 17.250000000000004 22.175000000000004 15.002564102564106 112.01759261753334 454.50833333333338 340.50000000000006 271.00000000000006
decision_type=2 8 10 2 10 8 2 8 2 8 10 10 2 2
left_child=3 -2 -3 4 5 6 -1 8 9 -5 -11 12 13 -9
right_child=1 2 -4 7 -6 -7 -8 11 -10 10 -12 -13 -14 -15
leaf_value=1.1121660424692079 1.4826257604439566 0.0058022952445596163 -0.13952809024426532 -0.41511441496389334 0.19867771697182135 -0.02890820970117643 -0.13769829685839677 0.010770543755211765 -0.81911112622100057 -0.012009261908390379 0.94904830907059357 -2.0842031653025259 0.86497316739525409 -0.55296776666434999
leaf_weight=66 30 115 37 91 60 264 37 2880 48 6284 50 35 67 67
leaf_count=66 30 115 37 91 60 264 37 2880 48 6284 50 35 67 67
internal_value=-0.000441176 0.00721311 0.00352941 -0.00058191 -0.00553738 -0.00758152 0.00259615 -0.000359131 -0.0010797 -0.000938375 -0.000748224 0.00117049 0.00141294 0.00108887
internal_weight=10131 182 152 9949 427 367 103 9522 6473 6425 6334 3049 3014 2947
internal_count=10131 182 152 9949 427 367 103 9522 6473 6425 6334 3049 3014 2947
is_linear=0
shrinkage=0.03


Tree=369
num_leaves=15
num_cat=0
split_feature=26 35 31 40 9 27 34 13 12 35 3 16 26 5
split_gain=16.9813 16.3541 13.8417 13.3043 13.279 13.038 20.1786 15.5081 31.8745 32.987 32.2091 25.0562 21.8873 20.3429
threshold=37.367299270000011 5678.0980655965277 390.00000000000006 -83.499999999999986 75.01527559118334 55.739195915000003 133.05865702700001 1.5000000000000002 59.500000000000007 1761.071790355292 1.0000000180025095e-35 11.500000000000002 37.566423880000009 3.5000000000000004
decision_type=2 10 2 10 10 2 8 8 8 8 2 10 2 2
left_child=1 -1 5 4 -4 -2 -7 12 11 -10 -11 -9 -8 -14
right_child=2 -3 3 -5 -6 6 7 8 9 10 -12 -13 13 -15
leaf_value=-0.0062422360861961144 -0.0041839532100017632 -0.030391126089078999 0.080444234527343297 -0.65942777990438139 -0.3470067887499243 -0.55328589960048491 1.0998984110624848 -0.70016690109848057 -0.20807889779649116 0.96724752043726392 0.0015215530838653907 0.019574740411360664 0.21128694761739145 -0.20397549108529972
leaf_weight=255 7814 206 57 51 39 30 137 143 135 331 466 109 121 43
leaf_count=255 7814 206 57 51 39 30 137 143 135 331 466 109 121 43
internal_value=-0.000292815 -0.00590909 -1.89934e-05 -0.00912162 -0.00247423 0.000125402 0.0026715 0.00316958 0.00162025 0.00418006 0.00650376 -0.00782609 0.00923841 0.00181818
internal_weight=9937 461 9476 147 96 9329 1515 1485 1184 932 797 252 301 164
internal_count=9937 461 9476 147 96 9329 1515 1485 1184 932 797 252 301 164
is_linear=0
shrinkage=0.03


Tree=370
num_leaves=15
num_cat=0
split_feature=0 32 31 0 26 38 2 35 2 2 2 41 26 14
split_gain=11.0904 12.5767 12.2788 24.5466 19.3848 23.217 18.2356 17.545 16.6725 22.4729 18.822 18.0998 16.612 16.382
threshold=359.50000000000006 295.50000000000006 47.500000000000007 16.500000000000004 37.81759447000001 30.500000000000004 4.5250000000000012 4223.9693342828477 18.091666666666672 17.008333333333336 19.675000000000004 45.500000000000007 37.482723680000007 1.0000000180025095e-35
decision_type=2 2 2 2 2 10 2 8 2 2 2 10 2 8
left_child=2 -2 3 8 -4 -6 -5 13 9 11 -10 -1 -11 -8
right_child=1 -3 4 6 5 -7 7 -9 10 12 -12 -13 -14 -15
leaf_value=-0.0043699922504254474 -0.26161987621857691 0.012546391293533006 0.0067914290879036799 -0.73847215041605818 1.3334128635678755 -0.10090495249193387 -0.012419183673058427 0.25225125277955895 1.1291197291078481 0.037926453580233034 0.0036690817958750766 0.09903876550509029 -0.87556757315714351 -0.35311935397446792
leaf_weight=3127 199 116 3771 127 94 60 459 216 77 82 419 494 209 581
leaf_count=3127 199 116 3771 127 94 60 459 216 77 82 419 494 209 581
internal_value=-0.000260167 -0.00579114 -8.02717e-05 -0.000958218 0.00121498 0.0116129 -0.00444364 -0.00334129 0.000136085 -0.000521339 0.00531187 0.000124241 -0.0085274 -0.00495677
internal_weight=10031 315 9716 5791 3925 154 1383 1256 4408 3912 496 3621 291 1040
internal_count=10031 315 9716 5791 3925 154 1383 1256 4408 3912 496 3621 291 1040
is_linear=0
shrinkage=0.03


Tree=371
num_leaves=15
num_cat=0
split_feature=2 17 37 38 26 14 38 9 9 39 16 26 26 27
split_gain=11.6298 11.1967 10.9234 10.721 10.5225 18.8662 11.2829 26.452 28.6127 23.3119 18.3423 22.715 18.5338 16.4834
threshold=2.4250000000000003 -603.43138199999987 956.0499789232947 136.50000000000003 37.290548435000012 -14.999999999999984 -120.49999999999999 60.01527559118334 30.015275591183336 65.562394191666684 6.5000000000000009 37.771184645000005 37.564656845000009 55.68999778500001
decision_type=2 8 10 10 2 8 8 10 10 10 10 2 2 2
left_child=3 -2 4 -1 5 -3 7 8 10 -10 -6 12 -12 -11
right_child=1 2 -4 -5 6 -7 -8 -9 9 13 11 -13 -14 -15
leaf_value=-0.018163247048320518 -0.084923272930462299 0.031349656263480366 0.13626509877282714 0.0051683970139981923 0.040869454752790059 -0.063465474252442033 0.0060418703513174035 -0.86722620946225704 0.76551854814064935 -0.057112235552241854 -0.16551519998576314 0.53018473140589772 -1.3412098432266617 0.66027758734567876
leaf_weight=213 129 30 88 87 54 125 8629 121 58 182 98 36 81 88
leaf_count=213 129 30 88 87 54 125 8629 121 58 182 98 36 81 88
internal_value=2.69461e-05 0.00020679 0.000325305 -0.00578073 0.000227297 -0.0075 0.000356226 -0.00325452 -0.000652174 0.00528875 -0.00788889 -0.0118056 -0.0161667 0.00154982
internal_weight=10019 9719 9590 300 9502 155 9347 718 597 328 269 215 179 270
internal_count=10019 9719 9590 300 9502 155 9347 718 597 328 269 215 179 270
is_linear=0
shrinkage=0.03


Tree=372
num_leaves=15
num_cat=0
split_feature=21 14 40 34 32 26 20 9 40 23 38 16 18 41
split_gain=12.0052 9.52798 13.966 15.051 18.9046 18.1446 26.2288 17.0911 15.5216 17.9507 14.6029 14.5722 20.7119 12.3411
threshold=68.750000000000014 17.250000000000004 -159.49999999999997 1985.6282974045002 -510.99999999999994 37.440657635000008 13.251760563380284 29.388024177091669 56.500000000000007 0.91768428890543563 13.500000000000002 15.500000000000002 2887.6170932299005 32.500000000000007
decision_type=10 10 10 8 2 2 8 10 10 2 10 10 10 10
left_child=1 -1 -3 13 -5 -6 8 11 9 10 -7 12 -8 -4
right_child=-2 2 3 4 5 6 7 -9 -10 -11 -12 -13 -14 -15
leaf_value=-0.0054824884813099569 0.08579548295356966 -0.020284575712531304 -0.2101365598195663 -0.36987092593974025 0.7629855565982866 -0.18963981156002549 1.0386916203687511 0.64487267206675569 -0.33471240098251176 -0.50435149611852337 0.54682004086334646 -0.34699109666144834 -0.12930242642476078 0.29920549352837128
leaf_weight=8165 37 676 30 43 180 55 42 163 124 115 56 117 71 150
leaf_count=8165 37 676 30 43 180 55 42 163 124 115 56 117 71 150
internal_value=-0.000251372 -0.000315378 0.00164564 0.00366173 0.00217166 0.00308442 0.00100806 0.0063198 -0.00495726 -0.000264317 0.00830357 0.00103896 0.00868421 0.0116022
internal_weight=10024 9987 1822 1146 966 923 743 393 350 226 111 230 113 180
internal_count=10024 9987 1822 1146 966 923 743 393 350 226 111 230 113 180
is_linear=0
shrinkage=0.03


Tree=373
num_leaves=15
num_cat=0
split_feature=22 16 31 27 31 41 2 2 0 12 2 16 6 40
split_gain=9.98819 15.8526 18.4339 28.8577 21.6978 16.2373 15.943 22.9266 20.8022 16.9173 15.9298 17.1871 15.1151 15.1101
threshold=0.22599846390168973 26.500000000000004 -125.49999999999999 55.68982058000001 -79.499999999999986 -38.499999999999993 4.4416666666666673 4.8416666666666677 106.50000000000001 -32.499999999999993 21.425000000000004 3.5000000000000004 8.5000000000000018 38.500000000000007
decision_type=8 8 2 2 2 10 2 2 2 10 2 10 2 8
left_child=1 2 3 -1 5 -4 8 -8 9 -6 11 -9 -12 -3
right_child=-2 13 4 -5 6 -7 7 10 -10 -11 12 -13 -14 -15
leaf_value=-1.350113297233807 -0.0048285302415713048 0.78588784809278056 0.70379488239732413 0.30069223733961392 0.05535824114026084 -0.38074513080352218 1.6380148747241956 1.5606062164447261 0.84454018980694867 -0.22589855685219881 -0.42168440213675784 0.011096817570937247 0.0049558403360569605 0.12631545965871566
leaf_weight=95 7060 172 150 35 31 33 43 49 51 159 65 1827 41 232
leaf_count=95 7060 172 150 35 31 33 43 49 51 159 65 1827 41 232
internal_value=-0.000158303 0.00129692 0.000430233 -0.0105344 0.00101633 0.0109239 0.000211734 0.00108095 -0.00706612 -0.011623 0.000605144 0.00124667 -0.0106542 0.00681481
internal_weight=10043 2983 2579 130 2449 183 2266 2025 241 190 1982 1876 106 404
internal_count=10043 2983 2579 130 2449 183 2266 2025 241 190 1982 1876 106 404
is_linear=0
shrinkage=0.03


Tree=374
num_leaves=15
num_cat=0
split_feature=0 27 37 2 2 2 18 22 16 19 36 15 19 15
split_gain=11.3317 11.1117 21.4 29.7443 33.8363 32.997 26.606 26.3567 18.0411 18.7154 20.4756 17.0426 15.255 14.0752
threshold=541.50000000000011 55.73777608000001 -425.70500708035974 9.6750000000000025 14.175000000000002 6.7583333333333337 4207.1300942541266 0.31057781919850891 11.500000000000002 625.18018759421568 33.670833333333341 417.24539396950007 625.18018759421568 83.005483466000015
decision_type=2 2 8 2 2 2 10 10 10 8 10 10 8 8
left_child=1 -1 11 5 6 7 -5 12 9 10 -7 13 -4 -3
right_child=-2 2 3 4 -6 8 -8 -9 -10 -11 -12 -13 -14 -15
leaf_value=-0.01124615011460023 -0.88736995596247614 0.061633589447536816 -0.11638377822045368 0.62223224114343845 0.0036822518615027685 -0.76578150146215229 -0.038831277895027778 1.9941427484289997 -0.0059519527133944979 0.0034622336968275378 0.063494470783675441 0.097769308545956807 0.012313360406944638 -0.40411142245662146
leaf_weight=8148 46 56 123 339 691 125 58 76 115 32 32 46 109 122
leaf_count=8148 46 56 123 339 691 125 58 76 115 32 32 46 109 122
internal_value=-0.000622591 -0.000553956 0.0014961 0.0026455 0.00561983 -0.00264274 0.0125879 0.00427184 -0.00963934 -0.0153158 -0.019557 -0.0072 -0.000772532 -0.0113966
internal_weight=10118 10072 1924 1700 1088 612 397 308 304 189 157 224 232 178
internal_count=10118 10072 1924 1700 1088 612 397 308 304 189 157 224 232 178
is_linear=0
shrinkage=0.03


Tree=375
num_leaves=15
num_cat=0
split_feature=27 2 6 27 27 38 20 18 36 0 22 22 13 9
split_gain=10.4298 30.1596 17.9607 25.1598 29.2457 22.0539 26.5882 20.9421 18.3716 21.7448 18.2558 17.8625 18.4418 21.7467
threshold=55.696490845000007 3.2750000000000004 7.5000000000000009 55.568546850000011 55.644023925000006 -131.49999999999997 14.027046783625734 3838.66127244276 20.986407856659078 156.50000000000003 0.21767001114827203 0.39263110307414112 -127.49999999999999 11.874242437400001
decision_type=2 2 2 2 2 8 8 10 10 2 10 10 10 10
left_child=1 -1 3 7 11 -6 -7 -3 9 -8 -9 12 -5 -14
right_child=-2 2 -4 4 5 6 8 10 -10 -11 -12 -13 13 -15
leaf_value=-0.20614179796690912 0.0069613127436291859 -2.8325636779163448 0.016730820255704323 -0.18656305200555487 -0.8001102358417298 -0.30454196960038576 0.38337654711572333 0.20089183039648212 -0.089398059756807119 -1.1028941194343336 -0.6179139997640295 0.12369943423847271 -1.6864288323224836 0.027833870324592266
leaf_weight=369 3727 69 3139 151 132 487 319 34 139 34 109 560 56 705
leaf_count=369 3727 69 3139 151 132 487 319 34 139 34 109 560 56 705
internal_value=5.38331e-05 -0.000690038 -0.000171862 -0.0019206 -0.00110294 -0.00477518 -0.00321429 -0.011831 0.00170385 0.00533898 -0.00520833 0.00167006 -0.000920044 0.000984252
internal_weight=10030 6303 5934 2795 2583 1111 979 212 492 353 143 1472 912 761
internal_count=10030 6303 5934 2795 2583 1111 979 212 492 353 143 1472 912 761
is_linear=0
shrinkage=0.03


Tree=376
num_leaves=15
num_cat=0
split_feature=27 39 18 2 35 9 27 9 41 14 20 0 9 18
split_gain=14.5567 18.5365 16.7222 26.5253 28.6442 26.4612 18.9293 28.4599 22.5627 26.1685 19.1682 18.5059 15.3902 14.5222
threshold=55.62614872000001 290.85000000000008 1948.3160041284345 11.425000000000002 1295.570709459819 22.959310950450003 55.568546850000011 9.762111685983335 159.50000000000003 -12.999999999999995 25.55931034482759 216.50000000000003 26.942810304358336 4743.0759309245086
decision_type=2 10 10 2 10 10 2 10 10 10 8 2 10 10
left_child=1 2 3 5 -5 -1 7 10 9 13 -4 -10 -13 -9
right_child=-2 -3 6 4 -6 -7 -8 8 11 -11 -12 12 -14 -15
leaf_value=-0.0074606068354724393 -0.0056764454140133284 -0.56660407195584306 1.9673026875817579 -0.14035878232687349 0.53796929840297836 2.363077202334217 0.055716815012424446 0.48012315896899288 1.4324790638512011 -1.2429668409801604 -0.1948416134288467 0.12438208222192472 -0.7444009303046899 -0.88332346803530137
leaf_weight=52 8306 70 85 72 118 169 701 55 62 186 36 67 44 36
leaf_count=52 8306 70 85 72 118 169 701 55 62 186 36 67 44 36
internal_value=-0.000140159 0.00234322 0.00297506 0.00822816 0 0.0152703 0.00127258 -0.00277972 -0.00625277 -0.0115468 0.010082 0.00224138 -0.00508929 0.00163043
internal_weight=10059 1753 1683 411 190 221 1272 571 450 277 121 173 111 91
internal_count=10059 1753 1683 411 190 221 1272 571 450 277 121 173 111 91
is_linear=0
shrinkage=0.03


Tree=377
num_leaves=15
num_cat=0
split_feature=12 14 14 14 32 34 24 36 40 36 39 17 12 19
split_gain=10.0074 13.6592 13.2749 18.658 14.8663 14.6997 19.4985 18.6797 20.1891 24.6428 16.0228 15.6488 15.0575 16.8399
threshold=301.50000000000006 17.250000000000004 5.1499999999999977 8.3999999999999897 187.50000000000003 1196.5000000000002 4.0054834660000003 26.104957160342721 140.50000000000003 18.968126984126986 295.23194445965004 -27.413296999999996 18.500000000000004 77.30147441420327
decision_type=10 10 10 10 2 8 10 10 8 10 10 8 8 10
left_child=1 2 5 -4 -5 7 10 8 9 -1 -7 -8 13 -9
right_child=-2 -3 3 4 -6 6 11 12 -10 -11 -12 -13 -14 -15
leaf_value=1.1605647976760476 -0.036426236533737236 0.057795199082577541 -0.26697072119493825 -0.020076110598811925 0.46441052396380356 0.02666492811590308 -0.10177054917975689 -0.028448129539270093 0.45516659123006659 -0.19721088650780486 -1.2680277096644623 -0.0041907008512287501 -0.14876073719851826 0.62191895862250146
leaf_weight=35 540 1560 398 993 57 2447 745 76 259 81 59 2619 128 33
leaf_count=35 540 1560 398 993 57 2447 745 76 259 81 59 2619 128 33
internal_value=-2.39258e-05 0.000202297 -0.00030261 -0.00289855 -0.000799239 0.000277649 -0.000183955 0.00469821 0.00885638 -0.00153846 0.00181891 -0.00167608 -0.00189076 0.00627273
internal_weight=10030 9490 7930 1448 1050 6482 5870 612 375 116 2506 3364 237 109
internal_count=10030 9490 7930 1448 1050 6482 5870 612 375 116 2506 3364 237 109
is_linear=0
shrinkage=0.03


Tree=378
num_leaves=15
num_cat=0
split_feature=36 34 26 41 41 19 26 41 12 38 12 22 2 31
split_gain=13.4935 10.2573 24.4625 18.7614 16.2414 15.7887 24.6734 21.5615 16.8128 15.5831 19.362 15.3342 14.5477 13.6391
threshold=10.145555555555555 1196.5000000000002 37.708057100000012 152.50000000000003 -112.49999999999999 21.130603609799298 37.566423880000009 -103.49999999999999 -69.499999999999986 -66.499999999999986 -38.499999999999993 0.53950103950103967 5.2750000000000012 427.50000000000006
decision_type=8 8 2 10 10 8 2 8 8 8 10 10 2 2
left_child=-1 2 3 5 -4 -2 7 -7 -9 -8 -11 -5 -10 -3
right_child=1 13 4 11 -6 6 9 8 12 10 -12 -13 -14 -15
leaf_value=-0.32835840462239879 -0.35577503074242578 -0.0039501662270038191 1.5733407317938581 -0.083995784610659707 -0.073193816557454605 0.7469147074161383 -0.99449346284377793 0.10386251833245466 0.16136414749087813 -0.61706025347145887 0.32138265037221414 0.19872444721209645 -0.15025931004567006 -0.19662060637137471
leaf_weight=37 124 8893 125 40 32 64 38 55 101 54 52 90 200 96
leaf_count=37 124 8893 125 40 32 64 38 55 101 54 52 90 200 96
internal_value=-0.000314937 -0.000246864 0.00267418 0.000586081 0.013481 -0.00139332 0.000743363 0.00441805 0.00151261 -0.00993103 -0.00392523 0.0109924 -0.00129139 -0.00056396
internal_weight=10001 9964 975 818 157 688 564 420 356 144 106 130 301 8989
internal_count=10001 9964 975 818 157 688 564 420 356 144 106 130 301 8989
is_linear=0
shrinkage=0.03


Tree=379
num_leaves=15
num_cat=0
split_feature=19 24 37 12 14 32 2 17 18 21 22 27 12 22
split_gain=10.7452 14.8895 11.4514 19.286 22.0231 23.1173 16.431 22.6428 15.5957 28.7701 18.5014 17.8789 16.4164 18.6376
threshold=6.551147309166061 146.80428817050003 131.61210351691838 19.500000000000004 3.8000000000000118 39.500000000000007 19.875000000000004 57.558657000000004 2403.3974140303649 33.95000000000001 0.95742753623188415 55.600390860000012 1.0000000180025095e-35 0.21231060606060609
decision_type=10 10 10 8 10 2 2 10 10 10 10 2 8 8
left_child=1 -1 8 -4 -5 -6 -7 -8 11 10 -10 -2 13 -11
right_child=2 -3 3 4 5 6 7 -9 9 12 -12 -13 -14 -15
leaf_value=0.0081107605449890225 1.2880979022234198 -0.50892600330820548 0.12313707457767172 -0.076635530465709673 -0.033254714748093189 0.43885327878714225 0.2050025113838557 -0.16460565490454454 -0.093238956343836818 0.074402202903200279 0.54097587449985729 -0.0055385584629312487 0.037563688522006644 -0.38603261179706827
leaf_weight=679 127 32 331 641 187 415 48 64 1882 51 86 5073 394 39
leaf_count=679 127 32 331 641 187 415 48 64 1882 51 86 5073 394 39
internal_value=-0.000223881 0.00332865 -0.0004947 0.00174274 0.000154867 0.00377622 0.00698864 -0.00318584 -0.000987848 -0.00295964 -0.00457085 -5.76812e-05 0.00358763 -0.00791209
internal_weight=10049 711 9338 1686 1355 714 527 112 7652 2452 1968 5200 484 90
internal_count=10049 711 9338 1686 1355 714 527 112 7652 2452 1968 5200 484 90
is_linear=0
shrinkage=0.03


Tree=380
num_leaves=15
num_cat=0
split_feature=10 5 27 39 36 38 14 37 36 2 21 2 14 38
split_gain=10.8892 19.5726 26.9948 22.2507 23.0373 28.6214 19.3891 17.3371 22.906 19.2648 17.2833 16.4173 21.6776 16.1984
threshold=1.0000000180025095e-35 1.5000000000000002 55.632081125000006 63.358333333333341 23.298142620232177 168.50000000000003 -12.999999999999995 -14.677481572167947 15.002564102564106 2.9750000000000005 3.9500000000000006 20.425000000000004 41.45000000000001 -182.99999999999997
decision_type=8 2 2 8 8 8 10 10 10 2 10 2 8 8
left_child=1 11 3 -3 5 -5 -6 9 -9 -4 -8 -1 -13 -11
right_child=-2 2 7 4 6 -7 10 8 -10 13 -12 12 -14 -15
leaf_value=0.07767901098733615 0.0034807114699557194 3.5729663008532211 -1.5413205867484261 1.2410158563881211 0.25406085818883573 -0.00060392783618567591 -0.40852347933568445 -0.67582872773733083 0.047351010272214042 0.31195139584926651 -0.0064414623645181026 -0.037620015577268899 -1.1990266212781251 -0.16481422021750694
leaf_weight=2792 1974 38 32 90 313 92 173 122 1261 110 339 239 39 2445
leaf_count=2792 1974 38 32 90 313 92 173 122 1261 110 339 239 39 2445
internal_value=-0.000265408 -0.000753154 -0.00190789 0.0023805 0.00151786 0.0111475 -0.000617433 -0.00303702 -0.000325145 -0.00448609 -0.00421053 0.00113318 -0.00580645 -0.00419014
internal_weight=10059 8085 5015 1045 1007 182 825 3970 1383 2587 512 3070 278 2555
internal_count=10059 8085 5015 1045 1007 182 825 3970 1383 2587 512 3070 278 2555
is_linear=0
shrinkage=0.03


Tree=381
num_leaves=15
num_cat=0
split_feature=0 31 2 24 37 16 18 27 2 37 24 39 27 22
split_gain=12.9626 26.3463 21.9116 21.6567 21.4688 19.5075 17.3469 18.021 42.8402 19.5525 18.1275 16.5325 18.5055 18.7115
threshold=11.500000000000002 47.500000000000007 4.5250000000000012 111.86114810000002 190.72459715463859 9.5000000000000018 162.0092913359392 55.711421800000004 10.891666666666667 -201.11001567982717 3.8864581865000001 27.383333333333336 55.745084295000005 0.25137362637362642
decision_type=2 2 2 8 10 8 8 2 2 8 10 8 2 8
left_child=-1 2 -2 -3 6 -5 -4 8 -8 -10 -11 -9 -13 -14
right_child=1 3 4 5 -6 -7 7 11 9 10 -12 12 13 -15
leaf_value=0.0048626405623796208 -0.70303457617730469 0.010901647784259545 0.3776005039222089 -1.8679772049771413 0.34532775444944336 -0.035632672093317976 0.26559962568495488 0.065641863015477003 -1.3617813700196124 0.011347194650048808 -0.35578120030744398 -0.83652453158487461 -1.5242722110651419 0.40581751489837359
leaf_weight=4699 140 3646 56 52 149 161 355 47 56 182 245 232 34 55
leaf_count=4699 140 3646 56 52 149 161 355 47 56 182 245 232 34 55
internal_value=-0.000163205 -0.00116429 -0.00446521 0.000163212 -0.00333569 -0.00911215 -0.00460808 -0.00536868 -0.00293206 -0.00873967 -0.00651869 -0.0108943 -0.013323 -0.00166667
internal_weight=10109 5410 1551 3859 1411 213 1262 1206 838 483 427 368 321 89
internal_count=10109 5410 1551 3859 1411 213 1262 1206 838 483 427 368 321 89
is_linear=0
shrinkage=0.03


Tree=382
num_leaves=15
num_cat=0
split_feature=0 19 37 35 41 37 10 18 39 39 36 27 20 2
split_gain=10.3055 18.703 12.4358 16.2636 13.7952 11.1999 17.8655 31.8642 27.5649 44.4132 26.3454 22.8638 20.2168 21.6919
threshold=297.50000000000006 120.07042142410546 81.177827455905984 5550.6588708235022 220.50000000000003 129.01430065629418 1.0000000180025095e-35 2403.3974140303649 77.924537077183359 62.134116718308341 36.073684210526316 55.598688340000002 15.379049111807733 4.4416666666666673
decision_type=2 8 10 10 10 10 10 10 8 10 10 2 10 2
left_child=5 2 -2 4 -4 6 7 11 9 -9 12 -1 -10 -14
right_child=1 -3 3 -5 -6 -7 -8 8 10 -11 -12 -13 13 -15
leaf_value=1.9361453296855982 -0.7660978548896914 0.021877119115776125 -0.45406403219367342 -0.91865434195924622 0.24161494353607538 0.022700544325799165 0.0061628580106358579 -0.56461166004441754 -0.42767284753611495 0.56512704840824524 0.747301870712757 0.00075340481172049502 -1.4855936614565899 -0.14745672411606497
leaf_weight=114 118 243 58 52 71 1499 1386 163 609 315 32 4690 40 665
leaf_count=114 118 243 58 52 71 1499 1386 163 609 315 32 4690 40 665
internal_value=-6.86158e-05 -0.0040884 -0.0091 -0.00412088 0.00161538 0.000160816 -0.000284467 -0.000932267 -0.00430685 0.00187891 -0.00650334 0.000349636 -0.0071635 -0.00369688
internal_weight=10055 542 299 181 129 9513 8014 6628 1824 478 1346 4804 1314 705
internal_count=10055 542 299 181 129 9513 8014 6628 1824 478 1346 4804 1314 705
is_linear=0
shrinkage=0.03


Tree=383
num_leaves=15
num_cat=0
split_feature=21 27 32 9 18 27 34 39 32 36 0 27 13 13
split_gain=8.55253 8.59616 19.1563 32.9707 22.6095 20.7233 20.6023 16.5236 13.9994 17.9722 16.3439 23.514 13.8655 16.7037
threshold=68.750000000000014 55.739195915000003 -286.49999999999994 31.015275591183336 1686.0231045237344 55.742540285000011 1391.5000000000002 153.21764428378336 -12.499999999999998 34.224342105263169 143.50000000000003 55.787792490000008 125.50000000000001 2.5000000000000004
decision_type=10 2 2 8 10 2 8 10 2 10 2 2 10 8
left_child=1 -1 3 12 6 -4 -5 8 10 -10 11 -7 13 -3
right_child=-2 2 5 4 -6 7 -8 -9 9 -11 -12 -13 -14 -15
leaf_value=-0.0054207113546594727 0.070134029878272053 -0.00034131122289856816 0.96769039596906858 0.10568874478167124 0.83763972473021631 0.002663889047912029 -0.040701014292767033 0.073265706758170665 0.00047867008780781765 -0.068188319852247811 -0.034748577670837333 0.50728982731748917 0.0070380642612786204 -0.3021198498315702
leaf_weight=8160 33 75 161 67 68 107 138 104 570 58 137 126 83 180
leaf_count=8160 33 75 161 67 68 107 138 104 570 58 137 126 83 180
internal_value=-2.08582e-05 -7.17489e-05 0.00176 -0.00259804 0.00514599 0.00386867 0.000145631 0.00239347 0.0012012 -0.00152623 0.0058221 0.010641 -0.00884956 -0.0123047
internal_weight=10067 10034 1874 611 273 1263 205 1102 998 628 370 233 338 255
internal_count=10067 10034 1874 611 273 1263 205 1102 998 628 370 233 338 255
is_linear=0
shrinkage=0.03


Tree=384
num_leaves=15
num_cat=0
split_feature=21 18 5 2 2 10 37 6 32 0 9 14 2 17
split_gain=10.3641 10.3408 25.8987 22.1702 39.959 23.8344 24.1016 21.702 17.5546 24.572 19.6555 16.8241 16.3 17.9366
threshold=67.300000000000011 2416.8697342295809 8.5000000000000018 12.675000000000002 15.175000000000002 1.0000000180025095e-35 -77.300007028961076 9.5000000000000018 202.50000000000003 233.50000000000003 37.85723618867501 -32.699999999999989 11.008333333333335 122.97837350000002
decision_type=10 8 2 2 2 8 10 2 2 2 10 10 2 10
left_child=1 -1 3 5 11 6 12 -7 9 10 -6 -5 13 -3
right_child=-2 2 -4 4 8 7 -8 -9 -10 -11 -12 -13 -14 -15
leaf_value=0.0085230057287653156 0.098749223899143326 -0.60845246679452569 0.087088216671553559 -0.024449111803355569 -0.023173934096808606 0.0086917187040105957 -0.14369181335633491 -0.027850897428287755 0.072456021435303761 -0.68759747201024546 0.014678520154181918 0.31469670181399351 -1.4284808052510922 0.30337138679188425
leaf_weight=5990 38 250 47 78 889 403 1204 83 258 82 279 355 78 43
leaf_count=5990 38 250 47 78 889 403 1204 83 258 82 279 355 78 43
internal_value=-5.06053e-05 -0.000110558 -0.00128148 -0.00154384 0.000756952 -0.00370999 -0.00550127 0.00209446 -0.0015507 -0.00302158 -0.00189906 0.0087788 -0.0121774 -0.00887755
internal_weight=10077 10039 4049 4002 1941 2061 1575 486 1508 1250 1168 433 371 293
internal_count=10077 10039 4049 4002 1941 2061 1575 486 1508 1250 1168 433 371 293
is_linear=0
shrinkage=0.03


Tree=385
num_leaves=15
num_cat=0
split_feature=17 40 41 36 24 0 36 10 27 36 26 37 37 26
split_gain=11.7223 9.86381 13.7553 15.638 10.1165 18.7261 17.3919 23.2963 24.8592 15.8658 14.6856 13.2536 13.9653 12.1538
threshold=-599.08346499999982 -391.99999999999994 -303.49999999999994 19.356601731601735 8.7657688930000024 226.50000000000003 16.484653930472913 1.0000000180025095e-35 55.636780655000003 35.739278131634826 37.385818965000006 237.05695470179816 -123.38875663538043 37.35703623500001
decision_type=8 8 8 8 10 2 8 10 2 10 2 8 10 2
left_child=-1 -2 3 -3 6 10 7 8 -4 -8 -6 12 -7 -11
right_child=1 2 4 -5 5 11 9 -9 -10 13 -12 -13 -14 -15
leaf_value=-0.07854385771599226 0.19231112607975809 0.13818999372249982 0.52051801655017993 -0.54378058806348095 -0.010904206509365768 0.0025582621705140694 -0.0054912334821567294 0.051117823463371043 -0.4512244625087718 -0.0065049468460085082 0.023650830196339741 0.055888118902695155 -0.81557838543487626 0.51523186957442224
leaf_weight=179 75 41 52 83 290 78 5959 31 318 60 2627 100 148 86
leaf_count=179 75 41 52 83 290 78 5959 31 318 60 2627 100 148 86
internal_value=-0.000245853 -0.000108554 -0.000191412 -0.01008 -6.46154e-05 0.00130395 -0.000746888 -0.00679104 -0.00889488 -0.000348837 0.00206648 -0.00550459 -0.00951542 0.00938776
internal_weight=10127 9948 9873 124 9749 3243 6506 401 370 6105 2917 326 226 146
internal_count=10127 9948 9873 124 9749 3243 6506 401 370 6105 2917 326 226 146
is_linear=0
shrinkage=0.03


Tree=386
num_leaves=15
num_cat=0
split_feature=2 18 9 18 9 22 26 0 23 26 17 41 20 9
split_gain=10.0249 12.1219 18.8669 11.6534 11.7815 20.9005 12.4028 9.36855 18.828 21.9588 17.4202 14.6703 11.8853 17.241
threshold=2.4250000000000003 15096.981061814129 13.974214364491669 11053.573393105557 0.95931095045000003 0.58434959349593507 37.705961470000005 233.50000000000003 0.93450283438026671 37.81759447000001 182.97837350000003 409.00000000000006 17.974825174825177 41.602921675050005
decision_type=2 10 10 10 10 8 2 2 2 2 8 8 10 10
left_child=1 2 -1 4 5 -2 -7 -6 9 12 -10 -11 13 -9
right_child=3 -3 -4 -5 7 6 -8 8 10 11 -12 -13 -14 -15
leaf_value=-0.023328906071396076 0.91200886611233878 -0.14958685428844126 0.036362846218665076 0.039364178871955681 0.0018396553486437028 -0.0096742505232625224 0.27315114178304306 -0.2091972826214635 -0.10233869289670906 1.6499258744165235 0.21969736373803128 -0.13517519729947111 -0.013705633389342864 -1.6155263632766641
leaf_weight=137 66 37 99 84 8336 214 73 282 93 31 177 37 180 137
leaf_count=137 66 37 99 84 8336 214 73 282 93 31 177 37 180 137
internal_value=7.51202e-05 -0.00558394 -0.00303797 0.000234785 0.000137114 0.00550847 0.00197917 -6.79319e-05 -0.00291045 -0.00561377 0.00376384 0.0104348 -0.00745 -0.0102143
internal_weight=9983 273 236 9710 9626 353 287 9273 937 667 270 68 599 419
internal_count=9983 273 236 9710 9626 353 287 9273 937 667 270 68 599 419
is_linear=0
shrinkage=0.03


Tree=387
num_leaves=15
num_cat=0
split_feature=14 6 0 23 38 38 2 41 39 36 37 37 26 38
split_gain=9.92907 14.1657 14.8237 21.3205 21.2361 25.3902 19.0145 23.1879 23.7615 18.0758 17.0461 19.0454 18.617 16.3427
threshold=17.250000000000004 10.500000000000002 39.500000000000007 0.053101503759398504 -120.49999999999999 -89.499999999999986 15.175000000000002 228.50000000000003 58.45239272460001 31.152007575757576 -265.78342392303801 -6.8904847512395682 37.462456390000007 163.50000000000003
decision_type=10 2 2 2 8 8 2 8 10 10 8 8 2 10
left_child=1 2 4 -4 -1 -6 9 8 -8 -5 -9 12 -12 -10
right_child=-2 -3 3 6 5 -7 7 10 13 -11 11 -13 -14 -15
leaf_value=-0.13191989229784995 0.029683359079999149 0.045610685194050295 -0.42557108612086669 0.0050546591379022482 0.28862322171983568 0.0012573178064220277 1.0372298850812289 -0.070976496100155162 -0.58230551270543496 -0.17323003537411635 2.3659272052243367 -0.027198536456764746 -0.02202032689144218 -0.33540879247866257
leaf_weight=441 1828 187 111 2006 246 4111 40 120 308 101 47 323 36 122
leaf_count=441 1828 187 111 2006 246 4111 40 120 308 101 47 323 36 122
internal_value=-0.000194456 -0.000640244 -0.000831149 -0.00240747 0.000225047 0.000860486 -0.00194265 -0.00535607 -0.0101911 -0.000327324 -0.00102467 0.00191646 0.0146429 -0.0122506
internal_weight=10027 8199 8012 3214 4798 4357 3103 996 470 2107 526 406 83 430
internal_count=10027 8199 8012 3214 4798 4357 3103 996 470 2107 526 406 83 430
is_linear=0
shrinkage=0.03


Tree=388
num_leaves=15
num_cat=0
split_feature=2 2 25 2 27 27 20 13 26 18 2 30 37 39
split_gain=8.4212 12.0748 20.603 22.1013 20.5259 22.2638 17.8893 27.2668 23.4998 17.5482 20.8003 16.9603 18.1328 20.8832
threshold=2.4250000000000003 5.2750000000000012 -101.49999999999999 4.6083333333333343 55.694533525000004 55.677144040000009 14.393196112064038 62.500000000000007 37.469100615000009 2956.6333404877869 3.6916666666666673 390.00000000000006 -34.8224196283632 72.734259284200007
decision_type=2 2 2 2 2 2 10 8 2 10 2 2 8 8
left_child=-1 2 -2 4 5 11 7 -5 -9 10 -6 12 -4 -14
right_child=1 -3 3 6 9 -7 -8 8 -10 -11 -12 -13 13 -15
leaf_value=-0.0096278697264225079 1.173638750965043 -0.0029848404114339471 -0.22705574936348255 0.79017968003272532 1.0853554758255506 -0.26545645890722386 0.97637286262623446 0.43562982484583895 -0.76736180658821607 -0.027247093037586999 0.13828036679242348 0.63736251856654913 1.2906447208250598 -0.0046407143680621665
leaf_weight=283 44 8374 164 89 99 164 150 42 56 107 75 75 55 219
leaf_count=283 44 8374 164 89 99 164 150 42 56 107 75 75 55 219
internal_value=-8.40252e-05 6.48548e-05 0.00270896 0.00201389 -0.000312826 -0.00314159 0.00860947 0.00239362 -0.00848485 0.00648936 0.0123429 -5.83658e-05 -0.00232346 0.0024
internal_weight=9996 9713 1339 1295 958 677 337 187 98 281 174 513 438 274
internal_count=9996 9713 1339 1295 958 677 337 187 98 281 174 513 438 274
is_linear=0
shrinkage=0.03


Tree=389
num_leaves=15
num_cat=0
split_feature=37 32 0 27 0 40 15 20 16 8 27 37 23 9
split_gain=11.7431 14.8937 14.806 16.3549 20.65 19.1293 17.8251 16.4217 18.3541 15.3325 22.3312 23.9568 33.2132 23.9511
threshold=230.48309129352927 334.00000000000006 226.50000000000003 55.733138875000002 359.50000000000006 -126.99999999999999 116.00548346600002 17.386185243328104 19.500000000000004 3.5000000000000004 55.738747010000004 -85.272677601214795 0.92605021128511067 39.959310950450011
decision_type=10 2 2 2 2 8 8 10 10 2 2 8 2 10
left_child=1 2 9 5 -5 -4 7 -7 -9 10 11 -1 -13 -12
right_child=-2 -3 3 4 -6 6 -8 8 -10 -11 13 12 -14 -15
leaf_value=-0.25414120560456338 0.02334192260894518 0.6447021273617648 -1.8628142844091755 0.23025914777914977 -0.50561369344463503 -0.98738559710658746 0.00181591847404849 1.1631329382876519 -0.34842368345726626 0.010526022998649864 0.037200621849063809 0.025482135599993936 -0.18652258453529891 -0.0088952410777459016
leaf_weight=1499 975 77 43 161 76 147 230 30 40 3163 431 2176 863 62
leaf_count=1499 975 77 43 161 76 147 230 30 40 3163 431 2176 863 62
internal_value=-2.10547e-05 -0.00036004 -0.000474109 -0.00457418 0.00189076 -0.00769857 -0.00582589 -0.0119725 0 -0.000109823 -0.00113871 -0.00179775 -0.000266447 0.00491903
internal_weight=9973 8998 8921 727 237 490 447 217 70 8194 5031 4538 3039 493
internal_count=9973 8998 8921 727 237 490 447 217 70 8194 5031 4538 3039 493
is_linear=0
shrinkage=0.03


Tree=390
num_leaves=15
num_cat=0
split_feature=2 18 34 18 9 24 0 26 9 2 16 2 2 39
split_gain=13.0461 15.7708 13.9757 11.5803 15.5559 11.4383 10.2142 20.3614 21.0047 24.2132 26.0111 20.6678 19.6147 19.3044
threshold=2.4250000000000003 11053.573393105557 2491.5470030985002 15096.981061814129 13.543111725775001 1957.0054834660002 -50.499999999999993 37.528475325000009 4.280016955233334 6.5083333333333337 17.500000000000004 17.591666666666672 17.258333333333336 126.20601913500002
decision_type=2 10 8 10 8 10 2 2 10 2 8 2 2 8
left_child=2 6 -1 4 5 -4 7 -2 -9 -10 -11 12 -12 -13
right_child=1 -3 3 -5 -6 -7 -8 8 9 10 11 13 -14 -15
leaf_value=-0.57223210363446841 0.51045029308006606 0.036248338588676446 0.001588367894954571 -0.15322648161741173 0.016670376548165028 -0.023045682219869943 -0.0023350688857895819 1.3972103625411003 1.1574296641697541 -0.32758557057643301 -0.025683023871415606 0.019462182043803154 -1.1497059414247957 1.383595478060204
leaf_weight=55 330 80 42 37 105 41 8143 84 106 223 581 79 43 60
leaf_count=55 330 80 42 37 105 41 8143 84 106 223 581 79 43 60
internal_value=-3.2967e-05 0.000151079 -0.00640569 -0.0030531 0 -0.00964286 4.04145e-05 0.00230922 0.000458794 -0.000658737 -0.00212766 0.000510471 -0.001824 0.0109286
internal_weight=10009 9729 280 225 188 83 9649 1506 1176 1092 986 763 624 139
internal_count=10009 9729 280 225 188 83 9649 1506 1176 1092 986 763 624 139
is_linear=0
shrinkage=0.03


Tree=391
num_leaves=15
num_cat=0
split_feature=5 32 14 38 27 32 18 27 36 2 9 39 2 22
split_gain=8.80752 14.334 18.7386 16.57 15.1322 19.2408 16.6499 12.8395 16.2909 16.2433 16.6953 15.8551 12.6185 12.3311
threshold=1.5000000000000002 -67.499999999999986 -19.050000000000008 -251.99999999999997 55.73777608000001 -2.4999999999999996 1543.8532591268515 55.691947835000008 18.637911801888901 5.2750000000000012 31.942810304358336 98.550998885008354 18.258333333333336 0.21644144144144148
decision_type=2 2 10 8 2 2 8 2 8 2 10 8 2 10
left_child=1 2 12 -3 5 7 -6 8 -5 -10 11 -11 -1 -2
right_child=13 3 -4 4 6 -7 -8 -9 9 10 -12 -13 -14 -15
leaf_value=-0.031011134262246162 0.0022552034729129422 1.2297196269565842 0.25130851953914507 0.19168197539742976 1.360990034142739 -0.0018843107672502815 0.0011252222739838592 -0.64374229078242917 -0.84736190233438879 -0.37248896057767406 -0.39524966773887538 1.9617515537073464 0.3118984314708475 -0.045526951098009076
leaf_weight=410 2574 33 694 70 102 1698 242 103 59 39 147 42 69 3713
leaf_count=410 2574 33 694 70 102 1698 242 103 59 39 147 42 69 3713
internal_value=-0.00039916 0.000760313 0.00350085 -0.000508675 -0.000791051 -0.00172302 0.00504348 -0.00715835 -0.00444134 -0.00760417 -0.00393013 0.00695122 -0.0010625 -0.00108302
internal_weight=9995 3708 1173 2535 2502 2158 344 460 357 287 228 81 479 6287
internal_count=9995 3708 1173 2535 2502 2158 344 460 357 287 228 81 479 6287
is_linear=0
shrinkage=0.03


Tree=392
num_leaves=15
num_cat=0
split_feature=2 36 27 27 18 18 18 0 14 23 10 35 36 27
split_gain=9.57563 13.2957 10.0267 14.9385 12.3899 9.84769 9.5665 17.8204 15.4491 20.5793 16.8841 19.1041 18.5897 20.361
threshold=2.4250000000000003 32.449450917369767 55.618974455000007 55.780282695000004 6468.8385765533449 9291.6330591507431 5279.6135619266743 -1.0000000180025095e-35 -19.799999999999986 0.92988043356799654 0.58333333333333337 6920.4643305738891 30.036688311688312 55.67037349000001
decision_type=2 8 2 2 8 8 10 2 8 2 10 10 8 2
left_child=1 -1 4 -4 -3 -5 -2 -8 9 -9 12 -12 13 -10
right_child=6 2 3 5 -6 -7 7 8 10 -11 11 -13 -14 -15
leaf_value=-0.24567625718470806 -0.00058178352363754012 1.4216353892835287 -0.1811843820237535 -0.0076649409038028757 -0.0054456142268442592 0.0095191424014334988 0.84531709550243561 -0.25807216114448717 0.68829356688670884 0.64916816389579712 -0.024826919967730402 0.0038051122951911613 1.4953476736350919 -0.37827302050787021
leaf_weight=72 9063 31 70 32 35 59 79 70 164 30 46 180 56 54
leaf_count=72 9063 31 70 32 35 59 79 70 164 30 46 180 56 54
internal_value=-2.09122e-05 -0.0053 -0.00171053 -0.00574074 0.0080597 0.00228261 0.00014164 0.00357353 0.001797 -0.00891089 0.0039521 -0.00211454 0.00894545 0.00493151
internal_weight=10041 299 227 161 66 91 9742 679 600 100 500 226 274 218
internal_count=10041 299 227 161 66 91 9742 679 600 100 500 226 274 218
is_linear=0
shrinkage=0.03


Tree=393
num_leaves=15
num_cat=0
split_feature=0 31 31 2 2 2 2 39 27 36 14 15 2 26
split_gain=11.9028 18.7692 19.5865 22.2506 25.9931 29.0727 21.0641 24.8508 19.636 18.0229 17.1015 14.8807 18.7335 16.6251
threshold=5.5000000000000009 47.500000000000007 37.500000000000007 7.6750000000000016 15.091666666666669 17.925000000000004 20.758333333333336 65.158333333333346 55.739756920000012 21.612619169220295 13.199999999999998 1271.0000000000002 12.841666666666669 37.81759447000001
decision_type=2 2 2 2 2 2 2 10 2 8 8 10 2 2
left_child=-1 2 3 -2 9 8 -7 -8 -6 10 -5 13 -13 -3
right_child=1 11 -4 4 5 6 7 -9 -10 -11 -12 12 -14 -15
leaf_value=0.0052366162705818967 -0.43914083937989085 0.0033603266400520225 -0.45929003985914824 0.89220550784289854 -0.89963961218534272 0.59683526896055827 0.26559129948262888 -0.88821136934245548 0.11322195712664979 -0.038033877671535557 0.0089761022413383518 -2.5232744042404804 -0.033684857063720416 0.61438690411474894
leaf_weight=4473 395 3518 299 224 169 115 46 58 43 235 139 50 136 148
leaf_count=4473 395 3518 299 224 169 115 46 58 43 235 139 50 136 148
internal_value=-5.97074e-06 -0.000930775 -0.00353248 -0.00206316 0.000262136 -0.00534722 0.00231818 -0.00742857 -0.0132394 0.00430718 0.00848901 0.000233584 -0.00802139 0.000654486
internal_weight=10048 5575 1723 1424 1029 431 219 104 212 598 363 3852 186 3666
internal_count=10048 5575 1723 1424 1029 431 219 104 212 598 363 3852 186 3666
is_linear=0
shrinkage=0.03


Tree=394
num_leaves=15
num_cat=0
split_feature=37 0 24 38 36 16 37 24 0 31 38 26 38 20
split_gain=8.62883 9.46171 21.8767 17.8869 16.5815 15.7852 15.8848 17.7845 24.1181 22.0214 18.7132 15.9156 24.5295 20.4297
threshold=956.0499789232947 11.500000000000002 669.06861826150009 -120.49999999999999 15.177865612648224 26.500000000000004 129.01430065629418 9.1025601505000022 219.50000000000003 112.25000000000001 -200.99999999999997 37.411881995000009 238.50000000000003 13.423205128205131
decision_type=10 2 10 8 8 8 10 10 2 2 8 2 8 10
left_child=1 3 4 -1 -3 6 7 9 -9 10 -6 13 -13 -12
right_child=-2 2 -4 -5 5 -7 -8 8 -10 -11 11 12 -14 -15
leaf_value=-0.10645011685123393 0.058688264094477659 -0.35768145065247975 -0.37113929734038359 0.005969099522319418 0.63496873712204194 0.10287193507715585 0.069246507533451615 0.12351227614048965 -0.42896487881765905 0.0040100959201936261 -0.1935756563763649 -0.19465559598529808 -0.44116101423423171 1.5253759150650283
leaf_weight=404 99 216 116 4217 56 549 1039 679 180 940 41 1080 405 40
leaf_count=404 99 216 116 4217 56 549 1039 679 180 940 41 1080 405 40
internal_value=-6.85748e-05 -0.000156579 -0.00101647 0.0008373 -0.000729047 -0.000377246 -0.000968393 -0.001955 0.00177907 -0.00320718 -0.00532348 -0.00593491 -0.00664199 0.00695122
internal_weight=10061 9962 5341 4621 5225 5009 4460 3421 859 2562 1622 1566 1485 81
internal_count=10061 9962 5341 4621 5225 5009 4460 3421 859 2562 1622 1566 1485 81
is_linear=0
shrinkage=0.03


Tree=395
num_leaves=15
num_cat=0
split_feature=2 5 40 0 27 2 2 31 36 31 20 32 22 35
split_gain=13.0613 17.4595 20.2138 18.4257 14.5257 12.1131 22.1836 32.1386 21.211 19.8461 15.4014 14.7294 13.3105 16.3612
threshold=21.675000000000004 14.500000000000002 -89.499999999999986 97.500000000000014 55.613787210000005 18.091666666666672 19.041666666666671 291.50000000000006 28.065919415366388 30.500000000000004 12.149324324324326 334.00000000000006 0.15424266455194294 1733.4316856035377
decision_type=2 2 8 2 2 2 2 2 8 2 8 2 8 10
left_child=5 2 -2 4 -4 -1 7 10 9 12 -7 -11 -8 -14
right_child=1 -3 3 -5 -6 6 8 -9 -10 11 -12 -13 13 -15
leaf_value=9.1531480709505786e-05 1.1876003162196598 0.015457526756143723 0.17106266985012039 -1.4355237696925718 -0.0074562137446364677 0.20170080910461932 -0.74565117301509332 -0.38588130361581691 0.20592450853273767 -0.27309628288997517 1.5873084102378303 0.87709556787361143 -0.37083113935476186 0.34212939632312572
leaf_weight=8309 39 37 56 59 307 83 34 78 309 351 133 32 32 145
leaf_count=8309 39 37 56 59 307 83 34 78 309 351 133 32 32 145
internal_value=0.000161919 -0.00456914 -0.00616883 -0.00808511 -0.00552198 0.000410224 0.00323038 0.0103729 0.000896018 -0.00242017 0.0163134 -0.00648437 0.00495283 0.00825843
internal_weight=10004 498 461 422 363 9506 1197 294 903 594 216 383 211 177
internal_count=10004 498 461 422 363 9506 1197 294 903 594 216 383 211 177
is_linear=0
shrinkage=0.03


Tree=396
num_leaves=15
num_cat=0
split_feature=17 23 24 17 27 39 6 41 16 5 27 20 13 6
split_gain=10.6334 12.03 8.08844 18.0188 15.3065 25.6774 35.1907 14.0596 13.1048 12.1947 13.7697 19.2437 22.8656 19.2886
threshold=-603.43138199999987 0.91437969924812046 14.943318116000002 -323.70134049999996 55.787792490000008 83.856092550983348 7.5000000000000009 50.500000000000007 6.5000000000000009 1.5000000000000002 55.644023925000006 9.9366596638655498 -165.49999999999997 5.5000000000000009
decision_type=8 2 8 8 2 10 2 8 10 2 2 10 10 2
left_child=1 -1 4 -4 9 6 -6 -5 -7 -2 -11 -12 -13 -14
right_child=2 -3 3 7 5 8 -8 -9 -10 10 11 12 13 -15
leaf_value=0.038439195739284455 0.033465504233715714 -0.22309387687225651 -0.12285110600691031 -0.11349946222252094 0.14844533096643886 2.2750649013380015 -0.5833252464605716 -0.00036813119612416037 0.036399764109305788 0.013136292210076873 -0.17376943840928277 0.65317460857847698 -0.28577637057923955 -0.0054641828367183367
leaf_weight=44 2896 86 49 166 227 69 107 1341 37 1887 878 62 282 1785
leaf_count=44 2896 86 49 166 227 69 107 1341 37 1887 878 62 282 1785
internal_value=-0.000211758 -0.00870229 -9.80893e-05 -0.00208092 0.000277002 0.00571429 0.00161194 -0.00149204 0.0185047 -3.08048e-05 -0.00094382 -0.00220412 -0.000661972 -0.00120406
internal_weight=9916 130 9786 1556 8230 440 334 1507 106 7790 4894 3007 2129 2067
internal_count=9916 130 9786 1556 8230 440 334 1507 106 7790 4894 3007 2129 2067
is_linear=0
shrinkage=0.03


Tree=397
num_leaves=15
num_cat=0
split_feature=2 2 2 27 6 27 38 18 19 39 16 2 38 27
split_gain=11.0708 17.8151 40.0983 34.8895 47.6959 31.226 30.4981 29.5636 24.4233 27.8232 23.5476 24.8735 32.5255 21.5927
threshold=20.841666666666672 12.758333333333335 14.091666666666669 55.638466300000012 2.5000000000000004 55.742540285000011 287.50000000000006 2577.9920129703596 126.40591306354266 26.148098799708336 9.5000000000000018 7.5083333333333337 157.50000000000003 55.743530740000004
decision_type=2 2 2 2 2 2 10 10 8 8 10 2 8 2
left_child=1 7 5 4 -4 -3 8 -1 9 -5 -9 12 -12 -8
right_child=-2 2 3 6 -6 -7 13 10 -10 -11 11 -13 -14 -15
leaf_value=0.011178630773926699 -0.0062493419473020825 0.05038385833145468 -1.1435440641247141 1.8996365856823643 0.17772825461225308 0.97028688019675724 0.013224062752500884 0.0034844548445204637 0.083373527315870416 -0.20222315340636779 0.42155062150136263 -0.53455258228739067 -0.097725911204204624 2.198329470912153
leaf_weight=3617 851 626 56 41 793 111 88 667 535 1370 229 696 324 51
leaf_count=3617 851 626 56 41 793 111 88 667 535 1370 229 696 324 51
internal_value=-2.98329e-06 0.000299837 0.00191993 0.00034753 0.00547059 0.00817073 -0.00174017 -0.000775208 -0.00271186 -0.00478045 -0.00378717 -0.006216 -0.00146209 0.0117857
internal_weight=10055 9204 3671 2934 849 737 2085 5533 1946 1411 1916 1249 553 139
internal_count=10055 9204 3671 2934 849 737 2085 5533 1946 1411 1916 1249 553 139
is_linear=0
shrinkage=0.03


Tree=398
num_leaves=15
num_cat=0
split_feature=2 16 5 17 21 38 35 39 21 2 12 2 27 13
split_gain=12.0823 26.3315 15.1664 24.8671 20.9689 17.4955 14.9412 14.256 13.4517 12.8927 23.9035 23.2582 20.4788 14.0767
threshold=20.925000000000004 13.500000000000002 3.5000000000000004 117.55865700000001 18.950000000000003 34.500000000000007 6115.8626917147021 121.02299734850835 68.750000000000014 18.091666666666672 196.50000000000003 19.041666666666671 55.616008930000007 29.500000000000004
decision_type=2 8 2 10 10 10 10 8 10 2 10 2 2 8
left_child=8 7 3 4 -3 6 -6 -2 9 -1 11 -11 -12 -13
right_child=1 2 -4 -5 5 -7 -8 -9 -10 10 12 13 -14 -15
leaf_value=-0.00076930744799462219 -0.81042480515083348 -0.004731206130757188 0.029497069788840233 -0.40735440125620659 -0.030238845224213832 0.51638000685007202 0.051944229571303471 -0.01002255142499923 0.083584960333069711 1.2451535054285847 -0.74226161479116104 0.72329395893465953 0.025806570997698373 0.015597042512723163
leaf_weight=8290 93 269 70 95 47 76 69 110 37 159 114 101 191 310
leaf_count=8290 93 269 70 95 47 76 69 110 37 159 114 101 191 310
internal_value=3.28947e-05 -0.00343373 -0.000382775 -0.00204668 0.000844156 0.00839378 0.00102564 -0.0127941 0.000345539 0.000271656 0.00373288 0.00735552 -0.00303922 0.00356796
internal_weight=10031 829 626 556 461 192 116 203 9202 9165 875 570 305 411
internal_count=10031 829 626 556 461 192 116 203 9202 9165 875 570 305 411
is_linear=0
shrinkage=0.03


Tree=399
num_leaves=15
num_cat=0
split_feature=36 21 6 0 9 32 36 41 10 38 2 35 38 20
split_gain=9.87832 9.65119 8.64232 14.7574 8.60465 22.5709 18.3429 22.5894 17.8539 17.718 18.8235 18.7702 17.6494 24.7218
threshold=10.145555555555555 68.750000000000014 10.500000000000002 49.500000000000007 30.94837788253334 -239.99999999999997 19.290209381214179 836.50000000000011 0.91666666666666685 -33.499999999999993 5.9250000000000016 1648.117464460383 -124.49999999999999 19.272704802259891
decision_type=8 10 2 2 8 2 8 8 10 8 2 10 8 8
left_child=-1 2 4 -4 5 9 7 8 -6 11 -11 -2 13 -7
right_child=1 -3 3 -5 6 12 -8 -9 -10 10 -12 -13 -14 -15
leaf_value=-0.28551429226601893 -0.33075838303119143 0.083060975515103191 0.0007244016915375365 1.1818670563884111 0.26152463949885218 -0.6078812527034797 -0.0013523910049906432 -0.067069814296811067 -0.12693767732603448 0.021645971296851751 -0.21553064884523854 0.36996764439027557 -0.00024362153985143522 0.072168920864521716
leaf_weight=35 47 37 137 50 652 159 3955 219 47 90 308 62 4143 80
leaf_count=35 47 37 137 50 652 159 3955 219 47 90 308 62 4143 80
internal_value=-0.000146677 -9.01172e-05 -0.000147739 0.0062234 -0.000270409 -0.00115951 0.000621666 0.00443961 0.00707143 -0.00714567 -0.0100752 0.00354545 -0.000465435 -0.008375
internal_weight=10021 9986 9949 187 9762 4889 4873 918 699 507 398 109 4382 239
internal_count=10021 9986 9949 187 9762 4889 4873 918 699 507 398 109 4382 239
is_linear=0
shrinkage=0.03


Tree=400
num_leaves=15
num_cat=0
split_feature=0 27 27 0 41 14 32 6 41 16 34 20 0 12
split_gain=8.13249 11.8761 9.5291 9.71673 9.27769 13.3523 18.1779 15.5372 15.3194 20.4395 14.8134 11.9501 10.5128 19.7783
threshold=408.50000000000006 55.621956935000007 55.731569795000006 445.50000000000006 300.50000000000006 20.800000000000008 334.00000000000006 7.5000000000000009 400.50000000000006 20.500000000000004 361.36555305900009 1.7071428571428573 183.50000000000003 221.50000000000003
decision_type=2 2 2 2 10 10 2 2 10 10 10 8 2 8
left_child=4 -2 3 -3 12 6 8 10 -6 11 -7 -10 -1 -14
right_child=1 2 -4 -5 5 7 -8 -9 9 -11 -12 -13 13 -15
leaf_value=0.0015078527693666588 -0.71635244870180403 -0.020612829803766761 -0.23519711562352993 0.21484748517681965 0.51836034030714073 -0.31054966906866494 -0.51958730056485936 0.5500052588651313 0.0051882580288392429 0.13772295081905525 0.12574002921547647 -1.4155782309092089 -0.33804373322806996 0.036052219246280118
leaf_weight=8344 37 30 64 31 160 43 46 85 34 93 32 59 582 439
leaf_count=8344 37 30 64 31 160 43 46 85 34 93 32 59 582 439
internal_value=2.08333e-05 -0.00662577 -0.00214286 0.00629032 0.000130067 0.00390597 0.000916031 0.0111801 0.0032853 -0.00256684 0.00118421 -0.0124468 -9.28892e-05 -0.00296477
internal_weight=10079 162 125 61 9917 552 392 160 346 186 75 93 9365 1021
internal_count=10079 162 125 61 9917 552 392 160 346 186 75 93 9365 1021
is_linear=0
shrinkage=0.03


Tree=401
num_leaves=15
num_cat=0
split_feature=26 9 41 10 39 37 40 40 27 15 24 0 23 37
split_gain=10.0957 29.5875 23.1967 22.794 27.205 30.9037 23.3342 23.9016 22.3795 22.1687 20.5698 21.8459 19.4298 19.2704
threshold=37.524607320000008 67.942810304358346 -130.49999999999997 0.91666666666666685 142.00114363769168 -66.399656488936429 -117.49999999999999 46.500000000000007 55.743919260000006 1535.5000000000002 8.8354870505000012 233.50000000000003 0.91808072092800319 -299.39960932523121
decision_type=2 10 8 8 8 8 8 10 2 10 10 2 2 8
left_child=2 3 12 4 5 6 -2 -8 -6 -4 -7 -12 -1 -3
right_child=1 13 9 -5 8 10 7 -9 -10 -11 11 -13 -14 -15
leaf_value=0.0099583056502203088 -0.61927829179100913 0.21028693832247711 0.0052482433212294628 0.004067412564486117 -0.36061018571921744 -0.026614615059908749 0.010861687221217621 -0.38869268228660042 0.61852137226272685 -0.19810210911609094 0.4046701010580494 -0.32282821162772674 0.90845240677490069 0.018836269950408831
leaf_weight=163 170 155 4547 752 1080 651 601 262 64 84 418 32 163 862
leaf_count=163 170 155 4547 752 1080 651 601 262 64 84 418 32 163 862
internal_value=-5.997e-05 -0.00100436 0.000901573 -0.00215827 -0.00323879 -0.00123653 -0.00496132 -0.00295139 -0.00696943 0.000356218 0.00225953 0.00718404 0.00862385 0.00356582
internal_weight=10004 5047 4957 4030 3278 2134 1033 863 1144 4631 1101 450 326 1017
internal_count=10004 5047 4957 4030 3278 2134 1033 863 1144 4631 1101 450 326 1017
is_linear=0
shrinkage=0.03


Tree=402
num_leaves=15
num_cat=0
split_feature=37 2 41 2 2 16 0 14 38 32 2 27 14 20
split_gain=11.4123 18.7739 36.9778 25.5387 24.5618 42.3896 29.3269 20.6407 17.157 15.5979 21.2934 18.825 15.886 17.9184
threshold=92.06270707875116 19.875000000000004 53.500000000000007 12.508333333333335 8.8416666666666686 8.5000000000000018 -2.4999999999999996 41.45000000000001 154.50000000000003 31.250000000000004 15.425000000000002 55.694533525000004 16.400000000000009 17.881541218637995
decision_type=10 2 10 2 2 10 2 10 10 2 2 2 10 8
left_child=-1 3 -3 4 6 -6 -2 8 -8 10 -5 -12 13 -11
right_child=1 2 -4 9 5 -7 7 -9 -10 12 11 -13 -14 -15
leaf_value=-0.0023038327756237462 0.91005490394429778 0.01910788508450624 -0.42096478073662097 0.64142467107802681 0.7571253352306937 -0.41726753385106169 0.0090295074617342645 0.41024111552356352 -0.491846126120286 -0.043042095676969296 -0.27012530685304181 0.052671225799125386 1.0893354153983095 0.5229745092683824
leaf_weight=7842 96 285 170 85 69 188 554 54 73 161 103 53 201 112
leaf_count=7842 96 285 170 85 69 188 554 54 73 161 103 53 201 112
internal_value=0.000161242 0.00206803 -0.00335526 0.00348 0.000463768 -0.00755814 0.00312339 0.000923754 -0.000621019 0.0078352 0.00161157 -0.00496815 0.0109895 0.00624088
internal_weight=10046 2204 455 1749 1034 257 777 681 627 715 241 156 474 273
internal_count=10046 2204 455 1749 1034 257 777 681 627 715 241 156 474 273
is_linear=0
shrinkage=0.03


Tree=403
num_leaves=15
num_cat=0
split_feature=36 15 2 12 22 15 12 13 41 16 0 21 16 12
split_gain=10.3119 12.1026 10.6555 12.6537 9.66468 25.4185 15.9325 18.0347 16.8219 14.8293 14.4432 15.4637 14.1242 16.3142
threshold=34.854978354978364 66.028759112500012 11.258333333333335 136.50000000000003 0.24417344173441738 323.50000000000006 -127.49999999999999 -86.499999999999986 -38.499999999999993 17.500000000000004 -105.49999999999999 13.950000000000001 26.500000000000004 -204.49999999999997
decision_type=10 10 2 10 8 8 10 10 10 10 2 10 8 10
left_child=4 -2 -3 -4 5 6 9 8 -8 -1 11 12 13 -6
right_child=1 2 3 -5 10 -7 7 -9 -10 -11 -12 -13 -14 -15
leaf_value=-1.3327013605802844 0.34176329024825464 -0.060996382473145441 1.8424975051132311 -0.021471825662541844 -0.029775580400790886 0.53922622335604242 0.70147880434066967 0.0071423070132508549 -0.26257434581738015 -0.074011088018424973 -0.0063182046093223799 -0.18384898206867262 0.027787968168172909 1.4417162539772082
leaf_weight=74 143 56 33 44 45 114 163 2825 51 185 5894 121 176 107
leaf_count=74 143 56 33 44 45 114 163 2825 51 185 5894 121 176 107
internal_value=0.00014055 0.00584838 -0.000671642 0.00653846 -2.15252e-05 0.00126575 0.000782055 0.00139145 0.00976744 -0.00634615 -0.000714061 0.00446667 0.00784195 0.0145098
internal_weight=10031 276 133 77 9755 3412 3298 3039 214 259 6343 449 328 152
internal_count=10031 276 133 77 9755 3412 3298 3039 214 259 6343 449 328 152
is_linear=0
shrinkage=0.03


Tree=404
num_leaves=15
num_cat=0
split_feature=15 16 27 39 19 38 27 38 38 30 14 18 38 26
split_gain=10.2492 18.0256 15.6798 18.1998 16.679 15.7348 20.5548 18.9751 13.9938 13.9781 29.5627 21.8341 20.0076 23.0612
threshold=737.50000000000011 13.500000000000002 55.614694865000004 55.608333333333341 349.65115002405577 406.00000000000006 55.689390595000006 -41.499999999999993 53.500000000000007 570.00000000000011 -2.799999999999994 1543.8532591268515 83.500000000000014 37.41251620500001
decision_type=10 10 2 8 8 10 2 8 10 2 10 8 10 2
left_child=9 2 -2 -4 5 6 -5 -8 -9 11 -11 12 -1 -14
right_child=1 -3 3 4 -6 -7 7 8 -10 10 -12 -13 13 -15
leaf_value=0.012423040299037317 -3.1014999367631746 0.047705856495656743 -0.11035036247146876 0.066508668000771584 0.04559079131828888 -1.8046577177988863 0.031555243565625384 -0.10154472501281449 -0.011547091880119082 0.0016221064077518576 -0.26757044640483951 -0.005061816609468508 -0.55287786645572723 0.44481995902258981
leaf_weight=1804 40 295 73 181 194 32 37 94 99 711 390 5451 40 599
leaf_count=1804 40 295 73 181 194 32 37 94 99 711 390 5451 40 599
internal_value=0.000143412 0.00295411 0.000479361 0.00151899 0.00315047 -6.75676e-05 0.00152913 -0.00441558 -0.00819588 -0.000183415 -0.00334846 0.000258391 0.00261457 0.00717188
internal_weight=10040 1045 750 710 637 443 411 230 193 8995 1101 7894 2443 639
internal_count=10040 1045 750 710 637 443 411 230 193 8995 1101 7894 2443 639
is_linear=0
shrinkage=0.03


Tree=405
num_leaves=15
num_cat=0
split_feature=40 40 41 16 0 22 38 26 26 3 9 41 20 0
split_gain=11.5047 14.6875 13.6011 19.8686 26.6194 15.6372 10.6589 14.7353 19.3211 29.9514 24.0778 18.5983 14.2534 13.2861
threshold=920.50000000000011 782.50000000000011 409.00000000000006 20.500000000000004 192.50000000000003 0.71651785714285732 -120.49999999999999 37.853990420000009 37.564656845000009 1.0000000180025095e-35 28.779117934708339 43.500000000000007 15.793325917686319 -126.49999999999999
decision_type=10 10 10 10 2 10 8 2 2 2 10 8 8 2
left_child=1 2 6 5 -5 -4 7 8 10 13 12 -11 -1 -10
right_child=-2 -3 3 4 -6 -7 -8 -9 9 11 -12 -13 -14 -15
leaf_value=-0.54489938448153985 -0.084371445347771745 0.57670784529161512 -1.0236473113267561 0.44177975184338564 -0.32953696106538399 0.013790047632390525 0.0030541771436651977 0.27007120145183866 0.031502154786414709 0.21737193313459996 0.82990768030755024 -0.01899613030766132 0.049129788509187283 -0.70075137396367781
leaf_weight=52 34 38 113 54 47 31 8953 32 58 47 115 57 51 335
leaf_count=52 34 38 113 54 47 31 8953 32 58 47 115 57 51 335
internal_value=2.69515e-05 8.71394e-05 1.50814e-05 -0.00695122 0.00323529 -0.014069 0.000191733 -0.00324866 -0.00414804 -0.00740964 0.00328767 0.00685714 -0.00721154 -0.0111929
internal_weight=10017 9983 9945 245 101 144 9700 747 715 497 218 104 103 393
internal_count=10017 9983 9945 245 101 144 9700 747 715 497 218 104 103 393
is_linear=0
shrinkage=0.03


Tree=406
num_leaves=15
num_cat=0
split_feature=8 27 3 25 2 2 27 0 25 39 27 27 32 2
split_gain=9.5567 25.5049 33.5952 26.4443 20.2493 27.2344 22.2785 25.368 21.0774 19.612 21.9563 28.9783 21.9153 36.6215
threshold=3.5000000000000004 55.739195915000003 1.0000000180025095e-35 -212.49999999999997 13.841666666666669 13.175000000000002 55.613787210000005 -46.499999999999993 217.50000000000003 81.417695106666685 55.645045425000006 55.696490845000007 -286.49999999999994 8.9250000000000025
decision_type=2 2 2 2 2 2 2 2 2 10 2 2 2 2
left_child=1 3 -3 -1 5 9 8 -8 -6 10 -2 -12 13 -13
right_child=4 2 -4 -5 6 -7 7 -9 -10 -11 11 12 -14 -15
leaf_value=-0.47524466027231071 0.21400886380192857 1.2048264043918513 -0.0014148586185060547 -0.018117918139686714 0.7157608456578306 0.39544457709366498 0.2454299365585354 -0.049092801659555541 -0.046633179625372861 -0.023923854269712164 -0.10713308676321105 0.060325401143758138 0.25702209269782633 -0.18726490294626985
leaf_weight=94 335 303 283 5537 78 167 132 1129 45 853 229 208 509 146
leaf_count=94 335 303 283 5537 78 167 132 1129 45 853 229 208 509 146
internal_value=-1.19415e-05 -0.000738179 0.00521295 -0.00135831 0.00116649 0.00280637 -0.00173285 -0.00292393 0.0104032 0.00194651 0.00409664 0.00203111 0.00454861 -0.0011831
internal_weight=10048 6217 586 5631 3831 2447 1384 1261 123 2280 1427 1092 863 354
internal_count=10048 6217 586 5631 3831 2447 1384 1261 123 2280 1427 1092 863 354
is_linear=0
shrinkage=0.03


Tree=407
num_leaves=15
num_cat=0
split_feature=17 18 2 2 2 2 40 2 27 32 24 27 27 20
split_gain=10.5361 10.7973 23.7153 25.3962 22.2828 28.2143 24.1838 26.6365 24.0394 23.9864 23.8684 19.9836 19.601 39.3204
threshold=-603.43138199999987 1543.8532591268515 12.258333333333335 15.841666666666669 8.5416666666666696 8.1750000000000025 88.500000000000014 3.0750000000000006 55.706838720000007 -114.49999999999999 3.3285579490000003 55.733896435000005 55.671247645000008 13.141196013289038
decision_type=8 8 2 2 2 2 10 2 2 2 10 2 2 8
left_child=-1 4 -3 11 5 6 7 8 -2 12 -11 -4 13 -6
right_child=1 2 3 -5 9 -7 -8 -9 -10 10 -12 -13 -14 -15
leaf_value=-0.10153326974408211 -0.47818873265118039 -0.022386405501216608 0.060722563307161741 -0.0043546201126226508 0.18503145392313086 1.3946751152102959 -0.31972056625349232 0.22198596318074273 0.52837094741518542 0.3820151452627728 -0.0040301425426695365 0.41499848001454775 -0.11335780141467382 -0.19952403069616806
leaf_weight=127 87 3114 971 1895 438 71 169 789 38 453 709 176 737 220
leaf_count=127 87 3114 971 1895 438 71 169 789 38 453 709 176 737 220
internal_value=-0.00012006 -9.12039e-06 -0.0007796 0.00110417 0.00126886 0.00472727 0.00351476 0.00544262 -0.00738095 -0.000293198 0.00288908 0.00462544 -0.00294413 0.000819423
internal_weight=9994 9867 6156 3042 3711 1154 1083 914 125 2557 1162 1147 1395 658
internal_count=9994 9867 6156 3042 3711 1154 1083 914 125 2557 1162 1147 1395 658
is_linear=0
shrinkage=0.03


Tree=408
num_leaves=15
num_cat=0
split_feature=26 31 41 9 39 24 37 26 9 20 40 27 35 24
split_gain=11.7595 28.3134 24.7675 19.6759 23.8597 29.6789 23.5731 28.4645 33.8285 34.972 26.588 23.6733 21.4868 26.6479
threshold=37.533866470000014 -44.499999999999993 -130.49999999999997 68.026028440000019 142.00114363769168 0.83548705050000016 -28.930213479903099 37.819350775000011 39.959310950450011 13.080540540540541 38.500000000000007 55.68999778500001 6115.8626917147021 1383.9026729520003
decision_type=2 2 8 10 10 10 8 2 10 8 8 2 10 10
left_child=1 -1 -3 4 6 -6 7 8 -2 -10 -11 -12 13 -5
right_child=3 2 -4 12 5 -7 -8 -9 9 10 11 -13 -14 -15
leaf_value=0.24093916019018186 -0.41719059355653526 0.28622723481002976 -0.0045506002046054447 0.035984897526525589 0.27165754398384806 -0.36048494934047104 0.0053742885327476 0.32137174641164107 -0.3088548844196139 0.3590347771688937 -0.18387758770667506 0.50380389246008006 1.0027349563571564 -0.34727703019228856
leaf_weight=653 682 223 4257 853 91 656 1573 214 316 216 128 72 69 44
leaf_count=653 682 223 4257 853 91 656 1573 214 316 216 128 72 69 44
internal_value=-0.000367237 0.00063693 -0.000214238 -0.00141607 -0.00235503 -0.00717914 -0.00122736 -0.00375691 -0.00530035 -0.000818554 0.00489209 -0.00298507 0.00241986 0.00116927
internal_weight=10047 5133 4480 4914 3948 747 3201 1628 1414 732 416 200 966 897
internal_count=10047 5133 4480 4914 3948 747 3201 1628 1414 732 416 200 966 897
is_linear=0
shrinkage=0.03


Tree=409
num_leaves=15
num_cat=0
split_feature=2 9 0 27 18 9 36 36 20 14 35 5 23 18
split_gain=9.13695 17.6255 21.065 18.1996 13.9528 23.5422 20.1703 18.5958 20.5028 18.274 17.7793 13.2564 20.8166 16.0769
threshold=21.675000000000004 13.543111725775001 88.500000000000014 55.613787210000005 5279.6135619266743 71.01527559118334 29.296234078828608 25.587832874196511 23.437728937728938 -2.1999999999999988 6920.4643305738891 1.5000000000000002 0.8422647527910686 1948.3160041284345
decision_type=2 8 2 2 10 8 10 10 10 10 10 2 2 10
left_child=4 -2 3 -3 11 6 7 10 9 -9 -6 12 -1 -14
right_child=1 2 -4 -5 5 -7 -8 8 -10 -11 -12 -13 13 -15
leaf_value=-0.02759386020373206 -0.023193361814570459 0.68943945049471433 -0.30720375127700789 -0.00059827793716557716 0.23854231347882474 1.0784950776352367 0.21985866806521312 -0.090782655280065391 -0.87919261021705564 0.33298410602794443 -0.0053742360253152769 -0.012308977962752923 0.16818503009386956 -0.0088888884702259044
leaf_weight=390 102 47 88 272 163 54 134 49 50 37 250 5540 1650 1153
leaf_count=390 102 47 88 272 163 54 134 49 50 37 250 5540 1650 1153
internal_value=-0.000147295 -0.00405882 -0.00125 0.00234375 6.33513e-05 0.00402439 0.0025 -5.45455e-05 -0.00963504 -0.000689655 0.00311594 -0.000271353 0.001268 0.0021719
internal_weight=9979 509 407 319 9470 737 683 549 136 86 413 8733 3193 2803
internal_count=9979 509 407 319 9470 737 683 549 136 86 413 8733 3193 2803
is_linear=0
shrinkage=0.03


Tree=410
num_leaves=15
num_cat=0
split_feature=36 0 37 38 32 31 39 9 39 39 8 37 32 26
split_gain=16.6618 13.9692 13.6175 25.1231 14.1418 13.8992 17.7996 16.7067 15.125 16.0601 14.1796 15.0641 13.505 21.8228
threshold=15.002564102564106 90.500000000000014 129.01430065629418 191.50000000000003 334.00000000000006 138.50000000000003 81.026028440000019 50.01527559118334 53.578083241216675 58.119059391266674 2.5000000000000004 163.73248783213054 39.500000000000007 37.513383810000008
decision_type=8 2 10 10 2 2 10 10 8 8 2 10 2 2
left_child=1 -1 4 5 -2 8 -7 -8 -4 -10 11 -11 -5 -14
right_child=2 -3 3 12 -6 6 7 -9 9 10 -12 -13 13 -15
leaf_value=-0.010784572208696091 -0.0043258291647818694 -0.3503733427977494 1.1388597484281269 -0.10532593507889688 0.78576234761658925 -0.034753938193317423 0.0085732018320909126 1.4402587089341845 -0.81296673824904686 0.5538973117790662 0.13468354283770978 -0.0049798934626382012 -0.33188751807188677 1.1719291731415316
leaf_weight=171 8138 116 71 69 55 275 120 64 33 123 276 342 127 37
leaf_count=171 8138 116 71 69 55 275 120 64 33 123 276 342 127 37
internal_value=-0.000284488 -0.00739583 -7.39903e-05 0.00251625 -0.000560166 0.00413793 -6.52174e-05 0.00713514 0.00641844 0.0051871 0.00610512 0.002897 -0.00653846 -0.00181818
internal_weight=10017 287 9730 1537 8193 1304 459 184 845 774 741 465 233 164
internal_count=10017 287 9730 1537 8193 1304 459 184 845 774 741 465 233 164
is_linear=0
shrinkage=0.03


Tree=411
num_leaves=15
num_cat=0
split_feature=23 16 22 39 39 17 5 27 27 25 41 36 40 35
split_gain=10.5461 15.8582 17.7394 16.6593 26.2614 17.586 16.2583 15.3482 19.4978 23.0363 21.2675 19.3153 25.4258 16.2448
threshold=0.89668856048166401 20.500000000000004 0.18544973544973548 236.65833333333336 436.13333333333338 -603.43138199999987 1.5000000000000002 55.553544570000007 55.572060790000002 -20.499999999999996 -185.49999999999997 20.301428833119623 -4.4999999999999991 2538.4639002497279
decision_type=2 8 10 10 10 8 2 2 2 2 8 10 10 10
left_child=-1 -2 6 5 -5 -4 -3 -7 -9 11 -11 13 -13 -10
right_child=1 2 3 4 -6 7 -8 8 9 10 -12 12 -14 -15
leaf_value=-0.006005190949470998 -0.014538543290362894 0.7334365876242781 -0.27047824391954234 0.56487017540530116 -1.1938119679177264 1.8773131961154479 0.13130073416434826 -0.98161888291493848 -0.10456330121071065 1.2364382513382262 0.041309012106098775 -0.019265577941185084 -0.74142847367741405 0.3856799722633002
leaf_weight=4119 3001 177 40 138 49 57 271 85 331 53 1362 123 130 150
leaf_count=4119 3001 177 40 138 49 57 271 85 331 53 1362 123 130 150
internal_value=-0.00023793 0.000568029 0.00212336 0.00114331 0.00973404 0.000450257 0.00761693 0.000798429 0.000402685 0.000962791 0.00319915 -0.00334694 -0.0100394 0.000186722
internal_weight=10086 5967 2966 2518 187 2331 448 2291 2234 2149 1415 734 253 481
internal_count=10086 5967 2966 2518 187 2331 448 2291 2234 2149 1415 734 253 481
is_linear=0
shrinkage=0.03


Tree=412
num_leaves=15
num_cat=0
split_feature=18 27 35 10 26 39 39 39 13 5 3 18 9 19
split_gain=9.09424 20.211 18.798 23.5259 14.9117 18.9889 15.4851 15.1514 17.6496 13.1204 23.2093 15.1176 14.1393 14.7212
threshold=2403.3974140303649 55.600390860000012 3132.3811251166635 0.58333333333333337 37.537139550000006 63.358333333333341 106.14259261753335 77.518621057533338 87.500000000000014 1.5000000000000002 1.0000000180025095e-35 118.51997204039945 107.48456836212502 117.00740564993801
decision_type=8 2 8 8 2 10 8 10 8 2 2 10 8 10
left_child=1 -1 3 4 5 -2 -6 -7 -9 10 11 -3 -13 -14
right_child=2 9 -4 -5 6 7 -8 8 -10 -11 -12 12 13 -15
leaf_value=0.96254302598746755 -0.9810660993684176 -0.51443864798641104 -0.0021597633737950872 0.054690417915248306 0.10121647601206282 0.78118605339279812 -0.89871019667057672 0.067494494716343639 -0.84449568183621859 -0.014102386991651769 -0.040523033806287002 0.10879311844543962 -0.048228777255675009 0.85454155068037319
leaf_weight=138 146 48 3397 60 42 70 194 135 41 3655 202 1708 50 102
leaf_count=138 146 48 3397 60 42 70 194 135 41 3655 202 1708 50 102
internal_value=-0.000402443 0.00035061 -0.00149046 -0.00600871 -0.00772655 -0.00412214 -0.0136709 0.00097166 -0.00372881 7.80437e-05 0.00196116 0.00298586 0.00341752 0.0121569
internal_weight=9988 5903 4085 688 628 392 236 246 176 5765 2110 1908 1860 152
internal_count=9988 5903 4085 688 628 392 236 246 176 5765 2110 1908 1860 152
is_linear=0
shrinkage=0.03


Tree=413
num_leaves=15
num_cat=0
split_feature=5 23 0 2 41 0 12 0 37 39 12 2 40 12
split_gain=11.3731 16.8335 19.6877 11.7963 21.9052 13.3306 10.8866 29.6351 22.9815 16.9171 18.4393 18.1402 22.6289 18.0979
threshold=12.500000000000002 0.97700845665961955 -19.499999999999996 21.675000000000004 -70.499999999999986 131.50000000000003 47.500000000000007 38.500000000000007 190.72459715463859 80.550000000000011 -138.49999999999997 15.091666666666669 -19.499999999999996 2.5000000000000004
decision_type=2 2 2 2 8 2 8 2 10 8 10 2 10 10
left_child=3 2 -2 6 -5 -6 7 -1 9 11 -11 12 -9 -13
right_child=1 -3 -4 4 5 -7 -8 8 -10 10 -12 13 -14 -15
leaf_value=-0.00085374079137721991 -0.12896717103690761 -0.013679315381903052 0.086368062671559109 2.7196974489876298 -0.0057741541166408342 -0.53297371907880087 0.0080211753888509915 0.49520994441990801 0.33153491824857623 0.12768578473708858 -0.58840991165188383 0.11280297709216228 -0.18164458534628228 -1.4264800351320521
leaf_weight=3615 53 180 180 30 397 57 4590 100 122 55 350 31 166 69
leaf_count=3615 53 180 180 30 397 57 4590 100 122 55 350 31 166 69
internal_value=-0.000303121 0.00456522 0.00987179 -0.000513409 -0.00507216 -0.00672527 -0.000270359 -0.00131737 -0.00620805 -0.00812176 -0.0123399 -0.00343324 0.000674157 -0.0142574
internal_weight=9995 413 233 9582 484 454 9098 4508 893 771 405 366 266 100
internal_count=9995 413 233 9582 484 454 9098 4508 893 771 405 366 266 100
is_linear=0
shrinkage=0.03


Tree=414
num_leaves=15
num_cat=0
split_feature=14 14 14 40 5 5 2 2 39 39 23 19 12 18
split_gain=9.39723 12.4282 19.5888 17.7083 18.0361 14.0967 20.297 16.301 15.4894 19.6071 13.6854 13.0312 11.8304 13.6287
threshold=17.250000000000004 4.9999999999999938 6.4999999999999991 -100.49999999999999 9.5000000000000018 5.5000000000000009 10.141666666666667 21.425000000000004 221.18333333333337 100.04166666666667 0.9388999502239922 38.935685127601943 -87.499999999999986 628.4246012548457
decision_type=10 10 10 8 2 2 2 2 10 10 2 10 10 10
left_child=1 5 -3 10 -5 -1 -7 8 9 -8 -4 -10 -2 -14
right_child=12 2 3 4 -6 6 7 -9 11 -11 -12 -13 13 -15
leaf_value=-0.0028710512701642251 1.654840596861723 -0.3462402325326519 -0.35864384209076122 0.013643830178591927 -0.35397742586324399 0.16012463701565954 0.0031404113219294771 0.014414880509540576 -0.047858957082969056 -0.1846087691976013 0.16127593679074839 0.37546197890927846 -0.11754566133598718 0.049947201725541103
leaf_weight=6162 43 235 211 1026 55 257 80 32 30 73 32 31 190 1631
leaf_count=6162 43 235 211 1026 55 257 80 32 30 73 32 31 190 1631
internal_value=-0.000249777 -0.000685714 -0.00309615 -0.00167547 -2.77264e-05 -0.000121512 0.00470238 -0.00145749 -0.00446512 -0.00954545 -0.00897541 0.00822581 0.00167292 0.00130077
internal_weight=10088 8224 1559 1324 1081 6665 503 246 214 153 243 61 1864 1821
internal_count=10088 8224 1559 1324 1081 6665 503 246 214 153 243 61 1864 1821
is_linear=0
shrinkage=0.03


Tree=415
num_leaves=15
num_cat=0
split_feature=27 36 10 39 39 18 6 13 2 23 14 9 16 36
split_gain=7.93835 18.6663 27.246 22.8197 45.2407 33.3417 32.2591 24.6089 21.5159 29.7766 23.1722 19.7598 18.5318 17.8667
threshold=55.633974685000005 25.587832874196511 1.0000000180025095e-35 77.518621057533338 83.856092550983348 3590.5717698020812 7.5000000000000009 78.500000000000014 18.258333333333336 0.55544189852700498 33.900000000000013 98.137351403558355 16.500000000000004 27.768707865168544
decision_type=2 8 8 10 10 8 2 8 2 2 8 10 8 10
left_child=1 2 8 5 -5 12 13 -8 9 -1 -10 -4 -3 -6
right_child=-2 3 11 4 6 -7 7 -9 10 -11 -12 -13 -14 -15
leaf_value=-1.7570972908680773 -0.0031529582618249293 -0.010917995538126078 -0.12918758464017652 -1.5473756301179316 -0.001871533222204324 -0.013524886011189325 1.5188512958881997 -0.0096268459830682572 -0.7483156007234214 0.57699143113905749 0.12567611986909341 0.63945121079731981 0.93364535522698611 -0.27593305124038064
leaf_weight=33 7986 50 148 203 193 321 103 94 100 496 50 31 150 100
leaf_count=33 7986 50 148 203 193 321 103 94 100 496 50 31 150 100
internal_value=-0.00014912 0.00150507 0.00488941 -0.000888889 -0.00445245 0.00385057 0.000488798 0.00984848 0.00763235 0.0104717 -0.00238411 -0.0055 0.0134328 -0.00581633
internal_weight=10058 2072 858 1214 693 521 490 197 679 529 150 179 200 293
internal_count=10058 2072 858 1214 693 521 490 197 679 529 150 179 200 293
is_linear=0
shrinkage=0.03


Tree=416
num_leaves=15
num_cat=0
split_feature=13 13 26 16 23 35 23 9 9 41 26 38 31 0
split_gain=10.2458 23.303 15.5343 18.3375 13.7985 19.9992 18.1874 13.3412 12.9416 12.5683 12.4866 11.3855 12.13 10.0601
threshold=-110.49999999999999 -89.499999999999986 37.528475325000009 13.500000000000002 0.87742581695254807 2517.8302918888348 0.97793998377939995 70.01527559118334 33.902121254808343 19.500000000000004 37.674940395000007 67.500000000000014 -200.99999999999997 -126.49999999999999
decision_type=8 8 2 10 2 10 2 10 10 10 2 10 2 2
left_child=2 7 9 -4 8 6 10 -2 -5 11 -6 -1 -13 -3
right_child=1 13 3 4 5 -7 -8 -9 -10 -11 -12 12 -14 -15
leaf_value=0.16327906625831914 0.14405735536427475 0.55383923358357279 -0.66738812515786239 -0.57310502370434857 -2.9075454731959596 0.068141010841150262 0.082520218906999218 1.672331637907172 0.25202416365034608 1.2051259291311858 -0.45074845194332103 0.0025164867277294432 -0.64588147972422238 -0.0022774989663941255
leaf_weight=84 293 122 101 30 53 108 49 45 94 56 202 31 31 8725
leaf_count=84 293 122 101 30 53 108 49 45 94 56 202 31 31 8725
internal_value=-0.000221446 6.85826e-05 -0.00339286 -0.00568966 -0.00346369 -0.00610169 -0.0100328 0.00778761 0.00528 0.00384236 -0.0132422 -0.000816327 -0.0104762 -0.00022717
internal_weight=10024 9185 839 637 536 412 304 338 124 202 255 146 62 8847
internal_count=10024 9185 839 637 536 412 304 338 124 202 255 146 62 8847
is_linear=0
shrinkage=0.03


Tree=417
num_leaves=15
num_cat=0
split_feature=26 27 35 6 27 2 3 27 2 39 0 38 25 0
split_gain=11.108 13.8497 17.8043 11.3536 11.5162 24.1613 24.3716 23.0619 20.3461 20.0255 17.0802 27.051 16.8073 29.7094
threshold=37.367299270000011 55.617760000000004 3925.4256013684826 10.500000000000002 55.743955600000007 9.2750000000000021 1.0000000180025095e-35 55.801236590000009 14.341666666666669 115.38333333333334 326.50000000000006 28.500000000000004 -1.4999999999999998 -9.4999999999999982
decision_type=2 2 10 2 2 2 2 2 2 8 2 8 2 2
left_child=1 2 -1 4 10 9 7 8 -7 -6 12 -12 13 -2
right_child=3 -3 -4 -5 5 6 -8 -9 -10 -11 11 -13 -14 -15
leaf_value=1.4329414261850215 -0.0062536237058016296 -0.022388460553752307 -0.090253479389453842 0.05839750914579294 -0.49398669903959558 0.73523898890337858 0.001011880949190644 2.146064243642769 -0.11028269337307171 0.0019659171870922165 0.16932459414121695 -0.4851452418703105 0.0071813652549194982 -0.16971963162127579
leaf_weight=42 2091 382 37 159 118 78 352 100 94 226 99 203 5077 914
leaf_count=42 2091 382 37 159 118 78 352 100 94 226 99 203 5077 914
internal_value=-0.000457235 -0.005 0.006375 -0.000236543 -0.000372073 0.00272446 0.00624 0.012967 0.00624277 -0.00365217 -0.000729875 -0.00772277 -0.000467648 -0.00224551
internal_weight=9972 461 79 9511 9352 968 624 272 172 344 8384 302 8082 3005
internal_count=9972 461 79 9511 9352 968 624 272 172 344 8384 302 8082 3005
is_linear=0
shrinkage=0.03


Tree=418
num_leaves=15
num_cat=0
split_feature=14 19 40 27 27 13 8 23 26 26 2 40 38 0
split_gain=8.74075 27.3875 13.2554 9.25406 9.57842 8.66132 14.4148 17.4281 18.2548 16.6678 12.469 12.5158 11.7722 10.2372
threshold=-49.349999999999987 96.00936429919939 316.50000000000006 55.709499795000006 55.787792490000008 -127.49999999999999 3.5000000000000004 0.88769777573950936 37.694436320000008 37.513383810000008 14.925000000000002 64.500000000000014 -16.499999999999996 282.50000000000006
decision_type=8 8 8 2 2 8 2 2 2 2 2 8 10 2
left_child=1 2 -1 -3 -5 6 7 8 -2 -9 -11 -12 -10 -7
right_child=5 3 -4 4 -6 13 -8 9 12 10 11 -13 -14 -15
leaf_value=-0.61975115931439539 -1.3756231486838451 0.40380287209555926 0.026857403916281442 -0.30993579360314139 0.017458134406577158 0.0012658704385916965 0.051986040900614934 0.056560142216864902 1.0858106582757887 -1.4499768197425533 0.11548025874268947 -0.94795611274697233 -0.10617468575247802 -0.095235999680416586
leaf_weight=151 42 94 43 34 36 8486 164 45 56 88 42 36 38 626
leaf_count=151 42 94 43 34 36 8486 164 45 56 88 42 36 38 626
internal_value=-0.000417752 -0.00501393 -0.0126154 0.004 -0.00422535 -0.000246259 -0.00404297 -0.0075 0.000875912 -0.0128774 -0.0172455 -0.00835443 0.00821053 -3.292e-05
internal_weight=9981 358 194 164 70 9623 511 347 136 211 166 78 94 9112
internal_count=9981 358 194 164 70 9623 511 347 136 211 166 78 94 9112
is_linear=0
shrinkage=0.03


Tree=419
num_leaves=15
num_cat=0
split_feature=14 27 32 39 9 8 14 32 24 37 38 26 23 39
split_gain=9.49058 19.3738 18.5808 20.7339 16.9048 15.8056 31.6602 29.0371 24.6841 18.6352 16.4355 15.7286 14.77 13.7699
threshold=-16.499999999999982 55.613116985000005 -974.49999999999989 74.451607602541685 54.01527559118334 9.5000000000000018 -1.8 -382.49999999999994 4.4260786865000012 -204.37288511426732 26.500000000000004 37.469100615000009 0.91693205944798317 83.250000000000014
decision_type=10 2 2 10 10 2 10 2 10 10 10 2 2 10
left_child=1 12 3 -2 -5 7 -7 10 -8 -10 -4 -12 -1 -14
right_child=2 -3 5 4 -6 6 8 -9 9 -11 11 -13 13 -15
leaf_value=-0.097350357257760409 -0.051743950570812484 -0.011644645472921674 0.048358282319816794 -0.032397345500265469 0.21535081473351375 0.15058513217914915 -0.39594958861684088 0.00054158556333813832 -0.15420741450892728 0.41064225215327183 0.068303712043088174 1.5956490174381417 0.03975721388206864 0.84942359201369388
leaf_weight=140 86 3010 133 49 171 117 187 5527 134 45 33 69 144 133
leaf_count=140 86 3010 133 49 171 117 187 5527 134 45 33 69 144 133
internal_value=-0.00025253 -0.00153151 0.000416667 0.00762215 0.0124887 6.244e-05 -0.00514463 0.00049974 -0.00948229 -0.0015 0.0108051 0.0198058 0.00452153 0.00852518
internal_weight=9978 3427 6551 306 220 6245 483 5762 366 179 235 102 417 277
internal_count=9978 3427 6551 306 220 6245 483 5762 366 179 235 102 417 277
is_linear=0
shrinkage=0.03


Tree=420
num_leaves=15
num_cat=0
split_feature=20 17 9 9 27 9 2 2 13 13 0 31 39 32
split_gain=11.7889 28.0258 21.5759 25.5301 17.9424 15.2571 21.1231 15.1915 17.5073 13.996 12.4146 21.8674 16.8145 15.29
threshold=17.208771929824564 -59.083464999999997 9.762111685983335 19.015275591183336 55.545383390000005 14.015275591183334 20.425000000000004 22.925000000000004 385.00000000000006 110.50000000000001 -48.499999999999993 -51.499999999999993 144.2176951066667 -63.499999999999993
decision_type=10 8 10 10 2 10 2 2 8 10 2 2 8 2
left_child=10 -2 -3 4 9 6 -6 8 -5 -4 11 13 -13 -1
right_child=1 2 3 7 5 -7 -8 -9 -10 -11 -12 12 -14 -15
leaf_value=0.030289740294988911 -0.19841063415168605 0.6891924009337238 -2.188980876112737 0.06440930585966613 0.60023296772657642 -0.37211536334703987 -0.51836866138280857 0.98492667936864231 -0.32008041964293665 -0.17104790196302658 -0.0083318743166976884 1.2502116371494885 -0.48450437843357363 -0.65535116494865309
leaf_weight=1056 409 241 47 1252 117 109 30 43 40 30 6456 151 31 69
leaf_count=1056 409 241 47 1252 117 109 30 43 40 30 6456 151 31 69
internal_value=-0.000246975 0.00163001 0.00315707 0.00194128 -0.00547904 -0.00163424 0.00466216 0.00379491 0.00320186 -0.0180769 -0.000807573 0.0018578 0.0114754 0.000293073
internal_weight=10081 2318 1909 1668 333 256 147 1335 1292 77 7763 1307 182 1125
internal_count=10081 2318 1909 1668 333 256 147 1335 1292 77 7763 1307 182 1125
is_linear=0
shrinkage=0.03


Tree=421
num_leaves=15
num_cat=0
split_feature=14 18 22 37 13 0 37 2 17 26 23 0 31 33
split_gain=10.5008 17.7344 15.4174 16.7738 13.381 27.2363 13.0601 16.4601 14.919 18.0053 15.3519 12.815 20.8612 15.5427
threshold=17.250000000000004 628.4246012548457 0.52041666666666686 -614.45408271956182 -203.49999999999997 -29.499999999999996 301.2310610529243 20.591666666666672 710.75148050000007 37.419500260000007 0.93774224806201556 219.50000000000003 68.500000000000014 1.0000000180025095e-35
decision_type=10 10 10 10 10 2 10 2 8 2 2 2 2 10
left_child=-1 2 -2 -4 -3 -6 8 -8 9 -7 -10 12 13 -11
right_child=1 4 3 -5 5 6 7 -9 10 11 -12 -13 -14 -15
leaf_value=-0.0043012943783897221 -0.19896871864739182 -0.4312283225723913 0.14579094859912006 -0.21415732055917971 0.90523451650307651 0.40439922318860028 1.0123300380676366 -0.013167767011538345 -0.0069362816092370843 -0.15285807804019505 -0.79395493108019344 -0.17568858651341629 0.35512697521415626 0.25666436788576197
leaf_weight=8179 129 34 42 33 103 169 107 45 194 326 56 203 315 66
leaf_count=8179 129 34 42 33 103 169 107 45 194 326 56 203 315 66
internal_value=-0.000182963 0.00187603 -0.00643902 0.00434211 0.00292773 0.00333123 0.00228745 0.0105882 0.00133083 0.00286111 -0.00525896 0.00118551 0.00309322 -0.00152672
internal_weight=10001 1822 204 75 1618 1584 1481 152 1329 1079 250 910 707 392
internal_count=10001 1822 204 75 1618 1584 1481 152 1329 1079 250 910 707 392
is_linear=0
shrinkage=0.03


Tree=422
num_leaves=15
num_cat=0
split_feature=36 2 5 9 2 0 6 0 23 35 41 0 32 36
split_gain=15.8274 7.85985 25.7071 14.7705 13.9797 17.1505 25.8994 18.9457 28.8502 20.5428 18.6188 21.8105 17.9013 19.395
threshold=10.145555555555555 20.925000000000004 9.5000000000000018 1.9593109504500001 18.091666666666672 88.500000000000014 3.5000000000000004 110.50000000000001 0.85206228956228969 4871.7154397630793 228.50000000000003 359.50000000000006 -87.499999999999986 20.369237185319992
decision_type=8 2 2 10 2 2 2 2 2 10 10 2 2 8
left_child=-1 4 3 -3 -2 6 -6 -7 -9 10 -10 -12 -8 -14
right_child=1 2 -4 -5 5 7 12 8 9 -11 11 -13 13 -15
leaf_value=-0.36957038573787288 -0.0043327205946667125 -0.05256570238682326 0.029125940350560882 -0.007925651290633327 -0.14833038261218467 -0.90870818816618748 1.5824984128719841 1.5552542093682302 -0.03804211108583843 -0.55730250139040982 0.60348631920756746 -0.0060513452123328194 1.3954737068877061 0.011976123263617992
leaf_weight=34 8343 40 39 725 30 57 79 53 182 118 84 45 63 165
leaf_count=34 8343 40 39 725 30 57 79 53 182 118 84 45 63 165
internal_value=-0.000432492 -0.000362131 -0.00320497 -0.00442559 -0.000113883 0.00348917 0.00878698 0.000166667 0.0021118 -0.000488372 0.00355769 0.0122308 0.0113961 0.00707424
internal_weight=10057 10023 804 765 9219 876 337 539 482 429 311 129 307 228
internal_count=10057 10023 804 765 9219 876 337 539 482 429 311 129 307 228
is_linear=0
shrinkage=0.03


Tree=423
num_leaves=15
num_cat=0
split_feature=14 35 27 14 20 9 20 18 38 17 17 14 14 14
split_gain=10.4744 17.7557 20.1351 17.8309 20.0418 14.9543 28.2639 12.5782 13.6557 11.3206 10.855 12.2305 13.0135 11.0862
threshold=-16.499999999999982 6920.4643305738891 55.604049130000007 -20.399999999999967 26.462500000000002 15.959310950450002 10.333908045977013 2797.9590050298348 -48.499999999999993 -91.371687999999992 128.53424200000003 -19.799999999999986 -20.999999999999989 -36.099999999999987
decision_type=8 10 2 10 8 10 8 10 10 8 8 10 10 10
left_child=1 2 3 4 -1 6 -4 9 -9 -8 11 12 13 -7
right_child=-2 -3 5 -5 -6 10 7 8 -10 -11 -12 -13 -14 -15
leaf_value=0.7395269754324767 0.0020717882923951395 -0.32700315113881334 -0.12119509936073533 -0.27036231124976567 -0.63351788455564695 -0.356480568417468 -0.044198085661049262 0.02216292332161772 -0.18445947059682574 0.45840422899857941 -0.24648412632643565 0.10363144240280223 -1.1325350299644075 0.004334703917580421
leaf_weight=153 8102 52 183 42 47 152 51 62 39 173 484 126 40 303
leaf_count=153 8102 52 183 42 47 152 51 62 39 173 484 126 40 303
internal_value=-0.000122877 -0.00212264 -0.00163254 0.00641975 0.0101493 -0.00284387 0.00141454 0.00671779 -0.00205882 0.0106667 -0.00480108 -0.00217042 -0.00429435 -0.00282895
internal_weight=10009 1907 1855 242 200 1613 508 325 101 224 1105 621 495 455
internal_count=10009 1907 1855 242 200 1613 508 325 101 224 1105 621 495 455
is_linear=0
shrinkage=0.03


Tree=424
num_leaves=15
num_cat=0
split_feature=13 13 8 23 26 26 22 32 13 26 41 18 18 0
split_gain=10.4216 10.8109 17.8094 16.0358 21.5192 18.7288 15.6994 20.5908 18.8362 19.8541 23.9377 19.5367 20.6866 17.3354
threshold=385.00000000000006 -127.49999999999999 3.5000000000000004 0.89051797945205491 37.513383810000008 37.69354237000001 0.22287581699346407 -79.499999999999986 54.500000000000007 37.721927465 162.50000000000003 2621.7165663114843 3888.2861501159819 189.50000000000003
decision_type=10 8 2 2 2 2 8 2 8 2 8 10 10 2
left_child=1 2 3 5 -5 -1 7 13 9 10 11 -9 -13 -3
right_child=-2 6 -4 4 -6 -7 -8 8 -10 -11 -12 12 -14 -15
leaf_value=-1.0690431364295616 -0.15733067347532639 0.21776599481569461 0.078985464373243552 0.014283457655430425 -1.1053919262548655 0.27647825957547106 -0.0047118298961505009 0.21695090499925401 0.12005782937242793 -0.38549030437956078 -0.13781940736489195 -1.0104736502450264 0.32752509306291772 -0.052325981091989889
leaf_weight=53 140 531 189 72 163 108 6577 430 994 207 316 141 54 73
leaf_count=53 140 531 189 72 163 108 6577 430 994 207 316 141 54 73
internal_value=-0.000411981 -0.0002967 -0.00424915 -0.00785894 -0.012839 -0.000555556 -4.82625e-05 0.00185657 0.000475968 -0.00214099 -0.000286624 0.00311502 -0.0047449 0.0067438
internal_weight=10048 9908 585 396 235 161 9323 2746 2142 1148 941 625 195 604
internal_count=10048 9908 585 396 235 161 9323 2746 2142 1148 941 625 195 604
is_linear=0
shrinkage=0.03


Tree=425
num_leaves=15
num_cat=0
split_feature=22 25 2 25 19 12 25 12 14 15 39 21 37 41
split_gain=8.58719 19.2939 26.5793 17.0394 16.0712 14.7202 13.776 15.5335 24.4745 19.4457 15.0483 15.1206 13.2367 12.7416
threshold=0.22599846390168973 -126.49999999999999 12.258333333333335 -86.499999999999986 768.75192286249796 -179.49999999999997 54.500000000000007 326.50000000000006 12.199999999999998 81.047003098500014 151.89166666666668 37.45000000000001 223.17328854550348 -96.499999999999986
decision_type=8 2 2 2 8 10 2 8 10 10 8 10 8 10
left_child=1 2 -1 13 6 -4 10 -8 -9 -10 11 -5 -12 -3
right_child=-2 3 5 4 -6 -7 7 8 9 -11 12 -13 -14 -15
leaf_value=-1.4673158458115783 -0.0050505220353671909 0.67354179332744524 -1.0629543715443277 0.037370801032476135 0.99692346955692968 0.1663162177992083 0.10926840039289872 -0.67857043935193528 1.0127401791513628 -0.20017118464744671 -0.35790994845209867 -0.5596742336559577 0.054103786364050506 0.01465810548959471
leaf_weight=73 7095 130 30 861 50 92 1127 63 35 30 324 80 57 74
leaf_count=73 7095 130 30 861 50 92 1127 63 35 30 324 80 57 74
internal_value=-0.000346769 0.00099108 -0.00811224 0.00162076 0.00097032 0.000487805 0.000640031 0.00289013 -0.00697674 0.00590909 -0.0014966 0.000541401 -0.00651832 0.00995122
internal_weight=10121 3026 195 2831 2627 122 2577 1255 128 65 1322 941 381 204
internal_count=10121 3026 195 2831 2627 122 2577 1255 128 65 1322 941 381 204
is_linear=0
shrinkage=0.03


Tree=426
num_leaves=15
num_cat=0
split_feature=27 25 32 38 27 39 6 39 36 26 18 0 14 0
split_gain=9.74682 19.5659 24.9353 25.514 22.9778 18.4432 16.3315 15.8647 15.6119 13.2004 14.7309 12.9544 12.5895 12.2385
threshold=55.73777608000001 9.5000000000000018 58.500000000000007 18.500000000000004 55.806280210000004 58.45239272460001 6.5000000000000009 152.56857023465002 20.816739317086061 37.367299270000011 2828.4730483390786 309.50000000000006 89.84999999999998 150.50000000000003
decision_type=2 2 2 10 2 8 2 8 10 2 10 2 8 2
left_child=-1 5 3 6 12 -2 7 -3 -9 -10 -11 -12 -4 -8
right_child=1 2 4 -5 -6 -7 13 8 9 10 11 -13 -14 -15
leaf_value=-0.0072817271058970116 0.93737081105642639 -0.061968635788246469 0.20361323348848948 -0.13671580748425122 -0.12347802754935568 0.0045469474093224726 -0.0065169441511011362 0.49348394142733409 -0.016234389806186283 -0.0024101928534542337 0.12461498364057433 -0.035472791133672105 1.9741352549169824 -0.77159758070043005
leaf_weight=8171 116 91 248 345 70 602 71 45 55 90 93 31 32 31
leaf_count=8171 116 91 248 345 70 602 71 45 55 90 93 31 32 31
internal_value=-0.000329964 0.00159292 -0.00074813 -0.003517 0.00598291 0.00550765 0.000767717 0.00347291 0.00666667 0.00388889 0.00725581 0.01392 0.00982206 -0.00990291
internal_weight=10091 1920 1202 852 350 718 507 405 314 269 214 124 280 102
internal_count=10091 1920 1202 852 350 718 507 405 314 269 214 124 280 102
is_linear=0
shrinkage=0.03


Tree=427
num_leaves=15
num_cat=0
split_feature=35 24 1 16 20 35 2 41 40 14 17 41 31 0
split_gain=9.96632 15.0422 9.88474 10.7188 18.7881 12.3922 14.4948 11.9201 15.6049 10.7953 10.8266 10.7158 9.68855 17.3585
threshold=11006.430053485654 2993.5000000000005 11.108811808333334 23.500000000000004 16.89237451737452 842.38237274846676 6.8416666666666677 71.500000000000014 10.500000000000002 -5.8500000000000076 184.06718900000001 862.50000000000011 47.500000000000007 39.500000000000007
decision_type=10 10 2 8 8 8 2 10 10 10 8 10 2 2
left_child=1 2 11 -4 7 -6 -7 8 -5 -9 -11 12 13 -1
right_child=-2 -3 3 4 5 6 -8 9 -10 10 -12 -13 -14 -15
leaf_value=0.0047818555435203362 0.0096743205210964283 -0.019462713287953699 -0.0391481186784641 -0.011330938076740437 -0.017821318453762308 0.68669042042869344 0.029876245544486653 0.44645600861190893 -0.5733044484665144 -0.13449786716535983 0.80377141203637237 -0.37923074211090746 0.035604663724255657 -0.22863927718079655
leaf_weight=2901 256 115 2427 559 35 74 186 47 145 62 32 35 2553 563
leaf_count=2901 256 115 2427 559 35 74 186 47 145 62 32 35 2553 563
internal_value=-0.000228205 -0.000382126 -0.000252599 -0.00150504 0.000893953 0.00739865 0.00965517 -0.00138298 -0.00297872 0.0065493 0.000631579 0.00048571 0.00058325 -0.000450216
internal_weight=9990 9734 9619 3567 1140 295 260 845 704 141 94 6052 6017 3464
internal_count=9990 9734 9619 3567 1140 295 260 845 704 141 94 6052 6017 3464
is_linear=0
shrinkage=0.03


Tree=428
num_leaves=15
num_cat=0
split_feature=14 18 35 0 18 22 18 26 26 37 0 23 20 2
split_gain=12.7293 14.8006 25.9483 12.1001 12.0058 10.6753 15.7238 19.7115 21.0632 21.2173 18.9095 17.934 17.7305 25.3999
threshold=17.250000000000004 657.51585534144226 113.86499279134857 -30.499999999999996 2441.4905957309993 0.22599846390168973 2907.6279489554036 37.513383810000008 37.686169235000001 -68.703171226938125 20.500000000000004 0.94322211476466811 19.703935185185191 3.5250000000000004
decision_type=10 10 10 2 10 8 10 2 2 8 2 2 10 2
left_child=5 2 -2 4 -3 6 7 11 9 -9 -11 -1 13 -10
right_child=1 3 -4 -5 -6 -7 -8 8 12 10 -12 -13 -14 -15
leaf_value=0.28102719798675685 0.076509483831409597 0.98426478975332032 -0.18330063302285193 0.031781881452965975 -0.14391589350865688 -0.0070377697353451877 -0.053976784251425582 -0.53056405473280077 -0.30110078326668077 0.80435389615926522 -0.13149496256782559 -0.10481646559551715 -0.078885913169070801 0.21621960936109955
leaf_weight=525 49 87 172 1508 42 5626 869 329 31 70 96 34 145 500
leaf_count=525 49 87 172 1508 42 5626 869 329 31 70 96 34 145 500
internal_value=-0.000240976 0.00200108 -0.00527027 0.00298535 0.0117692 -0.000747629 0.000842308 0.00249567 0.00028157 -0.00441532 0.00431138 0.007125 0.0037223 0.0062594
internal_weight=10083 1858 221 1637 129 8225 2599 1730 1171 495 166 559 676 531
internal_count=10083 1858 221 1637 129 8225 2599 1730 1171 495 166 559 676 531
is_linear=0
shrinkage=0.03


Tree=429
num_leaves=15
num_cat=0
split_feature=1 31 26 39 38 19 38 41 16 9 24 21 15 21
split_gain=10.242 10.822 14.3163 14.0234 18.8643 14.8167 14.4165 13.4004 13.2018 13.4438 11.5596 11.3705 11.0877 10.5321
threshold=11.108811808333334 18.500000000000004 37.537139550000006 143.33333333333334 -9.4999999999999982 64.166644355867092 50.500000000000007 -200.49999999999997 23.500000000000004 73.026028440000019 0.13032466150000002 30.850000000000005 140.09645615250002 4.9500000000000011
decision_type=2 2 2 8 8 10 8 8 10 10 10 10 8 10
left_child=-1 2 -2 5 -5 -4 -6 -7 10 13 12 -9 -3 -10
right_child=1 8 3 4 6 7 -8 11 9 -11 -12 -13 -14 -15
leaf_value=0.0023388531377403678 0.024622828744238746 0.30469674316623391 -0.16958521381356526 -1.1913134489560666 0.30335923371514145 -0.36194359207191718 -0.010779876842377831 0.15154576816629306 -0.27910801240098804 -0.21881437389920794 -0.10021664437093838 -0.14200129878591469 -0.13501977128809337 0.28853149712572318
leaf_weight=6322 814 84 257 75 33 32 291 202 97 36 1522 58 33 187
leaf_count=6322 814 84 257 75 33 32 291 202 97 36 1522 58 33 187
internal_value=-0.000355436 -0.00160398 0.000102099 -0.00240253 -0.006675 0.000709091 -0.00350769 0.00532423 -0.00313776 0.00242991 -0.00422561 0.00758621 0.00483051 0.00463158
internal_weight=10043 3721 1762 948 399 549 324 292 1959 320 1639 260 117 284
internal_count=10043 3721 1762 948 399 549 324 292 1959 320 1639 260 117 284
is_linear=0
shrinkage=0.03


Tree=430
num_leaves=15
num_cat=0
split_feature=2 38 16 14 40 26 15 24 27 39 2 34 31 25
split_gain=8.89023 8.76245 22.9755 20.8445 15.5772 12.0331 16.6247 14.4471 10.4882 19.3311 20.2854 17.5845 18.0687 20.2731
threshold=0.25833333333333336 351.50000000000006 16.500000000000004 27.500000000000007 104.50000000000001 37.748511480000012 1429.0000000000002 4.8354870505000003 55.739195915000003 28.33143213304167 4.0250000000000012 4462.0000000000009 217.50000000000003 9.5000000000000018
decision_type=2 10 10 10 10 2 10 10 2 8 2 10 2 2
left_child=-1 8 3 5 -4 6 7 -3 -2 -10 -11 12 13 -12
right_child=1 2 4 -5 -6 -7 -8 -9 9 10 11 -13 -14 -15
leaf_value=-0.018732442445118697 -0.0049861435567669973 -0.33958642193209987 0.90846220467947836 0.18540610574913272 -0.0027179130320675779 -0.59006162526491446 -2.2379220889029861 0.0039608980946316558 0.78427490483813833 0.043579966758500947 0.0065284318853285938 0.78151889388811668 0.042126246668634217 -0.027602088127827287
leaf_weight=47 7817 35 45 32 155 84 31 94 111 149 457 44 147 794
leaf_count=47 7817 35 45 32 155 84 31 94 111 149 457 44 147 794
internal_value=-0.000244947 -0.000183073 -0.00415094 -0.00974729 0.00358209 -0.0127347 -0.00782609 -0.003 1.57563e-05 0.00214915 0.00130025 0.0002079 -0.00038599 -0.00155751
internal_weight=10042 9995 476 276 200 244 160 129 9519 1702 1591 1442 1398 1251
internal_count=10042 9995 476 276 200 244 160 129 9519 1702 1591 1442 1398 1251
is_linear=0
shrinkage=0.03


Tree=431
num_leaves=15
num_cat=0
split_feature=1 31 39 26 16 21 22 16 22 16 36 19 36 22
split_gain=9.68671 12.8302 17.3457 11.9278 35.1457 18.3947 17.0966 15.0694 16.0596 13.9959 15.0061 13.101 11.4132 18.9051
threshold=11.092311158333336 47.500000000000007 436.13333333333338 37.533866470000014 23.500000000000004 22.950000000000003 0.29051012753188304 15.500000000000002 0.13667496886674971 17.500000000000004 30.426638176638182 7.8093252417616936 25.75119047619048 0.23845060412224592
decision_type=2 2 10 2 10 8 10 8 10 10 10 8 10 8
left_child=1 2 -1 4 9 -5 7 8 -7 11 -11 -2 -3 -14
right_child=3 12 -4 5 -6 6 -8 -9 -10 10 -12 -13 13 -15
leaf_value=-0.0027758653934185393 1.8349868330239718 0.10267276823597071 -0.8707454605506868 -0.016249367918984774 0.24649372229048813 -0.10836496421522199 -0.88037003346367315 -0.082221957245131067 0.37421395571151106 -0.18787964911501048 0.65409207194482877 -0.00078188881797462955 0.082227600266645551 -0.052547819585364759
leaf_weight=3655 42 1950 51 1195 343 87 70 242 68 626 39 930 302 387
leaf_count=3655 42 1950 51 1195 343 87 70 242 68 626 39 930 302 387
internal_value=-0.000249299 0.000458557 -0.000679795 -0.00148229 9.08632e-05 -0.00335538 -0.00839744 -0.00595477 0.00134615 -0.00173993 -0.00509009 0.000554985 0.00205682 -0.00126087
internal_weight=9987 6345 3706 3642 1980 1662 467 397 155 1637 665 972 2639 689
internal_count=9987 6345 3706 3642 1980 1662 467 397 155 1637 665 972 2639 689
is_linear=0
shrinkage=0.03


Tree=432
num_leaves=15
num_cat=0
split_feature=1 2 31 27 9 39 14 14 19 14 39 41 36 38
split_gain=12.0619 15.6486 14.1048 18.3689 20.6366 24.819 19.772 15.0795 20.8405 13.0313 12.8392 12.3968 12.2869 11.8537
threshold=11.108811808333334 23.208333333333336 68.500000000000014 55.574733635000008 41.602921675050005 69.033333333333346 19.850000000000005 -19.799999999999986 96.00936429919939 -40.099999999999987 454.50833333333338 213.50000000000003 15.177865612648224 -136.49999999999997
decision_type=2 2 2 2 10 8 8 8 10 10 10 10 8 8
left_child=2 -2 10 4 5 -4 -7 8 11 -10 13 -5 -9 -1
right_child=1 -3 3 7 -6 6 -8 12 9 -11 -12 -13 -14 -15
leaf_value=-0.21460757480948886 -0.017641189699173977 0.0097410697359864296 0.80186921275933642 -0.38705219930181833 -1.3778457393372698 -0.97826212710471749 0.093446198578543083 -0.25698869398211877 0.21452298241994266 -0.078959868267619915 -0.96000003045200466 0.34275902729141045 0.15735082110116713 0.00047300743217280943
leaf_weight=222 3673 36 66 107 73 83 51 74 60 58 42 30 1549 3939
leaf_count=222 3673 36 66 107 73 83 51 74 60 58 42 30 1549 3939
internal_value=-0.000217607 -0.00157682 0.000575924 0.00255112 -0.00470803 0.000298507 -0.00711111 0.0036083 -0.00316406 0.00605042 -0.0004353 -0.011087 0.00467365 -0.000266699
internal_weight=10063 3709 6354 2151 273 200 134 1878 255 118 4203 137 1623 4161
internal_count=10063 3709 6354 2151 273 200 134 1878 255 118 4203 137 1623 4161
is_linear=0
shrinkage=0.03


Tree=433
num_leaves=15
num_cat=0
split_feature=2 22 38 2 38 27 2 41 0 0 27 18 35 2
split_gain=9.45119 8.76712 18.0148 16.2216 35.6074 21.4396 31.8185 20.9108 31.329 23.0222 20.7083 14.7596 17.1708 20.3808
threshold=0.25833333333333336 0.2561121049493143 15.500000000000002 7.3416666666666677 185.50000000000003 55.739195915000003 6.7583333333333337 15.500000000000002 333.50000000000006 16.500000000000004 55.574733635000008 4743.0759309245086 1390.3756963567046 2.5916666666666672
decision_type=2 10 8 2 10 2 2 10 2 2 2 10 10 2
left_child=-1 -2 -3 4 5 11 -7 10 9 -9 -5 12 13 -4
right_child=1 2 3 7 -6 6 -8 8 -10 -11 -12 -13 -14 -15
leaf_value=-0.04389630793550478 0.0040262808254570336 -0.1090777782553474 -0.068522400936774794 -1.0614578426015502 -0.70125711260250334 1.4541541677936607 -0.89513853860424641 0.68992719133657343 -0.76425269659159201 0.090642812621186758 -0.0055994994719848279 0.79573131172007106 -0.19151373070979996 0.14997195084595311
leaf_weight=45 4997 1512 38 50 122 90 30 264 60 935 1123 38 574 159
leaf_count=45 4997 1512 38 50 122 90 30 264 60 935 1123 38 574 159
internal_value=-0.000128512 -6.60462e-05 -0.000954764 0.000232491 -0.00288023 -0.000870968 0.0109091 0.0015783 0.0042619 0.005325 -0.00130324 -0.00262963 -0.00353627 0.00409091
internal_weight=10037 9992 4995 3483 1051 929 120 2432 1259 1199 1173 809 771 197
internal_count=10037 9992 4995 3483 1051 929 120 2432 1259 1199 1173 809 771 197
is_linear=0
shrinkage=0.03


Tree=434
num_leaves=15
num_cat=0
split_feature=19 18 14 38 0 18 5 34 19 9 34 24 27 19
split_gain=8.10324 9.5999 9.96861 14.0993 10.7041 9.5204 8.45364 8.37574 16.7067 13.6131 10.3052 25.2317 13.6636 13.4067
threshold=7.504524577930181 4244.5672310436712 26.400000000000006 396.50000000000006 -101.49999999999999 1463.1572377655527 80.000000000000014 4041.0586570270002 76.374623546132568 131.9144258843167 1452.0641404930002 4.8354870505000003 55.649446990000008 123.22081423214424
decision_type=10 10 10 10 2 10 2 10 10 10 10 10 2 10
left_child=1 2 3 4 -1 -4 7 10 -9 -10 -2 12 -12 -13
right_child=6 -3 5 -5 -6 -7 -8 8 9 -11 11 13 -14 -15
leaf_value=0.28354690506481917 -0.0034541559993046867 0.60498702522169423 0.3312248141999628 -0.058599032292172948 0.0014573967606403078 -0.019419698155177408 -0.14368544381001669 0.66225065904034963 0.24352407930892353 -1.58279932380696 0.60088325489627681 -1.0768075680705098 -0.035913917435727118 -0.097880745043217657
leaf_weight=44 8810 47 43 56 565 34 31 78 32 32 52 90 56 132
leaf_count=44 8810 47 43 56 565 34 31 78 32 32 52 90 56 132
internal_value=-0.000296942 0.00262025 0.00177658 0.000585586 0.00191803 0.0119231 -0.000544342 -0.000491221 0.00671329 -0.00461538 -0.000603873 -0.0058006 0.00605505 -0.0115695
internal_weight=10102 789 742 665 609 77 9313 9282 142 64 9140 330 108 222
internal_count=10102 789 742 665 609 77 9313 9282 142 64 9140 330 108 222
is_linear=0
shrinkage=0.03


Tree=435
num_leaves=15
num_cat=0
split_feature=19 19 14 27 39 20 9 22 38 19 3 32 36 9
split_gain=8.72304 9.95195 8.06306 24.8408 23.4343 19.1248 14.3801 22.4866 11.2398 10.7512 10.298 16.5909 13.8544 15.9046
threshold=2140.5165656472773 3842.8108880952609 -16.499999999999982 55.604049130000007 83.856092550983348 21.341644562334221 15.959310950450002 0.36788399570354463 60.500000000000007 31.179406096567419 1.0000000180025095e-35 -165.49999999999997 22.03503836317136 19.015275591183336
decision_type=10 10 8 2 10 8 10 10 8 10 2 2 8 10
left_child=2 -2 3 4 5 -1 7 8 9 -5 12 -12 13 -8
right_child=1 -3 -4 6 -6 -7 10 -9 -10 -11 11 -13 -14 -15
leaf_value=0.73765978007494526 0.049453786949239104 0.0016683988559114628 0.0023791767471342002 -0.026247367723061014 1.1845933011998477 -0.82435598211966843 -1.0078662433527461 -0.2146037455733264 0.001649936273215819 0.47410856070407248 -0.063020140434039709 0.062447513010756434 -0.70141602674450476 -0.040574337728158043
leaf_weight=82 64 196 7883 36 93 80 46 182 182 127 91 66 329 600
leaf_count=82 64 196 7883 36 93 80 46 182 182 127 91 66 329 600
internal_value=0.000104395 0.00551724 -3.9804e-05 -0.0017859 0.00691406 0 -0.00312651 0.000965909 0.00546243 0.0111585 -0.00503089 0.00208861 -0.00617828 -0.00361669
internal_weight=10057 260 9797 1914 255 162 1659 527 345 163 1132 157 975 646
internal_count=10057 260 9797 1914 255 162 1659 527 345 163 1132 157 975 646
is_linear=0
shrinkage=0.03


Tree=436
num_leaves=15
num_cat=0
split_feature=12 6 14 27 9 0 20 38 2 5 2 2 9 9
split_gain=10.2158 11.9558 12.6217 23.5087 19.8303 18.9842 16.5181 19.1051 14.933 23.3129 24.9433 22.8285 22.3994 15.7433
threshold=411.50000000000006 10.500000000000002 -14.999999999999984 55.575642425000005 101.26905939126668 253.50000000000003 23.795833333333338 81.500000000000014 10.141666666666667 7.5000000000000009 5.3916666666666684 4.5250000000000012 114.41442588431669 64.891188186891682
decision_type=10 2 10 2 10 2 8 8 2 2 2 2 8 10
left_child=1 2 3 5 -4 6 -1 -8 9 10 11 -5 -11 -10
right_child=-2 -3 4 8 -6 -7 7 -9 13 12 -12 -13 -14 -15
leaf_value=1.1490555021638524 -0.12727232624052098 0.046940244771577884 0.0072322078578935245 -0.013145276228068666 0.51755228550183663 -0.84883878564809256 -1.5512292147094606 0.57226433547342637 0.0023204266027696497 0.43076760065232667 -0.33127247929548331 1.210091314622499 -0.0092372917229324256 -0.063409840575221352
leaf_weight=149 156 176 6144 423 77 30 46 59 1411 48 661 90 88 469
leaf_count=149 156 176 6144 423 77 30 46 59 1411 48 661 90 88 469
internal_value=-5.08576e-05 6.98947e-05 -7.11634e-05 -0.00151942 0.000737705 0.00673684 0.00941176 0.000283019 -0.00225635 -0.00471396 -0.0060766 -0.00110895 0.0070073 -0.000542265
internal_weight=10027 9871 9695 3474 6221 284 254 105 3190 1310 1174 513 136 1880
internal_count=10027 9871 9695 3474 6221 284 254 105 3190 1310 1174 513 136 1880
is_linear=0
shrinkage=0.03


Tree=437
num_leaves=15
num_cat=0
split_feature=35 17 16 35 35 22 15 39 20 23 21 5 14 19
split_gain=8.6892 13.8639 12.8062 16.8664 11.2598 14.7653 14.386 10.4343 10.0399 9.40886 25.5756 15.5433 9.23367 15.3095
threshold=626.22480167951278 482.97837350000003 25.500000000000004 30.579007086611217 1029.3434966194015 0.39263110307414112 107.02875911250001 115.38333333333334 11.93063352044908 0.92113237639553447 9.3500000000000032 15.500000000000002 -37.349999999999994 83.042795118523756
decision_type=8 10 10 10 8 10 8 10 8 2 10 2 8 10
left_child=1 2 3 7 5 6 -2 -1 -4 10 11 -5 13 -6
right_child=4 -3 8 9 12 -7 -8 -9 -10 -11 -12 -13 -14 -15
leaf_value=0.14514072887960439 0.088853930725027924 0.29796145398780999 0.38174385667154653 -0.19504250082263511 -0.36839741995127412 0.39067721624945234 -0.14602006705389953 -0.024520230323194028 -0.020737017876322594 -0.10258501763569 -1.9338866258742138 0.51652138589151797 0.0021521966271817669 0.0087039993064931317
leaf_weight=33 103 48 32 54 276 157 47 30 30 375 47 53 8328 328
leaf_count=33 103 48 32 54 276 157 47 30 30 375 47 53 8328 328
internal_value=5.73325e-05 -0.00315789 -0.00430534 -0.0056661 0.000301948 0.00594156 -0.000794702 0.00890625 0.00857143 -0.00741509 -0.00116129 0.00694444 0.000107467 -0.00347107
internal_weight=9941 702 654 592 9239 307 150 63 62 529 154 107 8932 604
internal_count=9941 702 654 592 9239 307 150 63 62 529 154 107 8932 604
is_linear=0
shrinkage=0.03


Tree=438
num_leaves=15
num_cat=0
split_feature=27 2 1 17 21 35 38 40 38 15 2 38 14 27
split_gain=8.70412 9.1964 7.90007 14.8621 8.22661 10.3123 7.8645 13.6588 20.1872 14.6018 11.411 10.2092 13.5048 22.0583
threshold=55.520169965000008 0.52500000000000013 10.154141975000003 -62.441342999999996 10.050000000000002 2416.1956353672781 -124.49999999999999 -1.0000000180025095e-35 -176.99999999999997 32.005483466000008 18.258333333333336 -89.499999999999986 11.799999999999999 55.676366220000006
decision_type=2 2 2 8 8 8 8 10 10 10 2 8 10 2
left_child=-1 -2 3 -3 -5 -6 7 8 -4 -10 -11 12 -8 -14
right_child=1 2 6 4 5 -7 11 -9 9 10 -12 -13 13 -15
leaf_value=0.95513884198808208 -0.01595116018803296 -0.31944491322091856 0.019998845324958481 0.9204913254060707 -0.24701828834208556 0.31435713114875691 0.27781283938907753 0.2001375691186584 0.2158282995045738 -0.58418534522966137 0.077662034321064083 -0.0011916819098394171 0.09647559464941298 -0.6752022671994895
leaf_weight=78 77 42 307 101 41 83 302 61 32 252 33 8466 63 45
leaf_count=78 77 42 307 101 41 83 302 61 32 252 33 8466 63 45
internal_value=-4.50721e-05 -0.000124167 -4.27307e-05 0.00503731 0.00809735 0.00288 -0.000185108 -0.00327988 -0.004608 -0.00990566 -0.0120629 5.40723e-05 0.00467153 -0.00440367
internal_weight=9983 9905 9828 267 225 124 9561 685 624 317 285 8876 410 108
internal_count=9983 9905 9828 267 225 124 9561 685 624 317 285 8876 410 108
is_linear=0
shrinkage=0.03


Tree=439
num_leaves=15
num_cat=0
split_feature=0 31 27 37 40 14 41 38 16 14 40 39 9 41
split_gain=8.08544 23.7804 16.309 15.9436 14.5117 14.5114 23.8389 16.1077 13.4021 13.3375 20.2633 13.8977 12.6176 17.1199
threshold=175.50000000000003 110.50000000000001 55.643061850000009 139.12209788253276 -71.499999999999986 22.300000000000001 261.50000000000006 269.50000000000006 23.500000000000004 -22.200000000000006 -27.499999999999996 243.66666666666671 16.015275591183336 129.50000000000003
decision_type=2 2 2 10 8 8 10 10 10 10 10 8 10 8
left_child=-1 2 4 -4 -2 7 8 9 -7 10 -3 12 -11 -14
right_child=1 5 3 -5 -6 6 -8 -9 -10 11 -12 -13 13 -15
leaf_value=0.00031142589152757691 -0.58325249027012716 -1.6286649370310942 -1.0024787114049107 -0.0084690862894751719 0.43866462431533576 0.039647182038078765 0.62705120090792321 -0.8039085020831066 -1.7296592993443498 0.48364014231889241 0.2258335948210233 0.12299209402007875 -1.0503876890199009 -0.024281030771601875
leaf_weight=8491 31 40 133 55 58 374 99 81 32 70 34 181 82 279
leaf_count=8491 31 40 133 55 58 374 99 81 32 70 34 181 82 279
internal_value=-0.000310726 -0.00230323 -0.0102518 -0.0152381 0.000333333 -0.000565593 0.00337945 -0.00316406 0.00014742 -0.00165939 -0.0136 -0.000195759 -0.003125 -0.00538674
internal_weight=10040 1549 277 188 89 1272 505 767 406 686 74 612 431 361
internal_count=10040 1549 277 188 89 1272 505 767 406 686 74 612 431 361
is_linear=0
shrinkage=0.03


Tree=440
num_leaves=15
num_cat=0
split_feature=39 1 12 20 16 21 22 6 2 23 27 24 2 2
split_gain=10.9139 16.1681 9.92455 13.2249 14.4499 14.45 15.3079 11.6685 10.8682 22.7449 25.3901 18.379 14.2679 28.0113
threshold=454.50833333333338 12.984724408333335 317.50000000000006 23.137576853526223 13.500000000000002 22.350000000000005 0.24025316455696205 10.500000000000002 3.0750000000000006 0.87742581695254807 55.718844985000011 6.0054834660000003 5.2750000000000012 4.6083333333333343
decision_type=10 2 10 10 10 10 8 2 2 2 2 8 2 2
left_child=2 -2 7 4 -4 -6 -7 8 9 11 -11 -1 13 -10
right_child=1 -3 3 -5 5 6 -8 -9 12 10 -12 -13 -14 -15
leaf_value=0.42530641112696738 -0.76888269482332283 0.23231787569105705 0.058181428628647211 -0.32263095970597955 -0.66268874416910106 0.93479933802587423 -0.056141136198295298 0.04446395064098041 -1.1353283937856294e-05 -0.44894627508790247 0.7872156213654995 -0.0034272343341446966 -0.0033713609936103263 0.73570119898005037
leaf_weight=41 79 31 187 41 129 31 44 163 697 171 37 248 7770 328
leaf_count=41 79 31 187 41 129 31 44 163 697 171 37 248 7770 328
internal_value=-0.000375075 -0.00972973 -0.000270024 -0.00471132 -0.00298469 -0.0084878 0.00197368 -6.66244e-05 -0.000206607 -0.00451807 -0.0120574 0.000931034 3.75171e-05 0.00336257
internal_weight=9997 110 9887 432 391 204 75 9455 9292 497 208 289 8795 1025
internal_count=9997 110 9887 432 391 204 75 9455 9292 497 208 289 8795 1025
is_linear=0
shrinkage=0.03


Tree=441
num_leaves=15
num_cat=0
split_feature=6 27 38 27 27 18 20 27 2 2 2 14 6 35
split_gain=8.5766 23.0113 17.6958 17.1604 17.1501 22.2427 26.6214 27.4015 24.5883 31.792 43.3152 21.1367 19.6297 19.4962
threshold=6.5000000000000009 55.58203025000001 -14.499999999999998 55.690941955000007 55.632081125000006 2577.9920129703596 9.8360215053763458 55.638253955000003 13.925000000000002 7.5083333333333337 4.8416666666666677 -2.9999999999999987 9.5000000000000018 2509.1645082853015
decision_type=2 2 8 2 2 8 10 2 2 2 2 10 2 10
left_child=1 -1 3 -3 -2 6 8 -8 9 10 13 -11 -10 -6
right_child=4 2 -4 -5 5 -7 7 -9 12 11 -12 -13 -14 -15
leaf_value=-1.1314919852845278 0.073380425321136436 -0.38507951410431157 0.0022736452265855432 0.003574963543679669 1.3359428867447682 -0.013393676458722421 -0.27930375156736059 0.18604923793251529 -0.32828772187081617 0.0014800814491550966 -0.91454233356382841 0.96872886281089565 0.051444393062832973 -0.023199370590665444
leaf_weight=89 1284 396 2324 286 46 2003 239 2206 393 248 184 199 66 111
leaf_count=89 1284 396 2324 286 46 2003 239 2206 393 248 184 199 66 111
internal_value=-7.1464e-05 -0.00138566 -0.000937812 -0.00518302 0.000511461 -0.000194874 0.00118603 0.00300491 -0.00237981 0.000836502 -0.00605263 0.00609375 -0.0078913 0.00550633
internal_weight=10074 3095 3006 682 6979 5695 3692 2445 1247 788 341 447 459 157
internal_count=10074 3095 3006 682 6979 5695 3692 2445 1247 788 341 447 459 157
is_linear=0
shrinkage=0.03


Tree=442
num_leaves=15
num_cat=0
split_feature=12 12 25 19 39 1 17 27 39 27 40 36 39 35
split_gain=9.26373 16.441 8.27473 11.9495 21.1578 8.6629 18.33 8.10187 9.57708 8.03557 23.0515 13.6317 14.1475 7.99412
threshold=-458.99999999999994 -302.99999999999994 393.50000000000006 121.90326720416583 136.42371424166669 10.154141975000003 -62.441342999999996 55.520169965000008 84.400977617116681 55.538735895000009 136.50000000000003 30.296102598267826 117.49166666666669 9334.2998189801965
decision_type=8 8 2 8 8 2 8 2 10 2 10 10 10 10
left_child=-1 -2 5 -4 -5 6 -3 8 -7 10 11 12 -9 -11
right_child=1 2 3 4 -6 7 -8 9 -10 13 -12 -13 -14 -15
leaf_value=-0.028016701249055021 1.1690150395751473 -0.49958321390908822 -0.47590747420230656 0.27146209882232808 -0.08930507465222845 0.0063495596615831037 0.37398858129008894 0.10373441291434828 1.6576238880072751 -0.0008658524060962267 0.76467887904127851 -2.1503133841509081 -0.64722637487810719 0.015149778090083102
leaf_weight=110 40 44 83 30 63 52 218 62 32 8928 46 59 47 296
leaf_count=110 40 44 83 30 63 52 218 62 32 8928 46 59 47 296
internal_value=-2.96707e-05 6.59934e-05 -1.2047e-05 -0.00644068 0.000957447 0.000104241 0.00547529 -4.41037e-05 0.00917647 -0.000127132 -0.00586047 -0.0110059 -0.00463636 6.50407e-06
internal_weight=10110 10000 9960 176 93 9784 262 9522 84 9438 214 168 109 9224
internal_count=10110 10000 9960 176 93 9784 262 9522 84 9438 214 168 109 9224
is_linear=0
shrinkage=0.03


Tree=443
num_leaves=15
num_cat=0
split_feature=38 41 20 14 2 2 27 12 2 20 40 9 12 2
split_gain=9.13064 16.4183 17.5377 25.2199 16.0809 15.8789 14.6412 14.082 25.0227 20.2995 15.569 13.3565 18.0671 12.7833
threshold=5.5000000000000009 39.500000000000007 14.143167701863357 13.450000000000008 20.841666666666672 2.2083333333333339 55.728609430000006 52.500000000000007 18.091666666666672 15.737775891341258 -96.499999999999986 19.959310950450003 1.0000000180025095e-35 12.258333333333335
decision_type=10 10 8 10 2 2 2 8 2 10 10 10 10 2
left_child=1 5 6 13 -2 -1 -3 8 -7 -10 -9 12 -6 -4
right_child=4 2 3 -5 11 7 -8 10 9 -11 -12 -13 -14 -15
leaf_value=-0.022256672709589399 0.020030816739819102 -0.56028142175194773 -0.91859161441974502 0.76086080725238192 0.020575476737867842 -0.040351288277783087 0.016496888192905991 0.004903765925812778 0.66494470302527486 -0.16044203309043395 0.65952676607411931 -0.0092184952605262535 -0.70378840277007271 0.0050325626054812745
leaf_weight=118 4631 162 80 51 31 2196 59 1928 116 45 109 294 90 137
leaf_count=118 4631 162 80 51 31 2196 59 1928 116 45 109 294 90 137
internal_value=6.2699e-05 -0.000845662 -0.00606122 -0.000892193 0.000962948 -0.000279193 -0.0122973 1.36519e-05 -0.00156489 0.00981481 0.00184004 -0.0046875 -0.0130328 -0.00536697
internal_weight=10047 5001 489 268 5046 4512 221 4394 2357 161 2037 415 121 217
internal_count=10047 5001 489 268 5046 4512 221 4394 2357 161 2037 415 121 217
is_linear=0
shrinkage=0.03


Tree=444
num_leaves=15
num_cat=0
split_feature=2 36 39 18 24 38 15 38 16 9 41 9 23 17
split_gain=9.63844 15.3302 17.8242 12.6163 11.7475 9.1561 16.3429 13.8127 19.2689 16.57 19.7316 13.3681 11.555 10.8734
threshold=2.2083333333333339 32.010176069670585 213.46827426920837 11053.573393105557 3282.9188194715002 -120.49999999999999 47.943318116000007 -176.99999999999997 7.5000000000000009 28.779117934708339 -229.49999999999997 56.942810304358339 0.90029239766081881 96.175300000000007
decision_type=2 8 8 10 8 8 10 10 10 10 10 10 2 8
left_child=1 -1 -3 5 -4 6 12 -8 -9 -10 -11 -12 13 -2
right_child=3 2 4 -5 -6 -7 7 8 9 10 11 -13 -14 -15
leaf_value=-0.43465850648882504 -0.54241550418914786 0.021611025702314289 0.023316958482096747 0.032995897107127858 -0.03543976852919805 0.0015137827709806012 -0.011405079242996606 0.059761426596600137 -1.1245701820237501 -0.84157686736961113 0.24774260979673166 -0.45802864582052305 0.28351812443110025 0.072392984235486457
leaf_weight=31 34 78 38 75 100 8955 263 35 94 52 80 50 77 55
leaf_count=31 34 78 38 75 100 8955 263 35 94 52 80 50 77 55
internal_value=-8.68437e-05 -0.00592742 -0.00304147 6.14062e-05 -0.0094964 -3.40347e-05 -0.00323887 -0.00563478 -0.00990385 -0.0125632 -0.00721311 -0.000916031 0.00502994 -0.00233333
internal_weight=10017 247 216 9770 138 9695 740 574 311 276 182 130 166 89
internal_count=10017 247 216 9770 138 9695 740 574 311 276 182 130 166 89
is_linear=0
shrinkage=0.03


Tree=445
num_leaves=15
num_cat=0
split_feature=0 13 38 26 32 31 2 27 20 16 34 0 3 9
split_gain=10.9514 13.8936 26.8561 23.6291 21.3523 18.8951 19.4836 27.9812 17.5532 18.591 17.5528 16.0226 13.4159 15.0987
threshold=5.5000000000000009 59.500000000000007 266.50000000000006 37.290548435000012 35.500000000000007 112.25000000000001 15.175000000000002 55.634585605000005 16.591750841750844 27.500000000000004 4131.5586570270016 56.500000000000007 1.0000000180025095e-35 12.015275591183334
decision_type=2 8 8 2 2 2 2 2 10 8 10 2 2 10
left_child=-1 2 5 -3 -4 6 12 -8 10 -10 -5 -6 13 -2
right_child=1 3 4 8 11 -7 7 -9 9 -11 -12 -13 -14 -15
leaf_value=0.0027193013626882218 -0.15952985597261554 -0.58864774990702928 -0.214575205985022 -0.020853490311029645 -0.36966776112566874 1.0567301619479019 0.55675567184684638 -0.42549703385936272 0.066891517236019812 2.0017289039739765 0.87005310936733504 -1.5465762727974155 -0.13840005484423912 0.14450341506762623
leaf_weight=4431 305 51 349 2371 55 31 64 366 1013 43 44 92 35 693
leaf_count=4431 305 51 349 2371 55 31 64 366 1013 43 44 92 35 693
internal_value=-0.00035901 -0.00125159 -0.00325465 -0.000119217 -0.00929577 -0.00124415 -0.0017418 -0.00709977 0.000181452 0.00340587 -0.0012293 -0.0188514 0.00049323 0.00114114
internal_weight=9943 5512 1990 3522 496 1494 1463 430 3471 1056 2415 147 1033 998
internal_count=9943 5512 1990 3522 496 1494 1463 430 3471 1056 2415 147 1033 998
is_linear=0
shrinkage=0.03


Tree=446
num_leaves=15
num_cat=0
split_feature=0 13 16 40 36 0 7 12 12 38 31 26 26 17
split_gain=9.68889 23.6923 17.0563 15.1847 14.8281 13.0237 16.8506 16.4271 16.1242 15.6908 11.1099 10.6247 10.5123 9.12839
threshold=-92.499999999999986 -113.74999999999999 15.500000000000002 96.500000000000014 20.559153144016232 -126.49999999999999 1.0000000180025095e-35 -204.49999999999997 -150.49999999999997 -23.499999999999996 -209.99999999999997 37.523619885000009 37.524235435000008 -19.720032999999997
decision_type=2 10 8 8 10 2 2 8 10 8 2 2 2 8
left_child=1 2 -1 4 -3 6 7 -4 -7 -9 11 -2 -6 -12
right_child=10 3 5 -5 12 8 -8 9 -10 -11 13 -13 -14 -15
leaf_value=-0.49415683886442613 -0.010585013663211455 0.64807018439908548 -0.66624667805392401 0.9230619009042943 0.43398653278825339 -0.7597196467661036 0.9694570445136852 0.79915046902030895 0.11337466708084221 -0.018513159370613153 -0.040249498080683281 -0.44242359272642451 -0.41815191839471749 0.00036998175682991278
leaf_weight=60 56 90 46 126 34 70 65 101 85 179 1489 50 58 7597
leaf_count=60 56 90 46 126 34 70 65 101 85 179 1489 50 58 7597
internal_value=-0.000189967 0.0027541 -0.000691928 0.00951456 0.00393443 0.000987203 0.00390306 0.00110092 -0.00634615 0.00384342 -0.000482976 -0.0100935 -0.00451613 -0.000369759
internal_weight=10106 914 606 308 182 546 391 326 155 280 9192 106 92 9086
internal_count=10106 914 606 308 182 546 391 326 155 280 9192 106 92 9086
is_linear=0
shrinkage=0.03


Tree=447
num_leaves=15
num_cat=0
split_feature=28 27 34 27 1 23 14 9 9 13 9 14 37 39
split_gain=9.82178 10.7675 16.3847 12.0742 18.001 18.5095 16.6825 15.8868 17.8259 31.2285 20.3011 18.9577 18.7072 18.4408
threshold=0.65084269662921368 55.741851035000003 4642.0000000000009 55.644023925000006 11.108811808333334 0.83984732824427488 -19.449999999999992 49.762111685983342 35.01527559118334 -112.49999999999999 23.015275591183336 25.999999999999989 -21.281361451067536 143.78447697102504
decision_type=2 2 10 2 2 2 10 10 8 8 10 10 8 10
left_child=1 3 -3 7 6 -6 -5 8 10 -10 12 -11 -1 -14
right_child=-2 2 -4 4 5 -7 -8 -9 9 11 -12 -13 13 -15
leaf_value=-0.49654584240773919 -0.1228850204102066 0.005615075907284368 1.3094985292409069 -0.031826824647521304 0.0268449087770175 -0.15259777838261224 0.023348142876623824 0.043146606432209467 -3.1006197146084951 -0.014523261987274907 0.20389315099006192 -1.6954586053156662 0.038427752870862718 -1.5628873168156623
leaf_weight=225 32 1500 38 910 210 1532 2437 1359 51 531 484 57 650 70
leaf_count=225 32 1500 38 910 210 1532 2437 1359 51 531 484 57 650 70
internal_value=-2.3793e-05 2.98359e-05 0.00233918 -0.00038746 -0.00131434 -0.00378657 -2.68817e-05 0.000988915 -0.000666989 -0.00482812 0.0011958 -0.00285229 -0.00136364 0.000998613
internal_weight=10086 10054 1538 8516 5089 1742 3347 3427 2068 639 1429 588 945 720
internal_count=10086 10054 1538 8516 5089 1742 3347 3427 2068 639 1429 588 945 720
is_linear=0
shrinkage=0.03


Tree=448
num_leaves=15
num_cat=0
split_feature=2 18 38 27 2 3 24 18 36 24 12 12 36 38
split_gain=7.83594 17.1914 12.8258 20.393 9.90338 9.31933 9.07686 8.57224 7.54095 11.0071 12.5778 11.0169 8.75331 28.1474
threshold=2.4250000000000003 11053.573393105557 76.500000000000014 55.618974455000007 2.5916666666666672 1.0000000180025095e-35 3282.9188194715002 9291.6330591507431 35.739278131634826 4.0054834660000003 179.50000000000003 161.50000000000003 25.986512027491411 246.50000000000003
decision_type=2 10 10 2 2 2 10 10 10 10 8 8 10 10
left_child=2 4 5 -4 -2 -1 8 -5 12 11 -11 -10 -6 -14
right_child=1 -3 3 7 6 -7 -8 -9 9 10 -12 -13 13 -15
leaf_value=-0.46255605326860805 0.097114629213757894 0.039913409321082741 1.1564160168149809 -0.092287323735504564 0.0010831795507547559 -0.0036852961903392789 -0.0080627846664229879 0.014271072826903068 1.4059192335893975 -0.10140817378079052 0.071680243890730619 0.01286120876672836 -0.032662601826842629 0.30513198345727011
leaf_weight=79 55 81 44 40 7510 109 75 31 55 33 30 61 1647 187
leaf_count=79 55 81 44 40 7510 109 75 31 55 33 30 61 1647 187
internal_value=-0.000289898 -0.000141757 -0.00503289 0.00284483 -0.000257924 -0.00984127 -0.000331285 -0.00708333 -0.000248845 0.00583333 -0.00421875 0.0112821 -0.000365971 -0.00222343
internal_weight=10037 9734 303 115 9653 188 9598 71 9523 179 63 116 9344 1834
internal_count=10037 9734 303 115 9653 188 9598 71 9523 179 63 116 9344 1834
is_linear=0
shrinkage=0.03


Tree=449
num_leaves=15
num_cat=0
split_feature=14 26 13 39 41 36 18 2 9 20 19 2 20 39
split_gain=10.2867 15.6246 19.365 18.9709 24.2276 15.2915 18.9365 19.5613 14.7722 23.1076 16.7235 14.3719 16.0565 14.3093
threshold=-16.499999999999982 37.484208485000003 -165.49999999999997 63.78641657455001 91.500000000000014 27.768707865168544 2160.4308818560235 3.2750000000000004 8.0152755911833342 10.75277777777778 121.90326720416583 10.341666666666669 5.7791831357048755 294.15633068184172
decision_type=10 2 8 8 8 10 10 2 10 10 10 2 10 10
left_child=1 3 -3 11 -5 8 7 -7 9 10 -4 -1 -13 -6
right_child=-2 2 5 4 13 6 -8 -9 -10 -11 -12 12 -14 -15
leaf_value=-0.85824260589145118 0.0091852415647534266 -1.1342762936056185 -0.0061271196350849546 0.43712693389631757 0.0083136566350691526 -0.57690875062031466 -0.74619144245757307 0.047632753990159246 -0.013371043911099167 0.81501829599527509 0.061172367276338048 -0.18372070097810494 0.13627405782326302 -1.2662953002589903
leaf_weight=68 6615 66 210 205 862 30 70 81 1437 99 124 37 102 30
leaf_count=68 6615 66 210 205 862 30 70 81 1437 99 124 37 102 30
internal_value=-5.97788e-06 -0.00134132 -0.00293201 0.00124138 0.00281421 -0.00241228 -0.0107143 -0.00294643 -0.00160342 0.00324885 -0.000537313 -0.00706731 -0.0015 0.000671892
internal_weight=10036 3421 2117 1304 1097 2051 181 111 1870 433 334 207 139 892
internal_count=10036 3421 2117 1304 1097 2051 181 111 1870 433 334 207 139 892
is_linear=0
shrinkage=0.03


Tree=450
num_leaves=15
num_cat=0
split_feature=2 0 16 20 0 41 2 0 23 2 26 18 39 14
split_gain=8.85332 16.0422 18.7073 17.9282 17.5509 12.2878 10.887 18.9015 20.0241 18.3133 21.8629 14.1098 18.9064 20.704
threshold=20.841666666666672 7.5000000000000009 18.500000000000004 17.30901856763926 84.500000000000014 261.50000000000006 18.091666666666672 36.500000000000007 0.84965753424657542 18.258333333333336 37.733506195000011 1664.0360120545654 139.53198032452502 6.4999999999999991
decision_type=2 2 10 10 2 8 2 2 2 2 2 10 10 10
left_child=6 -2 5 4 -4 -3 -1 -8 -9 -10 11 -11 13 -13
right_child=1 2 3 -5 -6 -7 7 8 9 10 -12 12 -14 -15
leaf_value=-0.0011654468172156384 0.0013277565152727358 -0.78281546978295447 0.086225083199718597 0.32826670911812206 -0.97156396917825483 -0.033962754610790818 0.6280266157083414 0.57632701790656315 1.859344648759214 0.054946037113261459 0.19882382030192672 -0.43720885235460594 -1.1103049568312935 0.08924386970454648
leaf_weight=8322 407 88 45 85 79 149 198 75 36 119 120 158 61 91
leaf_count=8322 407 88 45 85 79 149 198 75 36 119 120 158 61 91
internal_value=-0.000134543 -0.00305621 -0.00697987 -0.000428571 -0.00768 -0.0127311 0.00013724 0.00335274 0.000907716 -0.000972696 -0.00234545 -0.00551163 -0.0088746 -0.00516
internal_weight=10033 853 446 209 124 237 9180 858 660 585 549 429 310 249
internal_count=10033 853 446 209 124 237 9180 858 660 585 549 429 310 249
is_linear=0
shrinkage=0.03


Tree=451
num_leaves=15
num_cat=0
split_feature=0 12 38 26 38 14 35 12 39 9 12 37 14 36
split_gain=10.1415 23.1171 23.2876 19.9257 18.851 18.5463 18.1521 20.0315 16.9916 16.3206 14.74 14.4954 15.9579 13.5684
threshold=11.500000000000002 47.500000000000007 266.50000000000006 37.290548435000012 482.00000000000006 -10.600000000000014 4536.878375675823 30.500000000000004 80.550000000000011 14.302606487550003 -127.49999999999999 202.89204508692941 15.000000000000005 27.296181630546958
decision_type=2 8 8 2 10 10 10 10 10 10 8 10 8 8
left_child=10 2 6 -3 5 -4 7 11 9 -9 -1 12 -2 -8
right_child=1 3 4 -5 -6 -7 13 8 -10 -11 -12 -13 -14 -15
leaf_value=-0.044742746957746389 0.011812465499159543 -0.57081038001136253 -0.023414897200949872 0.0070412266114169945 0.07859318480985085 -1.159968716286665 1.2143037026034713 -0.62980829697284524 -0.44551776889192951 0.072285435503132045 0.0067177166910076039 0.61117256446479318 -0.56315484616075495 -0.021365368592364573
leaf_weight=642 585 49 136 3746 44 218 82 48 138 76 4034 38 144 56
leaf_count=642 585 49 136 3746 44 218 82 48 138 76 4034 38 144 56
internal_value=-0.000161403 -0.00105204 -0.00411877 0.000213383 -0.0103759 -0.0126761 -0.00197774 -0.00334951 -0.0104943 -0.0024 0.000859525 -0.000898438 -0.00184932 0.00820144
internal_weight=10036 5360 1565 3795 398 354 1167 1029 262 124 4676 767 729 138
internal_count=10036 5360 1565 3795 398 354 1167 1029 262 124 4676 767 729 138
is_linear=0
shrinkage=0.03


Tree=452
num_leaves=15
num_cat=0
split_feature=16 2 0 40 38 2 2 26 26 36 41 20 23 9
split_gain=9.49097 26.0803 27.1806 29.0128 24.942 24.7159 27.1111 14.5304 17.3023 24.715 19.2791 17.9132 13.535 16.5337
threshold=23.500000000000004 3.3583333333333338 234.50000000000003 8.5000000000000018 -47.499999999999993 7.4250000000000016 8.5416666666666696 37.737809875000004 37.530325220000009 23.136217662801069 -91.499999999999986 16.022462149416732 0.93247388492787275 55.907688832983339
decision_type=10 2 2 10 8 2 2 2 2 10 10 10 2 10
left_child=-1 -2 3 4 12 -5 -7 8 9 -8 -10 -12 13 -3
right_child=1 2 -4 5 -6 6 7 -9 10 -11 11 -13 -14 -15
leaf_value=-0.0024277323698722389 -0.41156014782354777 0.19262242467066443 -1.156187159139817 -0.27967497771761746 0.40282809944232395 0.59124936984299248 0.51985180523567487 0.22306352737797325 0.46374192267702125 -0.98071552801176654 -0.644038745962068 0.11758147756152404 0.20595712733149091 -0.45250745903591461
leaf_weight=7848 54 297 82 156 714 109 132 81 77 46 227 57 42 124
leaf_count=7848 54 297 82 156 714 109 132 81 77 46 227 57 42 124
internal_value=0.000113467 0.00185539 0.00237762 0.00305381 0.00613752 -0.00104966 0.00127397 -0.00115942 -0.00294444 0.00469274 -0.00671271 -0.0103158 0.000711207 -0.000924171
internal_weight=10046 2198 2144 2062 1177 885 729 620 539 178 361 284 463 421
internal_count=10046 2198 2144 2062 1177 885 729 620 539 178 361 284 463 421
is_linear=0
shrinkage=0.03


Tree=453
num_leaves=15
num_cat=0
split_feature=14 2 19 38 2 27 38 0 39 40 23 38 20 41
split_gain=11.7122 15.5358 19.5106 17.7764 17.1012 17.0012 16.8039 15.9189 14.3306 12.1105 20.8596 13.6762 11.1645 16.1549
threshold=-16.499999999999982 13.175000000000002 40.144343155391688 46.500000000000007 16.758333333333336 55.55120938000001 168.50000000000003 192.50000000000003 61.891666666666673 45.500000000000007 0.92549887670146702 312.50000000000006 23.437728937728938 91.500000000000014
decision_type=8 2 10 10 2 2 10 2 10 8 2 8 8 10
left_child=1 3 4 -1 -3 -5 12 9 -6 10 -4 -11 13 -7
right_child=-2 2 7 5 8 6 -8 -9 -10 11 -12 -13 -14 -15
leaf_value=-0.15612830962917804 0.0033496959457908729 0.026791632280345496 0.11112921011921088 2.8172265059419592 0.038748080708338115 0.39878123817996819 -0.27808737381804688 -0.60936215008743411 -0.9496601193764016 -0.021499205121493788 0.54058519829003149 0.34602801549730966 -0.72310201540682961 -0.29264045988159493
leaf_weight=712 8035 144 175 34 30 129 97 48 91 200 76 62 49 87
leaf_count=712 8035 144 175 34 30 129 97 48 91 200 76 62 49 87
internal_value=-7.52257e-05 -0.00217054 0.000943168 -0.00449053 -0.00575188 0.000604534 -0.00132231 0.00411032 -0.0140164 0.00566148 0.0103571 0.00114068 0.00259398 0.00552995
internal_weight=9969 1934 826 1108 265 396 362 561 121 513 251 262 265 216
internal_count=9969 1934 826 1108 265 396 362 561 121 513 251 262 265 216
is_linear=0
shrinkage=0.03


Tree=454
num_leaves=15
num_cat=0
split_feature=16 5 22 38 34 27 23 27 39 18 39 27 37 38
split_gain=10.5686 9.93814 17.9016 13.9807 22.4632 17.2207 17.5677 17.0178 19.2371 12.921 17.5878 12.9027 13.7435 14.3821
threshold=30.500000000000004 1.5000000000000002 0.21644144144144148 -51.499999999999993 700.56861826150009 55.654052025000006 0.93030615248748905 55.662202105000013 154.20106900821671 1208.1305659597178 121.02299734850835 55.68269852000001 -77.300007028961076 76.500000000000014
decision_type=10 2 10 8 10 2 2 2 10 10 10 2 10 10
left_child=1 11 -3 4 5 6 -4 -7 9 -9 -11 12 13 -1
right_child=-2 2 3 -5 -6 7 -8 8 -10 10 -12 -13 -14 -15
leaf_value=-0.086970826559474981 0.36525570902873167 0.0063450053465887888 0.21892275935994401 -0.023341554178851708 0.33187318583302539 -1.0907788302426873 -0.37820973259908719 -0.73772406946414604 0.38870734103484483 0.11395354235630467 -0.9334816760152046 0.035210378748826938 0.034784538740204027 0.064190836326928805
leaf_weight=614 49 2552 146 3027 46 74 68 119 53 98 71 1695 1151 267
leaf_count=614 49 2552 146 3027 46 74 68 119 53 98 71 1695 1151 267
internal_value=4.18702e-05 -2.70487e-05 -0.000757794 -0.0020902 -0.00599112 -0.00747619 -0.00055814 -0.0110337 -0.00815789 -0.0112111 -0.00582353 0.00119903 -0.000413182 -0.00323129
internal_weight=10030 9981 6254 3702 675 629 214 415 341 288 169 3727 2032 881
internal_count=10030 9981 6254 3702 675 629 214 415 341 288 169 3727 2032 881
is_linear=0
shrinkage=0.03


Tree=455
num_leaves=15
num_cat=0
split_feature=2 5 2 22 16 38 36 16 41 19 14 36 2 12
split_gain=7.9818 20.9021 11.1786 17.5592 15.6432 24.2173 22.3102 17.1131 14.4696 9.81139 9.58306 8.76595 10.1333 8.51022
threshold=20.841666666666672 7.5000000000000009 22.841666666666672 0.16760299625468167 18.500000000000004 220.50000000000003 19.828019925280206 26.500000000000004 -170.49999999999997 964.68544870244057 -7.7000000000000055 35.739278131634826 8.5416666666666696 403.50000000000006
decision_type=2 2 2 8 10 8 10 10 10 10 10 10 2 8
left_child=11 2 4 -4 9 6 8 10 -6 -2 -8 -1 -13 -5
right_child=1 -3 3 13 5 -7 7 -9 -10 -11 -12 12 -14 -15
leaf_value=0.00052923606405762551 -0.060801427538662391 0.022455592085457273 1.1675970938162183 -0.053135088927633127 0.73340065123075315 0.52912659917632887 -0.28431772842419983 -1.4101323287855205 -0.081486344983417502 0.018019384462838527 0.18832330443590692 0.0012694638174102432 0.6818251871802139 0.0034275144399987995
leaf_weight=8986 310 46 30 63 33 64 30 56 42 64 39 72 63 81
leaf_count=8986 310 46 30 63 33 64 30 56 42 64 39 72 63 81
internal_value=-9.91984e-05 -0.0028638 -0.00398524 0.00274286 -0.0058216 -0.000226415 -0.00537313 -0.0130952 0.0075 -0.00976 -0.003 0.000161149 0.00772059 -0.00165517
internal_weight=9979 858 812 174 638 264 200 125 75 374 69 9121 135 144
internal_count=9979 858 812 174 638 264 200 125 75 374 69 9121 135 144
is_linear=0
shrinkage=0.03


Tree=456
num_leaves=15
num_cat=0
split_feature=0 12 9 12 2 2 37 36 27 15 26 17 31 2
split_gain=7.60277 25.134 18.3837 21.9393 19.4147 40.7044 29.4619 22.0084 20.5944 21.5689 16.4915 13.8795 13.4236 17.1496
threshold=11.500000000000002 47.500000000000007 66.942810304358346 40.500000000000007 9.8583333333333361 15.175000000000002 288.07372169443858 29.40059122525415 55.723376895000008 1339.5000000000002 37.274278485000004 122.97837350000002 7.5000000000000009 16.425000000000004
decision_type=2 8 10 10 2 2 8 10 2 10 2 10 2 2
left_child=12 2 4 -4 8 11 7 -7 9 -2 -3 -6 -1 -14
right_child=1 10 3 -5 5 6 -8 -9 -10 -11 -12 -13 13 -15
leaf_value=0.00020073666012971144 -0.13089551582143916 -0.61808473417998933 0.42203644577793969 -0.35470203486591462 0.21520307251638612 -0.53346966290182196 1.0275658127486034 0.44688941700212975 -0.96545241443502727 -2.5841314280314895 0.010005652340649361 -0.43834520975502073 0.043039004673518601 -0.0090222980269033613
leaf_weight=3856 448 33 176 32 321 316 41 31 134 38 3761 48 616 202
leaf_count=3856 448 33 176 32 321 316 41 31 134 38 3761 48 616 202
internal_value=-5.07261e-05 -0.000819703 -0.00399117 0.00430622 -0.00524673 -0.00201847 -0.00879177 -0.0116379 -0.00917874 -0.00628337 0.000505929 0.00510811 0.000834225 0.00432234
internal_weight=10053 5379 1585 208 1377 757 388 347 620 486 3794 369 4674 818
internal_count=10053 5379 1585 208 1377 757 388 347 620 486 3794 369 4674 818
is_linear=0
shrinkage=0.03


Tree=457
num_leaves=15
num_cat=0
split_feature=18 39 20 9 27 38 26 9 36 23 2 20 2 27
split_gain=11.229 22.3951 25.6293 18.7272 29.377 15.9908 15.5999 17.8122 29.677 15.4163 15.032 18.5332 14.758 25.993
threshold=2577.9920129703596 82.791666666666671 13.423205128205131 9.762111685983335 55.58203025000001 -113.49999999999999 37.49454149000001 22.959310950450003 18.353162317558603 0.93487097914457418 4.8416666666666677 16.845695970695974 6.5916666666666677 55.702370685000005
decision_type=8 8 8 10 2 10 2 10 10 2 2 10 2 2
left_child=-1 2 6 4 -3 -4 7 8 -2 -10 11 -7 13 -6
right_child=1 3 5 -5 12 10 -8 -9 9 -11 -12 -13 -14 -15
leaf_value=0.0077806054666048749 -0.95755704249143703 1.2293688837339827 0.94825706126721632 -0.0048152018643209411 -0.99161171062083209 -0.24227642160931309 0.51734355705953661 -0.57439282615431253 0.03033224814538002 1.3390950021653316 -0.59862082836000352 1.4105393723493325 0.022132777913993321 0.0058109250246868565
leaf_weight=6250 75 90 30 2210 61 63 96 82 70 41 434 30 338 103
leaf_count=6250 75 90 30 2210 61 63 96 82 70 41 434 30 338 103
internal_value=-9.02346e-06 -0.0013131 -0.00536876 2.14056e-05 0.00475548 -0.0094086 0.000821918 -0.00289963 0.00224599 0.0120536 -0.010625 0.000319149 0.00190855 -0.00545455
internal_weight=9973 3723 921 2802 592 557 364 268 186 111 527 93 502 164
internal_count=9973 3723 921 2802 592 557 364 268 186 111 527 93 502 164
is_linear=0
shrinkage=0.03


Tree=458
num_leaves=15
num_cat=0
split_feature=30 34 27 13 14 38 15 38 21 18 25 12 13 25
split_gain=9.08225 22.4213 18.1537 27.8236 18.7157 18.5827 20.1116 17.7358 22.4139 14.73 14.2961 14.1766 14.4709 12.9986
threshold=570.00000000000011 576.41468709500009 55.673303265000008 119.50000000000001 1.5999999999999976 145.50000000000003 900.50000000000011 1021.0000000000001 28.050000000000004 384.95521171017361 164.50000000000003 40.500000000000007 -14.499999999999998 77.500000000000014
decision_type=2 8 2 8 8 8 10 8 8 10 2 10 10 2
left_child=1 -1 5 4 -4 6 9 -5 -9 13 11 12 -11 -2
right_child=2 -3 3 7 -6 -7 -8 8 -10 10 -12 -13 -14 -15
leaf_value=0.41231503861248753 0.3666473961377999 -0.00087261287649350802 -0.077160078655385864 -0.045545540225267134 -0.48215221631160926 -0.032100061420748602 0.49105844638140417 0.37926206771566812 -0.009021827394111696 -0.15720946239816683 0.88286165393791827 -0.35434231886002338 0.52159138775126301 -0.023462501929592927
leaf_weight=303 67 8217 173 376 154 343 84 52 40 101 36 42 41 36
leaf_count=303 67 8217 173 376 154 343 84 52 40 101 36 42 41 36
internal_value=-0.000193721 0.000190119 -0.00230918 -0.00546482 -0.0121646 0.00103862 0.00536765 -0.000767591 0.0109677 0.00194444 -0.00244344 -0.00583784 -0.00125874 0.01125
internal_weight=10065 8520 1545 795 327 750 407 468 92 323 220 184 142 103
internal_count=10065 8520 1545 795 327 750 407 468 92 323 220 184 142 103
is_linear=0
shrinkage=0.03


Tree=459
num_leaves=15
num_cat=0
split_feature=27 23 36 36 31 9 37 3 12 39 16 6 9 38
split_gain=8.0342 12.602 7.71798 20.443 19.1314 14.9346 17.3317 16.9429 16.0634 17.939 14.9123 14.5878 21.8333 14.5182
threshold=55.520169965000008 0.92284798534798551 27.180693113241045 28.7368778280543 196.50000000000003 95.22808324121668 -23.176787718690374 1.0000000180025095e-35 -272.99999999999994 64.041666666666671 26.500000000000004 6.5000000000000009 59.602921675050005 188.50000000000003
decision_type=2 2 8 8 2 8 10 2 8 8 10 2 10 8
left_child=1 -1 5 4 -4 6 7 8 9 -2 -5 -9 -13 -8
right_child=2 -3 3 10 -6 -7 13 11 -10 -11 -12 12 -14 -15
leaf_value=1.3899305907429023 -0.24991770395400195 -0.19176080481881883 -0.25614573021924492 -0.0016758157414614961 0.02338477049027169 0.12708810438339971 0.088030792760844745 -0.0022792863624505342 -0.065932635603019346 1.6337109292727856 0.37473633824215041 0.20191568510656796 -0.083012248922353316 -0.018537382108762088
leaf_weight=44 40 42 304 2393 133 212 2195 133 3267 50 56 87 32 987
leaf_count=44 40 42 304 2393 133 212 2195 133 3267 50 56 87 32 987
internal_value=-0.000111267 0.00896552 -0.000191102 -0.00149636 -0.00746575 0.000346945 0.00010159 -0.00132133 -0.00188505 0.0105495 -0.000428571 0.00616601 0.01375 0.00171536
internal_weight=9975 86 9889 2886 437 7003 6791 3609 3357 90 2449 252 119 3182
internal_count=9975 86 9889 2886 437 7003 6791 3609 3357 90 2449 252 119 3182
is_linear=0
shrinkage=0.03


Tree=460
num_leaves=15
num_cat=0
split_feature=41 40 36 36 6 35 0 31 15 25 28 36 18 2
split_gain=9.80603 12.1947 11.1675 10.9104 8.62111 9.27757 8.04243 17.4643 15.0735 13.3191 20.327 16.6223 24.315 21.9751
threshold=-358.49999999999994 -280.99999999999994 19.892057057057063 21.031111111111116 10.500000000000002 7421.4283637444123 -63.499999999999993 -57.499999999999993 33.005483466000008 -1.4999999999999998 0.17873263888888893 18.994319624270123 938.19065669437271 14.675000000000002
decision_type=8 8 8 10 2 10 2 2 8 2 2 8 10 2
left_child=2 3 -1 -2 6 -6 7 8 -3 10 11 12 -8 -14
right_child=1 4 -4 -5 5 -7 9 -9 -10 -11 -12 -13 13 -15
leaf_value=0.26245427125701565 0.23713860139317575 -0.5831002760069679 -0.025936568225097288 -0.098981977360620574 0.75798090463135492 0.0015351568332683029 -0.10847624930036943 0.42549335306680103 0.04997259607276678 0.0020130011559327133 0.22546960771814648 -0.15838925440848148 0.73221754144381346 -0.068883854545355325
leaf_weight=84 33 62 51 41 83 97 171 157 1046 6441 86 1374 204 152
leaf_count=84 33 62 51 41 83 97 171 157 1046 6441 86 1374 204 152
internal_value=0.000160666 5.12666e-05 0.00816176 -0.012 0.000142799 0.00662983 2.16629e-05 0.00225118 0.000919748 -0.000313204 -0.00245976 -0.00310726 0.00142045 0.00588235
internal_weight=10082 9947 135 74 9873 180 9693 1265 1108 8428 1987 1901 527 356
internal_count=10082 9947 135 74 9873 180 9693 1265 1108 8428 1987 1901 527 356
is_linear=0
shrinkage=0.03


Tree=461
num_leaves=15
num_cat=0
split_feature=2 5 16 20 31 26 2 12 23 38 2 27 0 20
split_gain=10.0632 16.851 15.8613 19.0902 15.8453 12.632 12.3841 20.9201 19.5301 19.8212 17.1176 21.265 25.2814 24.5542
threshold=20.925000000000004 9.5000000000000018 9.5000000000000018 13.357919254658389 -21.499999999999996 37.568500510000007 18.091666666666672 15.500000000000002 0.84965753424657542 85.500000000000014 15.841666666666669 55.633974685000005 -46.499999999999993 26.832051282051285
decision_type=2 2 8 8 2 2 2 8 2 10 2 2 2 8
left_child=6 2 -2 -4 -5 -6 10 -8 9 -9 -1 13 -13 -12
right_child=1 -3 3 4 5 -7 7 8 -10 -11 11 12 -14 -15
leaf_value=0.0045945063362269906 -0.094859244240595525 0.019982964274189014 -0.31179431466904928 0.40510896481072745 0.0041126547128712884 -0.012884658948892753 0.790108912604641 1.0582231255505303 -0.0012956229746880865 -0.15181983853633749 0.40291614934880549 0.076918056249015196 -0.18864220827282635 -2.1273772093642584
leaf_weight=7218 105 44 142 57 303 150 139 87 608 32 144 281 744 33
leaf_count=7218 105 44 142 57 303 150 139 87 608 32 144 281 744 33
internal_value=4.46075e-05 -0.00317955 -0.00423483 -0.00248086 0.000234834 -0.00165198 0.000323032 0.00373702 0.00168956 0.01275 -2.85002e-05 -0.00334165 -0.005 0.00623596
internal_weight=10087 801 757 652 510 453 9286 866 727 119 8420 1202 1025 177
internal_count=10087 801 757 652 510 453 9286 866 727 119 8420 1202 1025 177
is_linear=0
shrinkage=0.03


Tree=462
num_leaves=15
num_cat=0
split_feature=0 13 27 0 13 17 27 14 8 6 12 40 40 38
split_gain=8.40678 16.3185 18.6834 16.3045 14.275 15.8411 14.0313 15.2421 14.7807 21.1373 15.2554 14.6546 14.2632 13.9477
threshold=178.50000000000003 112.25000000000001 55.632439305000005 238.50000000000003 140.50000000000003 188.53424200000003 55.58203025000001 -23.049999999999994 3.5000000000000004 6.5000000000000009 229.50000000000003 -23.499999999999996 -96.499999999999986 9.5000000000000018
decision_type=2 8 2 2 8 10 2 8 2 2 10 10 10 8
left_child=-1 2 3 -2 5 -3 12 11 10 -10 -9 -8 -6 -12
right_child=1 4 -4 -5 6 -7 7 8 9 -11 13 -13 -14 -15
leaf_value=0.0028529039089801242 -0.62952758945304899 0.75172437215170052 -0.51553745835808962 0.82909276270162524 -1.1697364271696351 -0.37131605399221085 -1.4576504775697159 -0.082468108026254136 0.0088409908577720842 -0.62103689650827498 -0.11763325005165221 0.019627465550659213 -0.14196236754075039 0.55249187867647642
leaf_weight=8523 48 71 198 39 54 32 37 124 386 114 74 30 137 167
leaf_count=8523 48 71 198 39 54 32 37 124 386 114 74 30 137 167
internal_value=1.79372e-05 -0.00204365 -0.0084965 0.00306818 -0.000537897 0.0100962 -0.00152135 0 0.0010739 -0.00227545 0.00565574 -0.0136765 -0.00890625 0.0100413
internal_weight=10034 1511 285 87 1226 103 1123 932 865 500 365 67 191 241
internal_count=10034 1511 285 87 1226 103 1123 932 865 500 365 67 191 241
is_linear=0
shrinkage=0.03


Tree=463
num_leaves=15
num_cat=0
split_feature=13 2 16 40 5 9 0 35 16 38 24 31 26 39
split_gain=12.6478 10.6888 15.7172 10.3333 9.7443 15.2826 13.0698 13.3493 13.9305 15.3732 11.4869 9.55065 17.1695 23.0476
threshold=398.00000000000006 20.841666666666672 10.500000000000002 -71.499999999999986 3.5000000000000004 77.01527559118334 131.50000000000003 2005.7583943231123 20.500000000000004 199.50000000000003 10.943318116000002 -3.4999999999999996 37.524607320000008 365.20833333333343
decision_type=10 2 8 10 2 8 2 8 10 8 10 2 2 8
left_child=1 11 -3 -2 5 6 7 -4 9 -9 -8 12 13 -1
right_child=3 2 4 -5 -6 -7 10 8 -10 -11 -12 -13 -14 -15
leaf_value=0.10467214441327641 -0.020985431820066312 -0.12132033918795933 -0.90456210230728062 -0.91582201023561227 0.018173317958028897 -0.048896381688074156 -0.39974800692024015 -1.0148883560706896 0.26940300315715199 0.0026379560988998383 0.015808346741452369 0.0099542213362022562 -0.062748929546328533 -0.25060469600080776
leaf_weight=1005 83 123 30 49 79 74 81 46 140 223 30 5993 1947 137
leaf_count=1005 83 123 30 49 79 74 81 46 140 223 30 5993 1947 137
internal_value=0.000167314 0.000290645 -0.00297461 -0.00902256 -0.0012358 -0.002496 -0.00076225 0.00156818 0.003 -0.001 -0.00991071 0.000587911 -0.00076699 0.00215223
internal_weight=10040 9908 826 132 703 624 550 439 409 269 111 9082 3089 1142
internal_count=10040 9908 826 132 703 624 550 439 409 269 111 9082 3089 1142
is_linear=0
shrinkage=0.03


Tree=464
num_leaves=15
num_cat=0
split_feature=27 39 39 2 0 18 38 38 37 37 39 38 14 19
split_gain=11.4921 17.0915 29.8004 53.8874 33.3593 33.5877 20.7524 22.4393 19.3149 25.9072 18.9402 18.6122 15.6807 15.5839
threshold=55.62614872000001 84.400977617116681 77.518621057533338 14.341666666666669 216.50000000000003 3960.1313983729383 209.50000000000003 -126.49999999999999 -392.38131772255946 -106.5597831152209 64.528083241216677 -8.4999999999999982 22.300000000000001 297.51668963598462
decision_type=2 8 10 2 2 10 10 8 10 10 10 8 8 10
left_child=1 2 4 -4 5 -1 7 -3 -8 -10 -7 -9 -11 -12
right_child=-2 6 3 -5 -6 10 8 11 9 12 13 -13 -14 -15
leaf_value=1.9931190208225882 -0.0032368124863041674 -0.18886488479362959 -1.7262382220334596 1.6327465562582417 -0.56435596076227224 1.5306950727117403 -2.3729331438968368 0.68115134178287051 0.41125020584914396 -0.52505295867069746 -0.90088364544296551 0.095081184921650852 0.045535443146120395 0.35369590693293368
leaf_weight=105 8318 79 202 65 94 40 49 103 67 102 75 672 59 32
leaf_count=105 8318 79 202 65 94 40 49 103 67 102 75 672 59 32
internal_value=-0.000184836 0.00202865 -0.00200326 -0.00951493 0.00380403 0.00948617 0.00421378 0.00652632 -0.00291367 0.000786026 0.000202703 0.0080799 -0.00574074 -0.00638889
internal_weight=10062 1744 613 267 346 252 1131 854 277 228 147 775 161 107
internal_count=10062 1744 613 267 346 252 1131 854 277 228 147 775 161 107
is_linear=0
shrinkage=0.03


Tree=465
num_leaves=15
num_cat=0
split_feature=27 39 6 0 15 27 18 32 9 6 10 20 39 26
split_gain=15.4723 22.637 35.8271 17.9809 22.8937 13.8209 12.6684 13.0005 10.9506 9.73159 18.669 15.6798 22.1595 18.982
threshold=55.801236590000009 113.67068473689169 7.5000000000000009 195.50000000000003 121.08741613950001 55.834125145000009 2713.5248424503311 -252.49999999999997 42.71520926929167 8.5000000000000018 0.91666666666666685 16.89237451737452 158.63342472443335 37.448167465000004
decision_type=2 10 2 2 8 2 8 2 10 2 8 8 10 2
left_child=9 2 3 4 -2 -3 8 -8 -6 -1 11 -11 13 -13
right_child=1 5 -4 -5 6 -7 7 -9 -10 10 -12 12 -14 -15
leaf_value=-0.0077939781130931468 0.59026739677332485 1.575828255957864 -0.75398863608643152 -0.11384134189875056 -0.035180545953188723 0.0083903804718381287 -0.0065691343312867575 0.029242226027296939 0.0081588031873476453 0.0094615683403147348 -0.0062334645078259993 -0.30780464558828241 -0.49016407248998539 0.42376373821772778
leaf_weight=6998 99 74 96 62 92 62 57 84 39 1253 375 75 77 535
leaf_count=6998 99 74 96 62 92 62 57 84 39 1253 375 75 77 535
internal_value=4.20884e-05 0.00445946 0.00164151 0.00532258 0.00782258 0.0153285 0.0032967 0.00950704 -0.00340909 -0.000273781 0.00141192 0.0025966 0.00623547 0.00815057
internal_weight=9978 665 529 433 371 136 272 141 131 9313 2315 1940 687 610
internal_count=9978 665 529 433 371 136 272 141 131 9313 2315 1940 687 610
is_linear=0
shrinkage=0.03


Tree=466
num_leaves=15
num_cat=0
split_feature=2 14 27 19 25 27 3 9 6 27 26 39 18 22
split_gain=18.7327 11.9921 18.3898 16.0639 14.3128 14.7493 17.7773 14.2184 16.8324 33.0616 21.6133 20.1423 19.7902 20.6589
threshold=0.25833333333333336 -16.499999999999982 55.613116985000005 625.18018759421568 -8.4999999999999982 55.787792490000008 1.0000000180025095e-35 118.24905530193335 7.5000000000000009 55.572060790000002 37.720420390000008 118.46769510666668 3787.6608687925418 0.21483516483516488
decision_type=2 10 2 10 2 2 2 10 2 2 2 8 10 10
left_child=-1 2 -2 7 5 6 -4 8 9 12 -10 -12 -3 -14
right_child=1 3 4 -5 -6 -7 -8 -9 10 -11 11 -13 13 -15
leaf_value=-0.040442043382202773 0.15438476194208142 -2.6302979193782399 -0.28429973012782633 0.034754916279102703 -0.00081373177627345724 0.37679642404865743 0.076146768291562916 0.58412121332609379 0.01950107366528054 -0.0010039326660137959 -0.067986720707793796 0.62071748341445809 0.14346049997563667 -0.79141176909940691
leaf_weight=45 399 62 910 167 1951 70 81 53 2612 3160 113 317 34 97
leaf_count=45 399 62 910 167 1951 70 81 53 2612 3160 113 317 34 97
internal_value=0.000187649 0.000275257 -0.0011694 0.00102025 -0.00197146 -0.00477401 -0.00571573 0.000781517 0.00065197 -0.000813953 0.0022675 0.00849188 -0.0128351 -0.00613636
internal_weight=10071 10026 3411 6615 3012 1061 991 6448 6395 3353 3042 430 193 131
internal_count=10071 10026 3411 6615 3012 1061 991 6448 6395 3353 3042 430 193 131
is_linear=0
shrinkage=0.03


Tree=467
num_leaves=15
num_cat=0
split_feature=2 27 24 23 0 35 39 2 25 27 14 13 37 2
split_gain=9.3896 11.163 14.5183 20.734 21.7767 19.4508 16.5629 15.5444 24.7564 19.8837 18.4297 17.5403 14.4059 18.7907
threshold=0.25833333333333336 55.73777608000001 6.1142140790000008 0.88694461351186871 359.50000000000006 1833.4305387643803 69.864425884316674 10.425000000000002 1.5000000000000002 55.742540285000011 2.6000000000000028 60.500000000000007 -562.08303922000971 12.008333333333335
decision_type=2 2 10 2 2 10 8 2 2 2 8 10 8 2
left_child=-1 -2 7 6 5 -5 -4 8 9 -3 -9 -10 -12 -14
right_child=1 2 3 4 -6 -7 -8 10 11 -11 12 -13 13 -15
leaf_value=-0.024526330579562685 -0.0057904016485166914 0.4817945100327457 -0.094398276407888476 0.038697635256743079 -0.83081567528044153 0.82975790050196596 0.0048987549736495533 0.26112153955108014 -0.91544600578197588 -0.012695297133839724 -0.25453959224756301 -0.14039897962899714 1.392332292589413 -0.002144766104383257
leaf_weight=50 8095 50 98 102 31 274 423 234 78 98 30 119 43 327
leaf_count=50 8095 50 98 102 31 274 423 234 78 98 30 119 43 327
internal_value=-0.000101462 -3.59892e-05 0.0020283 0.00471475 0.00977941 0.0117772 0.000747126 -0.000520408 -0.00563584 0.00362416 0.00226772 -0.0125758 -0.00164589 0
internal_weight=10052 10002 1907 928 407 376 521 979 345 148 634 197 400 370
internal_count=10052 10002 1907 928 407 376 521 979 345 148 634 197 400 370
is_linear=0
shrinkage=0.03


Tree=468
num_leaves=15
num_cat=0
split_feature=26 31 40 9 39 32 39 32 32 12 14 34 22 23
split_gain=7.30672 14.5842 8.26632 8.69017 15.0327 11.0823 21.9254 19.6155 19.0101 16.1267 15.7261 15.6319 14.2633 13.7979
threshold=37.858991355000008 -70.499999999999986 782.50000000000011 130.22808324121669 141.5916666666667 -1097.4999999999998 243.66666666666671 -544.99999999999989 -532.99999999999989 -96.499999999999986 -49.349999999999987 1096.4166675790002 0.96490147783251246 0.94461486025903219
decision_type=2 2 10 10 8 2 10 2 2 10 10 8 8 2
left_child=2 -2 3 5 -5 6 13 9 -9 10 -7 -8 -11 -1
right_child=1 -3 -4 4 -6 7 11 8 -10 12 -12 -13 -14 -15
leaf_value=0.23315643121574003 -0.017932889352797615 0.20918280988444166 0.1248312379858731 -0.20045521323947429 -0.074166015166043375 -0.0096597214876642072 0.10865948347137788 0.76544630831893357 0.0004145981621887884 -0.24939197839852922 1.1244180634406822 -1.8344491123283462 -0.023521559704160235 0.020583398327996178
leaf_weight=131 60 154 58 44 198 58 31 37 8486 238 32 40 147 347
leaf_count=131 60 154 58 44 198 58 31 37 8486 238 32 40 147 347
internal_value=0.000110316 0.0055814 -9.13891e-06 -7.66088e-05 -0.00567901 6.59824e-05 0.0042 -0.000186687 0.000144298 -0.00611345 0.00527473 -0.01125 -0.00878238 0.00651357
internal_weight=10061 214 9847 9789 242 9547 549 8998 8523 475 90 71 385 478
internal_count=10061 214 9847 9789 242 9547 549 8998 8523 475 90 71 385 478
is_linear=0
shrinkage=0.03


Tree=469
num_leaves=15
num_cat=0
split_feature=27 36 38 19 18 38 9 27 22 20 32 38 21 16
split_gain=9.87563 20.437 25.8162 21.3996 15.2019 28.4689 19.6628 18.7778 17.2543 15.0848 15.1593 14.5185 15.9152 17.9095
threshold=55.62614872000001 25.75119047619048 205.50000000000003 383.95832819253502 2887.6170932299005 163.50000000000003 75.01527559118334 55.545383390000005 0.18225524475524477 13.937252252252252 20.500000000000004 3.5000000000000004 20.950000000000003 14.500000000000002
decision_type=2 10 10 10 10 8 10 2 10 10 2 8 10 10
left_child=1 2 9 -4 5 -3 -7 8 -6 -1 -11 -9 13 -13
right_child=-2 4 3 -5 7 6 -8 11 -10 10 -12 12 -14 -15
leaf_value=0.084968306595023357 -0.002058015626825328 -0.1491651929794193 -0.48379104565480119 0.8700868699207307 0.11996383311506263 2.1456337716660108 -0.072863346849181304 0.34053344201232677 -0.95976664628133435 -0.019613522556207241 1.0754432883143534 0.3892482239380346 0.029753013080973417 -0.78814389848001087
leaf_weight=395 8330 179 161 32 30 120 44 62 98 30 163 39 185 182
leaf_count=395 8330 179 161 32 30 120 44 62 98 30 163 39 185 182
internal_value=-1.19391e-05 0.00205694 0.00563939 -0.00386598 -0.000925532 0.00409884 0.0130909 -0.0038191 -0.0139535 0.00876061 0.0156186 -0.00102345 -0.00309582 -0.00851351
internal_weight=10050 1720 781 193 939 343 164 596 128 588 193 468 406 221
internal_count=10050 1720 781 193 939 343 164 596 128 588 193 468 406 221
is_linear=0
shrinkage=0.03


Tree=470
num_leaves=15
num_cat=0
split_feature=0 25 22 40 26 0 2 39 12 40 18 26 2 2
split_gain=14.5575 15.6487 14.9991 15.5258 12.9235 18.0165 17.9591 16.3618 16.1471 16.4244 20.5424 15.0778 14.4078 13.8624
threshold=-157.49999999999997 -212.49999999999997 0.35781671159029654 14.500000000000002 37.524607320000008 -51.499999999999993 6.5916666666666677 96.308812651875016 -174.49999999999997 -200.49999999999997 2731.6498308939044 37.728054620000009 2.4250000000000003 5.6250000000000009
decision_type=2 2 8 8 2 2 2 8 8 8 10 2 2 2
left_child=2 -2 3 -1 5 6 -3 -8 11 10 -10 -6 -11 -7
right_child=1 4 -4 -5 8 13 7 -9 9 12 -12 -13 -14 -15
leaf_value=0.69159686458945058 -0.24597172079106136 -0.19992362081255072 0.66794031478530425 -0.17496001849980405 -0.61318984154870826 0.040968070010435224 0.2796630148623741 1.0321567618896943 -1.1592889287282857 -0.027656462029722485 0.17125860314139529 0.027321102653642126 -0.0014952081737220218 -0.0019310948125917981
leaf_weight=50 120 53 153 94 101 810 137 91 72 92 32 47 4481 3723
leaf_count=50 120 53 153 94 101 810 137 91 72 92 32 47 4481 3723
internal_value=1.1932e-05 -0.0001875 0.00654362 -0.000413793 -5.29046e-05 0.00104673 0.00840426 0.0120524 -0.00115002 -0.000840103 -0.0125714 -0.0108725 -0.000570617 0.000588884
internal_weight=10056 9759 297 144 9639 4814 281 228 4825 4677 104 148 4573 4533
internal_count=10056 9759 297 144 9639 4814 281 228 4825 4677 104 148 4573 4533
is_linear=0
shrinkage=0.03


Tree=471
num_leaves=15
num_cat=0
split_feature=27 19 2 37 26 39 38 31 32 22 22 39 19 36
split_gain=9.10625 9.31943 13.2307 17.9338 14.4761 13.0657 22.2959 12.1653 12.3624 15.7914 13.3087 14.2547 9.6087 8.60594
threshold=55.520169965000008 4.2981121835547631 3.0750000000000006 1.491299280085798 37.703970910000002 155.55000000000004 406.00000000000006 116.50000000000001 -300.49999999999994 0.087337909992372245 0.33558558558558566 213.46827426920837 4.8775532061599316 35.739278131634826
decision_type=2 10 2 8 2 10 10 2 2 8 10 8 10 10
left_child=-1 5 3 4 -3 -2 -7 8 -5 -10 11 -11 -4 -14
right_child=1 2 12 7 -6 6 -8 -9 9 10 -12 -13 13 -15
leaf_value=0.831138344816305 0.0069119550130842151 -0.82570274131453292 -0.57094065889557577 0.19195633315734037 0.028917692043226827 0.15534814837898267 -0.74433013455815977 -0.4103434633459534 0.07994893264105539 0.008323817948526829 0.38218542743372497 -0.062790612563718207 -0.00012961027026676673 0.10940496146308447
leaf_weight=84 468 93 37 34 31 32 33 30 41 66 36 115 8750 173
leaf_count=84 468 93 37 34 31 32 33 30 41 66 36 115 8750 173
internal_value=0.000104749 2.11268e-05 -0.000197725 -0.0052349 -0.01488 0.0038764 -0.00863636 -0.00148607 0.000409556 -0.00185328 -0.00509174 -0.00840659 5.35655e-05 0.00011766
internal_weight=10023 9939 9406 446 124 533 65 322 292 258 217 181 8960 8923
internal_count=10023 9939 9406 446 124 533 65 322 292 258 217 181 8960 8923
is_linear=0
shrinkage=0.03


Tree=472
num_leaves=15
num_cat=0
split_feature=34 26 37 9 19 24 2 15 19 24 36 12 23 39
split_gain=10.6428 29.4637 18.3637 17.6735 14.3011 13.394 12.636 16.3934 20.7126 12.3636 11.1475 9.64795 13.4129 9.63893
threshold=1258.0000000000002 37.703970910000002 -116.75193519528925 53.017592617533339 154.48007494073497 5.118590127500001 8.5416666666666696 428.50000000000006 54.625179404450698 3.0054834660000007 17.558797729618167 67.500000000000014 0.97568366592756839 67.909310950450006
decision_type=8 2 8 10 10 10 2 10 10 10 10 8 2 10
left_child=1 2 5 4 9 6 -1 8 -8 -3 -7 -4 -13 -12
right_child=-2 3 11 -5 -6 10 7 -9 -10 -11 13 12 -14 -15
leaf_value=0.0064080330697615295 -0.0024376726168807137 0.13464441193185878 0.73312384202082759 1.4606697409026568 2.7701939568755547 0.10955779689766933 -0.35325462748477482 -0.69358023908439359 0.076188366242150626 -0.064263441433870333 -0.10000167440361306 0.2141392473726185 -0.60207562308659335 0.076018095798373986
leaf_weight=110 9074 50 112 77 31 52 90 73 48 47 134 81 30 102
leaf_count=110 9074 50 112 77 31 52 90 73 48 47 134 81 30 102
internal_value=-7.41693e-05 0.00280347 0.000288115 0.0129612 0.00604651 -0.00240984 -0.00661491 -0.0108962 -0.0047482 0.000306122 0.00228374 0.00763393 0.00133929 -0.000506329
internal_weight=10111 1037 832 205 128 609 321 211 138 97 288 223 111 236
internal_count=10111 1037 832 205 128 609 321 211 138 97 288 223 111 236
is_linear=0
shrinkage=0.03


Tree=473
num_leaves=15
num_cat=0
split_feature=26 40 14 2 2 41 37 37 26 37 14 39 40 41
split_gain=8.99175 11.8371 11.0315 17.4127 12.0531 10.5545 11.4923 10.1499 9.37838 20.9075 24.6611 34.9839 21.131 19.6873
threshold=37.858991355000008 782.50000000000011 -20.999999999999989 6.8416666666666677 11.175000000000002 535.50000000000011 -604.07107108960656 -68.703171226938125 37.533866470000014 -26.847990317494858 -17.25 141.20009139110002 -171.49999999999997 -119.49999999999999
decision_type=2 10 8 2 2 10 10 8 2 10 8 8 8 8
left_child=1 5 -2 -4 -5 8 -7 -6 13 12 11 -11 -10 -1
right_child=2 -3 3 4 7 6 -8 -9 9 10 -12 -13 -14 -15
leaf_value=0.2378008996700855 -0.13873120225253599 0.13443583183288141 1.1926161138824003 -0.41608652297912851 -0.007306052552935584 -0.25650512663899205 -0.15598859629539547 0.22726657829181568 -0.77159128015459821 0.014856607325983392 0.057591093903498897 -0.7759507488179066 -0.012536730109916343 0.0027443833966293335
leaf_weight=384 31 53 47 36 42 33 85 62 131 127 1453 94 2815 4698
leaf_count=384 31 53 47 36 42 33 85 62 131 127 1453 94 2815 4698
internal_value=1.48633e-05 -0.000118493 0.0060274 0.0087766 0.00340426 -0.000195499 -0.00907563 0.00857143 -8.65712e-05 -0.0010647 0.00161194 -0.0077027 -0.00258568 0.000802676
internal_weight=10091 9873 218 187 140 9820 118 104 9702 4620 1674 221 2946 5082
internal_count=10091 9873 218 187 140 9820 118 104 9702 4620 1674 221 2946 5082
is_linear=0
shrinkage=0.03


Tree=474
num_leaves=15
num_cat=0
split_feature=14 3 16 23 40 6 20 18 13 0 16 35 2 2
split_gain=11.7687 19.019 14.2596 20.2089 24.6363 21.3959 16.1435 16.0819 15.598 13.6707 18.9066 18.2386 20.8161 23.8575
threshold=17.250000000000004 1.0000000180025095e-35 15.500000000000002 0.91388579903596601 58.500000000000007 7.5000000000000009 24.422619047619051 5521.9382106784569 101.50000000000001 11.500000000000002 23.500000000000004 3272.7642483353493 21.675000000000004 12.508333333333335
decision_type=10 2 10 2 10 2 8 10 10 2 8 10 2 2
left_child=9 2 3 5 -5 6 8 -4 -2 -1 11 -11 13 -13
right_child=1 -3 7 4 -6 -7 -8 -9 -10 10 -12 12 -14 -15
leaf_value=0.0027587116819737744 0.87456191392502569 -0.016895835198777017 0.0072634443355610043 -0.10447069817247523 0.21822354485508128 0.97530479098400558 -0.7303923943418279 1.1535772256716288 0.045477639916668831 -0.15867286933724187 0.030378301032696235 -0.10871040996323408 -0.81628387629389254 0.13419260152372506
leaf_weight=4190 38 222 1043 197 55 124 39 32 62 1571 1091 638 60 630
leaf_count=4190 38 222 1043 197 55 124 39 32 62 1571 1091 638 60 630
internal_value=-0.000168118 0.00201875 0.00316782 0.00726744 0.00118577 0.0130682 0.00492857 0.00119888 0.0112871 -0.000652732 -0.0019093 -0.00317586 -0.000586907 0.000236407
internal_weight=9992 1812 1590 515 252 263 139 1075 100 8180 3990 2899 1328 1268
internal_count=9992 1812 1590 515 252 263 139 1075 100 8180 3990 2899 1328 1268
is_linear=0
shrinkage=0.03


Tree=475
num_leaves=15
num_cat=0
split_feature=27 36 31 32 38 17 22 32 18 9 38 37 41 9
split_gain=10.5253 14.9837 29.8145 19.7761 23.1556 22.1434 17.0185 19.3533 16.1547 29.2936 34.5651 29.1826 17.7505 17.4093
threshold=55.62614872000001 25.75119047619048 132.50000000000003 176.50000000000003 216.50000000000003 117.55865700000001 0.28966437833714725 -10.749999999999998 2887.6170932299005 76.01527559118334 132.50000000000003 -241.51932848474874 137.50000000000003 9.762111685983335
decision_type=2 8 2 2 10 10 8 2 10 10 8 10 10 10
left_child=1 2 6 -4 5 -5 -1 -8 9 10 11 -3 -11 -10
right_child=-2 8 3 4 -6 -7 7 -9 13 12 -12 -13 -14 -15
leaf_value=1.0530518058896188 -0.004909519064613903 0.26489772920493498 -0.2904608475497627 -0.039044624008237175 -0.26452818554881946 1.1884970818038578 0.75881996124341411 -0.051340355898146055 0.22304449025065071 -0.015430991942554755 1.2916533557485395 -1.9294531453307822 -1.8940149352697355 -0.18663125950766837
leaf_weight=139 8240 78 102 41 74 52 107 100 146 127 174 50 33 489
leaf_count=139 8240 78 102 41 74 52 107 100 146 127 174 50 33 489
internal_value=-0.000283332 0.00185639 0.00560065 -0.00188889 0.00446429 0.0143617 0.0114121 0.00591346 -0.000245902 0.00401728 0.00950495 -0.00232558 -0.0063354 -0.00334906
internal_weight=9952 1712 615 269 167 93 346 207 1097 462 302 128 160 635
internal_count=9952 1712 615 269 167 93 346 207 1097 462 302 128 160 635
is_linear=0
shrinkage=0.03


Tree=476
num_leaves=15
num_cat=0
split_feature=0 17 13 35 20 41 31 36 10 27 21 39 37 18
split_gain=9.18844 23.713 16.3183 16.959 14.133 15.7646 11.0572 23.5861 25.3768 22.6075 23.7 18.797 21.2366 14.7778
threshold=-61.499999999999993 -62.441342999999996 -52.499999999999993 3272.7642483353493 19.355042016806724 -260.49999999999994 -3.4999999999999996 18.905505952380956 1.0000000180025095e-35 55.63426728000001 55.600000000000009 151.23425928420002 -322.19878991309753 682.36966550569957
decision_type=2 10 10 10 10 10 2 8 8 2 8 8 8 10
left_child=1 4 3 -3 -1 -6 7 13 11 -10 -11 -9 -13 -2
right_child=6 2 -4 -5 5 -7 -8 8 9 10 -12 12 -14 -15
leaf_value=0.019365715809169997 -0.041959653876029783 0.55640139168915237 1.6016346629380449 -0.27112405926534633 0.74016830647953102 -0.98529250299781379 -0.00015922985439493465 -0.11265505172894563 -0.74379523917522095 0.15006084890410837 -0.12229593049030547 0.35847352149710471 -0.80838022826762812 0.18336609996049305
leaf_weight=796 114 305 77 33 35 98 6760 801 46 261 32 46 297 371
leaf_count=796 114 305 77 33 35 98 6760 801 46 261 32 46 297 371
internal_value=-0.00025613 0.00205204 0.00800481 0.00513274 -0.000612903 -0.00962687 -0.000611754 -0.00259015 -0.00446765 0.00273529 0.00581633 -0.00660262 -0.0124709 0.00314815
internal_weight=10072 1344 415 338 929 133 8728 1968 1483 339 293 1144 343 485
internal_count=10072 1344 415 338 929 133 8728 1968 1483 339 293 1144 343 485
is_linear=0
shrinkage=0.03


Tree=477
num_leaves=15
num_cat=0
split_feature=18 5 35 10 9 0 39 39 39 26 39 1 2 2
split_gain=10.3346 25.8311 19.2326 18.6836 14.9305 24.7154 15.7713 22.4542 14.8556 16.6585 14.7037 15.3965 14.0306 23.6132
threshold=2403.3974140303649 8.5000000000000018 3164.1722194765143 0.58333333333333337 9.302606487550003 75.500000000000014 144.82405530193336 107.39166666666668 106.14259261753335 37.47437934500001 260.97497828537507 13.734886583333335 17.508333333333336 12.925000000000002
decision_type=10 2 10 8 8 2 10 10 8 2 10 2 2 2
left_child=-1 2 3 8 5 6 7 12 -2 -10 11 -6 13 -4
right_child=1 -3 4 -5 10 -7 -8 -9 9 -11 -12 -13 -14 -15
leaf_value=0.0063983135115864799 -0.062260063943985165 0.4660136762987151 -0.0092199437225275651 0.052790418804057965 -0.01214047762179578 0.65666264277126063 -0.227775905073128 1.6842145988354129 0.25107301750595679 -0.8460513337137382 0.060624376886640678 -0.60164403798249966 -0.039291730973148017 0.59299973487191526
leaf_weight=6075 349 32 185 59 2352 228 62 54 46 283 176 60 73 54
leaf_count=6075 349 32 185 59 2352 228 62 54 46 283 176 60 73 54
internal_value=0.0002022 -0.000979073 -0.00119789 -0.00556911 -0.00020339 0.00383562 -0.00041958 0.00196185 -0.00698085 -0.0115455 -0.00122827 -0.00184003 -0.00115016 0.002375
internal_weight=10088 4013 3981 737 3244 656 428 366 678 329 2588 2412 312 239
internal_count=10088 4013 3981 737 3244 656 428 366 678 329 2588 2412 312 239
is_linear=0
shrinkage=0.03


Tree=478
num_leaves=15
num_cat=0
split_feature=23 16 22 38 28 38 8 16 39 2 38 32 9 38
split_gain=10.2259 18.4622 18.2727 18.1769 16.1615 15.5559 25.9102 18.3943 23.7034 24.8948 19.6489 25.7476 19.5199 20.2679
threshold=0.89668856048166401 18.500000000000004 0.1472136222910217 482.00000000000006 1.0000000180025095e-35 346.50000000000006 3.5000000000000004 15.500000000000002 99.750479318541679 7.0916666666666677 49.500000000000007 -299.49999999999994 13.015275591183334 149.50000000000003
decision_type=2 8 8 10 2 10 2 8 8 2 8 2 10 8
left_child=3 4 -3 5 -2 7 -7 8 -1 -10 -11 -12 -13 -14
right_child=1 2 -4 -5 -6 6 -8 -9 9 10 11 12 13 -15
leaf_value=-0.058301593293745728 -0.030624569675765156 0.40270080249236012 0.030554588835279794 0.2180386842714418 0.21723750973920744 0.0034532499151320017 -2.2357902906840121 -0.013476525420551718 0.060099620335880642 0.10637484587696888 -0.087118670400042814 0.038630588746795549 -0.76689069367423446 0.00066771077740174732
leaf_weight=213 2170 255 3510 69 97 68 77 2412 299 305 66 202 90 256
leaf_count=213 2170 255 3510 69 97 68 77 2412 299 305 66 202 90 256
internal_value=0.000151635 0.000934858 0.00222252 -0.00101281 -0.0012037 -0.00127852 -0.0108904 -0.000913111 0.00178073 0.00339623 0.000945652 -0.00214634 0 -0.00432277
internal_weight=10089 6032 3765 4057 2267 3988 145 3843 1431 1218 919 614 548 346
internal_count=10089 6032 3765 4057 2267 3988 145 3843 1431 1218 919 614 548 346
is_linear=0
shrinkage=0.03


Tree=479
num_leaves=15
num_cat=0
split_feature=36 25 27 25 24 14 20 34 14 27 41 29 38 31
split_gain=10.5815 9.72829 19.7441 15.7308 20.0794 14.7923 15.1705 13.8014 13.6086 16.5531 13.4656 12.9871 18.9068 14.7643
threshold=10.145555555555555 -1.4999999999999998 55.801236590000009 -37.499999999999993 1.0054834660000003 -18.149999999999995 12.751923076923079 4342.0000000000009 34.500000000000007 55.633974685000005 127.50000000000001 1.0000000180025095e-35 87.500000000000014 -38.499999999999993
decision_type=8 2 2 2 8 10 10 10 8 2 10 2 8 2
left_child=-1 2 3 8 5 -5 -7 -3 10 -10 11 13 -13 -2
right_child=1 7 -4 4 -6 6 -8 -9 9 -11 -12 12 -14 -15
leaf_value=-0.34671932337518019 -0.035694576237039255 0.0026264222745856348 2.5458644714079308 -0.55287359152096827 -0.22436503776845823 1.0393653195832755 -0.0017542825727623922 0.53105353567292946 0.34661072878178556 -0.096534705142161795 0.73780993664386374 0.19115752050441365 -0.031016478093142674 0.19641552202139023
leaf_weight=33 1641 6544 57 40 861 58 55 63 56 244 127 87 59 60
leaf_count=33 1641 6544 57 40 861 58 55 63 56 244 127 87 59 60
internal_value=-5.70799e-05 0 -0.00131799 -0.00162359 -0.00472906 0.00525974 0.0107895 0.000667373 -0.000237363 -0.0061794 0.000668354 1.62338e-05 0.00857143 -0.000722679
internal_weight=9985 9952 3345 3288 1014 153 113 6607 2274 300 1974 1847 146 1701
internal_count=9985 9952 3345 3288 1014 153 113 6607 2274 300 1974 1847 146 1701
is_linear=0
shrinkage=0.03


Tree=480
num_leaves=15
num_cat=0
split_feature=18 36 12 25 26 25 14 31 39 18 39 22 18 0
split_gain=8.51328 12.831 9.14213 7.73867 18.0554 11.8352 8.14326 17.3118 27.7462 27.2179 17.0995 16.5297 14.7939 13.1639
threshold=38.084545189327805 24.451457399103145 45.500000000000007 415.00000000000006 37.74373523500001 542.50000000000011 28.400000000000006 21.250000000000004 128.07500000000002 961.40314317283594 24.94166666666667 0.40129870129870138 1014.1495297937657 226.50000000000003
decision_type=8 8 8 2 2 2 10 2 10 10 10 10 10 2
left_child=1 2 -1 6 5 -5 13 11 9 -9 -11 -8 -13 -2
right_child=3 -3 -4 4 -6 -7 7 8 -10 10 -12 12 -14 -15
leaf_value=-0.0083466267111433016 0.00063386005276564318 -0.16046343048609277 0.12221827369468588 -0.14249809163349347 -2.610052174237794 0.71954330228100183 -0.18284781883343357 0.27690223510080947 0.77955301940130617 0.071912663011060252 -0.27363558492260309 -0.068972535211986666 0.34903754491290384 -0.17796331457021325
leaf_weight=47 8151 90 36 60 34 38 139 98 143 157 302 30 87 667
leaf_count=47 8151 90 36 60 34 38 139 98 143 157 302 30 87 667
internal_value=-0.000145833 -0.00672414 0.00178571 -3.02816e-05 -0.00721805 -0.000606061 6.75192e-05 0.00269592 0.00513552 0.00209677 -0.000978261 -0.00396887 0.00432203 -0.000217712
internal_weight=10079 173 83 9906 132 98 9774 956 700 557 459 256 117 8818
internal_count=10079 173 83 9906 132 98 9774 956 700 557 459 256 117 8818
is_linear=0
shrinkage=0.03


Tree=481
num_leaves=15
num_cat=0
split_feature=24 38 38 19 38 23 16 31 26 27 41 26 2 2
split_gain=8.33022 19.2012 26.9199 14.7173 13.3242 13.1661 11.8994 20.6134 24.8381 24.2779 20.9318 17.7458 24.3588 33.7597
threshold=9.7657688930000024 482.00000000000006 331.50000000000006 154.48007494073497 111.50000000000001 0.31180555555555561 23.500000000000004 -8.4999999999999982 37.74373523500001 55.574733635000008 -112.49999999999999 37.47313255000001 5.6250000000000009 6.5916666666666677
decision_type=8 10 10 10 10 2 8 2 2 2 8 2 2 2
left_child=5 2 4 -4 -2 -1 11 8 -8 -9 -11 12 -7 -14
right_child=1 -3 3 -5 -6 6 7 9 -10 10 -12 -13 13 -15
leaf_value=-0.11348917259090947 0.0014658466731020837 0.31471265516691554 -2.2552957034875751 -0.0054933490689184237 0.049582396384249099 0.4759269089353208 -0.10981797233110484 -0.66099369891725723 0.38777535555738535 0.96147493086650826 0.086956392057388934 -0.062251200256490336 -1.1556749871138716 0.014902040455518501
leaf_weight=62 2365 72 59 64 552 226 987 94 102 51 1108 2673 111 1549
leaf_count=62 2365 72 59 64 552 226 987 94 102 51 1108 2673 111 1549
internal_value=-5.65701e-05 0.00123354 0.000868135 -0.0128226 0.00144962 -0.000633257 -0.000508548 0.00122919 -0.00178899 0.00385167 0.0050431 -0.00140132 0.000826709 -0.000433474
internal_weight=10075 3112 3040 123 2917 6963 6901 2342 1089 1253 1159 4559 1886 1660
internal_count=10075 3112 3040 123 2917 6963 6901 2342 1089 1253 1159 4559 1886 1660
is_linear=0
shrinkage=0.03


Tree=482
num_leaves=15
num_cat=0
split_feature=0 2 12 20 39 0 26 35 16 31 2 27 18 36
split_gain=13.7643 19.6821 20.8086 14.5971 21.9543 18.2597 25.8587 30.4977 15.7486 14.3817 13.8643 36.5659 27.7009 22.3188
threshold=11.500000000000002 21.841666666666672 47.500000000000007 16.706202046035809 55.119059391266674 153.50000000000003 37.444393735000013 4911.7780362502526 27.500000000000004 7.5000000000000009 9.2750000000000021 55.725344490000005 1014.1495297937657 18.765576625387002
decision_type=2 2 8 10 8 2 2 10 10 2 2 2 10 8
left_child=9 2 10 -4 -5 6 -6 8 -8 -1 11 12 -2 -12
right_child=1 -3 3 4 5 -7 7 -9 -10 -11 13 -13 -14 -15
leaf_value=0.00047105277464962056 1.2892751400910885 -0.19576856562202982 -0.020687536008201161 -1.479983606509812 1.3128445966896867 -0.0035175772129828428 0.19147174627022651 -0.5889588615856225 2.5746312081823466 0.021699465629082166 0.17921171056151439 -1.0920152377562227 -0.27030245799825547 -0.10409800443952384
leaf_weight=3847 39 176 2609 44 83 484 342 73 30 810 282 127 404 641
leaf_count=3847 39 176 2609 44 83 484 342 73 30 810 282 127 404 641
internal_value=-0.000309247 -0.00134958 -0.00101182 0.000204583 0.00317881 0.00408687 0.00793951 0.00504484 0.00852547 0.000882353 -0.00399598 -0.00767075 -0.00358108 -0.00172078
internal_weight=9991 5334 5158 3665 1056 1012 528 445 372 4657 1493 570 443 923
internal_count=9991 5334 5158 3665 1056 1012 528 445 372 4657 1493 570 443 923
is_linear=0
shrinkage=0.03


Tree=483
num_leaves=15
num_cat=0
split_feature=39 17 41 39 27 3 40 16 39 27 13 8 36 16
split_gain=9.05797 26.7475 28.9402 15.3314 12.6318 13.4158 14.3736 12.5876 32.4132 17.1036 12.9696 14.49 22.218 15.6281
threshold=151.89166666666668 508.62831200000005 294.50000000000006 152.56857023465002 55.744717860000009 1.0000000180025095e-35 80.500000000000014 10.500000000000002 343.5347386027417 55.729495285000006 226.50000000000003 3.5000000000000004 25.087949935017239 17.500000000000004
decision_type=10 10 10 10 2 2 8 8 10 2 10 2 8 8
left_child=-1 2 3 -2 5 7 -7 8 -5 10 11 13 -13 -9
right_child=1 -3 -4 4 -6 6 -8 9 -10 -11 -12 12 -14 -15
leaf_value=0.002168858285375812 -0.55733188531338651 0.83393404495565548 -0.51527054190876842 -1.3927734331919073 0.033324481230580419 0.17997471171900958 -0.0030060040658191102 0.28853750505204728 0.39409080742517372 -0.69959736853992427 -1.6457833834128861 1.6301886285150406 -0.041128977302159628 -0.21690311980084317
leaf_weight=8693 32 64 130 115 134 48 88 103 42 75 30 110 129 313
leaf_count=8693 32 64 130 115 134 48 88 103 42 75 30 110 129 313
internal_value=4.15554e-05 -0.00218529 -0.00308889 -0.00164754 -0.00108586 -0.00219165 0.00656934 -0.00349673 -0.0112025 -0.00189225 -0.000393586 0.000503049 0.006375 -0.0028777
internal_weight=10106 1413 1349 1219 1187 1053 136 917 157 760 685 655 239 416
internal_count=10106 1413 1349 1219 1187 1053 136 917 157 760 685 655 239 416
is_linear=0
shrinkage=0.03


Tree=484
num_leaves=15
num_cat=0
split_feature=1 22 41 39 40 15 25 35 18 14 14 9 13 13
split_gain=8.98532 14.3995 13.0758 12.8108 17.8737 13.4146 12.4017 10.5248 15.4539 15.384 12.897 10.772 10.4558 15.3614
threshold=11.108811808333334 0.2251760563380282 312.50000000000006 26.974052334508336 239.50000000000003 80.055557052000012 415.00000000000006 1390.3756963567046 425.14752074476752 0.59999999999999287 6.2000000000000011 76.01527559118334 -126.49999999999999 -68.499999999999986
decision_type=2 10 8 8 8 10 2 10 10 10 10 8 8 8
left_child=3 6 -3 4 5 -1 -2 8 11 -9 -10 -4 -5 -14
right_child=1 2 7 12 -6 -7 -8 9 10 -11 -12 -13 13 -15
leaf_value=0.32523493689953392 0.0050675727388865234 -0.14999793501676928 0.027275063414752942 -0.12081956611290706 -0.91631757731927543 1.4527974424348389 -1.2967885942486868 -0.18711506139292727 0.6011779346768914 0.032118155495367375 -0.063776930185492797 -0.014842787843245019 0.26382908205298006 0.0020440541507000362
leaf_weight=57 1500 1290 83 365 40 81 33 315 67 191 30 157 523 5239
leaf_count=57 1500 1290 83 365 40 81 33 315 67 191 30 157 523 5239
internal_value=0.000117329 -0.00106354 -0.00265698 0.000803996 0.00871508 0.0138129 0.00115385 0.000248815 0.00434911 -0.00248521 0.0143878 0.000248963 0.000572781 0.000884956
internal_weight=9971 3666 2133 6305 178 138 1533 843 337 506 97 240 6127 5762
internal_count=9971 3666 2133 6305 178 138 1533 843 337 506 97 240 6127 5762
is_linear=0
shrinkage=0.03


Tree=485
num_leaves=15
num_cat=0
split_feature=32 8 26 30 32 12 14 20 34 34 12 6 20 14
split_gain=9.18519 18.6126 21.6558 21.2389 15.5636 13.7165 22.8091 21.4473 18.942 16.2958 16.0509 15.4218 16.3592 13.2096
threshold=-1097.4999999999998 9.5000000000000018 37.770227120000008 510.00000000000006 -1339.4999999999998 167.50000000000003 -1.6500000000000015 2.9183333333333334 530.50000000000011 206.74108421350005 320.50000000000006 5.5000000000000009 0.097727272727272746 -10.199999999999999
decision_type=2 2 2 2 2 10 10 10 10 8 10 2 10 10
left_child=4 3 5 -2 -1 6 7 11 -8 -9 -7 12 -3 -6
right_child=1 2 -4 -5 13 10 8 9 -10 -11 -12 -13 -14 -15
leaf_value=0.010592829573908773 -0.00038328476390278105 0.0020364829001729844 0.98196273785993571 0.14396564956813371 0.015163861644966019 0.069567960863472819 -0.36942687177640121 -0.28407491996578882 0.073014321762548171 0.38108604389811057 -2.3530680224082525 -0.099186487373130128 -0.088096443696893401 1.1225455423136284
leaf_weight=754 8130 134 31 166 59 121 193 30 36 92 34 114 42 64
leaf_count=754 8130 134 31 166 59 121 193 30 36 92 34 114 42 64
internal_value=4.19958e-05 -0.000240026 -0.00452899 0.00018802 0.00297267 -0.00549561 -0.00742991 -0.00319613 -0.015 0.00731707 0.0025 -0.00762887 -0.0020339 0.0128226
internal_weight=10000 9123 827 8296 877 796 641 412 229 122 155 290 176 123
internal_count=10000 9123 827 8296 877 796 641 412 229 122 155 290 176 123
is_linear=0
shrinkage=0.03


Tree=486
num_leaves=15
num_cat=0
split_feature=26 14 26 38 39 35 38 14 38 23 22 12 30 32
split_gain=7.96655 15.9142 13.0057 12.9766 13.4011 11.0904 19.3023 22.4143 16.1865 12.5468 21.0467 12.6465 11.5637 16.5949
threshold=37.858166705000009 -21.750000000000004 37.855844990000008 -68.499999999999986 66.284259284200019 626.22480167951278 -57.499999999999993 -0.19999999999999407 81.500000000000014 0.92012269938650315 0.48181216931216936 175.50000000000003 870.00000000000011 -544.99999999999989
decision_type=2 8 2 10 10 8 8 8 10 2 10 10 2 2
left_child=2 -2 5 -3 -5 6 -1 8 -8 10 -9 -11 13 -7
right_child=1 3 -4 4 -6 12 7 9 -10 11 -12 -13 -14 -15
leaf_value=-0.66082847446515569 -0.12434991490130443 0.52826094428771375 -0.53707127465804305 1.1868291151797652 -0.0030941703818508867 -0.13747128501522524 0.19268666896225581 -0.36517868900816741 -0.23271489820668903 -0.1143248834002739 0.4404877310105611 0.055785983690380472 0.062129914296766731 0.0022620815480616399
leaf_weight=66 31 52 70 37 117 195 110 49 37 286 66 46 559 8262
leaf_count=66 31 52 70 37 117 195 110 49 37 286 66 46 559 8262
internal_value=0.000249399 0.00567227 0.000116959 0.00869565 0.00425806 0.000210809 -0.00354009 -0.00181513 0.00831081 -0.00515625 0.00336207 -0.00810811 0.000485749 0.000209269
internal_weight=9983 237 9746 206 154 9676 660 594 147 447 115 332 9016 8457
internal_count=9983 237 9746 206 154 9676 660 594 147 447 115 332 9016 8457
is_linear=0
shrinkage=0.03


Tree=487
num_leaves=15
num_cat=0
split_feature=16 27 36 39 25 39 14 16 38 36 13 39 36 2
split_gain=9.41338 19.4746 23.7924 17.0778 13.3651 17.8437 28.3318 20.9677 17.2077 16.154 16.278 15.5745 21.424 21.8813
threshold=25.500000000000004 55.598688340000002 28.95401691331924 151.89166666666668 179.50000000000003 120.32405530193334 33.900000000000013 7.5000000000000009 -1.4999999999999998 23.371857541899445 271.00000000000006 115.38333333333334 31.80254083484574 20.175000000000004
decision_type=10 2 10 10 2 10 8 10 8 10 10 10 10 2
left_child=4 -2 3 -3 11 -6 7 -7 -8 -9 -11 -1 13 -13
right_child=1 2 -4 -5 5 6 8 9 -10 10 -12 12 -14 -15
leaf_value=-0.013084770435515222 -1.2703243982390151 0.085592628884301789 1.3806797727884579 -0.24369180653333344 0.038737914191848216 0.43976093282449336 -0.11796733614038923 -0.81812399846800965 0.73995978110673566 0.18151155667754379 -0.29511254555302541 0.031354427012010862 -0.71082557546510194 -0.059845282022965178
leaf_weight=5067 54 1032 52 168 902 31 46 128 80 79 94 2001 37 248
leaf_count=5067 54 1032 52 168 902 31 46 128 80 79 94 2001 37 248
internal_value=-0.000170659 0.00220352 0.00296887 0.00209825 -0.000526739 0.00220426 -0.00261438 -0.00720721 0.00944882 -0.00963576 -0.00362069 -0.00103209 0.00102317 0.0014
internal_weight=10019 1306 1252 1200 8713 1360 458 332 126 301 173 7353 2286 2249
internal_count=10019 1306 1252 1200 8713 1360 458 332 126 301 173 7353 2286 2249
is_linear=0
shrinkage=0.03


Tree=488
num_leaves=15
num_cat=0
split_feature=2 2 11 27 37 2 26 0 0 35 40 36 18 26
split_gain=8.07529 31.6804 27.0804 19.7342 22.3245 20.7065 20.0581 20.8801 19.1349 29.7923 21.6461 18.455 17.8795 16.7588
threshold=14.008333333333335 13.175000000000002 1.0000000180025095e-35 55.613787210000005 -53.91004301759704 18.258333333333336 37.451755900000009 253.50000000000003 -48.499999999999993 3661.3422218730384 45.500000000000007 18.385890151515156 4587.6235905060903 37.674940395000007
decision_type=2 2 10 2 10 2 2 2 2 8 10 8 10 2
left_child=1 -1 -3 4 -2 12 -7 -8 10 -10 11 -5 -6 -4
right_child=3 2 13 8 5 6 7 -9 9 -11 -12 -13 -14 -15
leaf_value=-0.00068335017701326624 0.82188603294899054 0.61268761406626226 0.053510846342164478 -0.70964648691626842 0.0099372603350194669 -0.59805707367964633 0.43906637708058033 -0.76667304405416437 -0.1001350222097607 0.0034531054985395934 -0.2174916428249902 0.34503902761302579 1.9119543238946544 -0.03325256854804147
leaf_weight=5682 127 350 47 42 85 113 63 30 1865 884 207 324 60 85
leaf_count=5682 127 350 47 42 85 113 63 30 1865 884 207 324 60 85
internal_value=-9.63372e-05 0.000574209 0.00795031 -0.0011839 0.00450939 0.000596591 -0.00550725 0.00478723 -0.00200421 -0.00304364 0.00297909 0.00735695 0.00924658 -0.00360902
internal_weight=9964 6164 482 3800 478 351 206 93 3322 2749 573 366 145 132
internal_count=9964 6164 482 3800 478 351 206 93 3322 2749 573 366 145 132
is_linear=0
shrinkage=0.03


Tree=489
num_leaves=15
num_cat=0
split_feature=35 18 27 39 39 2 27 39 25 25 39 15 39 18
split_gain=11.2342 21.0684 17.5585 19.7033 14.7659 14.2212 13.9166 17.0796 15.1559 17.8344 16.4448 14.0118 17.6339 13.1581
threshold=626.22480167951278 384.95521171017361 55.743665670000006 50.741666666666674 118.89281030435835 12.675000000000002 55.739195915000003 454.50833333333338 9.5000000000000018 24.500000000000004 58.45239272460001 77.005483466000015 74.031942257850019 162.0092913359392
decision_type=8 10 2 8 8 2 2 10 2 2 8 8 8 10
left_child=1 2 3 -1 -3 -5 7 -2 10 -10 -8 -11 -13 -7
right_child=6 4 -4 5 -6 13 8 -9 9 11 -12 12 -14 -15
leaf_value=-0.11438109735418209 0.00073753833456024153 -0.54452993882727752 -0.12137683011975858 0.044616855102063757 -0.0093927668598537632 0.0079507016075145032 1.0924465268821437 -0.60775117571610848 -0.27149942439179692 0.24265291071085537 0.005889353053468954 -0.09077874665642581 0.0059510797985231536 -0.25746162507956938
leaf_weight=93 7498 83 56 238 42 149 100 84 90 280 507 200 523 56
leaf_count=93 7498 83 56 238 42 149 100 84 90 280 507 200 523 56
internal_value=0.000231 -0.0033844 -0.0010118 0.000670391 -0.0145238 0.00331081 0.000510611 -3.95622e-05 0.00296296 0.000850091 0.00675987 0.00200199 -0.000207182 -0.00247573
internal_weight=9999 717 592 536 125 443 9282 7582 1700 1093 607 1003 723 205
internal_count=9999 717 592 536 125 443 9282 7582 1700 1093 607 1003 723 205
is_linear=0
shrinkage=0.03


Tree=490
num_leaves=15
num_cat=0
split_feature=28 24 36 22 16 26 15 23 38 27 36 18 9 18
split_gain=12.1293 10.7634 16.3083 13.9191 14.5211 20.5403 16.0433 18.6657 22.4185 16.4749 14.7966 13.9295 27.3769 16.497
threshold=0.63632837750484816 8.7657688930000024 35.739278131634826 0.23845060412224592 25.500000000000004 37.479357640000011 84.028759112500012 0.93073115003808093 130.50000000000003 55.716464725000002 29.932690058479533 4922.3966136636755 23.550754943800005 2403.3974140303649
decision_type=2 10 10 10 8 2 10 2 10 2 10 10 10 10
left_child=1 2 3 4 5 6 7 -1 9 -9 -6 13 -13 -5
right_child=-2 -3 -4 11 10 -7 -8 8 -10 -11 -12 12 -14 -15
leaf_value=0.55680487615470187 -0.15496211037704608 0.0059011048927393971 0.19059257398421728 -0.01897103603997749 0.0068456200011781905 -0.053366143312883661 -0.02603838122714338 0.83446448290258191 -1.0500537142887634 -0.047933900336829836 1.0820470068288244 1.0239397784887767 -0.094254140347077783 -0.22574878249729446
leaf_weight=193 32 3369 145 2729 530 1361 230 49 39 42 34 113 102 1028
leaf_count=193 32 3369 145 2729 530 1361 230 49 39 42 34 113 102 1028
internal_value=-2.40072e-05 3.61264e-05 -0.000668587 -0.000892885 0.000871319 -0.000375979 0.00449458 0.0087963 0 0.00815217 0.00509735 -0.00199346 0.00541667 -0.00241884
internal_weight=9996 9964 6595 6450 2478 1914 553 323 130 91 564 3972 215 3757
internal_count=9996 9964 6595 6450 2478 1914 553 323 130 91 564 3972 215 3757
is_linear=0
shrinkage=0.03


Tree=491
num_leaves=15
num_cat=0
split_feature=14 3 13 16 0 26 16 23 6 40 13 15 37 0
split_gain=9.04834 17.9214 16.5689 14.0934 17.0902 16.8029 23.7479 13.4184 20.5392 19.1838 12.1661 11.9142 11.1311 11.0205
threshold=17.250000000000004 1.0000000180025095e-35 222.50000000000003 15.500000000000002 -51.499999999999993 37.661999215000009 20.500000000000004 0.91768428890543563 7.5000000000000009 58.500000000000007 101.50000000000001 47.943318116000007 326.04000133371989 11.500000000000002
decision_type=10 2 10 10 2 2 10 2 2 10 10 10 10 2
left_child=13 3 -3 7 -5 12 -7 8 10 -9 -2 -8 -6 -1
right_child=1 2 -4 4 5 6 11 9 -10 -11 -12 -13 -14 -15
leaf_value=0.0020826888342679695 0.48206190984343372 -0.046779236737200074 0.031448503900084093 1.0890852324854103 0.024451803069394627 -0.71905298302091591 0.65432775137037436 -0.11038053335235744 0.92033816113824285 0.19119172004423987 -0.15192254797321994 -0.18082921863185547 0.6655254384990773 -0.035344832362991636
leaf_weight=4211 57 170 45 78 690 86 55 179 149 53 91 140 37 3986
leaf_count=4211 57 170 45 78 690 86 55 179 149 53 91 140 37 3986
internal_value=-3.88911e-05 0.00186783 -0.00625 0.00295173 0.00099356 -5.94648e-05 -0.0062766 0.00696226 0.0111745 0.00154506 0.00322148 -0.000459184 0.0023489 -0.000464747
internal_weight=10027 1830 215 1615 1086 1008 281 529 297 232 148 195 727 8197
internal_count=10027 1830 215 1615 1086 1008 281 529 297 232 148 195 727 8197
is_linear=0
shrinkage=0.03


Tree=492
num_leaves=15
num_cat=0
split_feature=5 40 23 3 35 9 15 26 9 16 26 37 21 40
split_gain=9.13238 15.9626 21.6221 12.7659 17.1574 18.9481 17.1522 14.4745 29.7355 24.0045 23.26 28.2129 27.9238 19.5823
threshold=1.5000000000000002 -179.49999999999997 0.88115415657788543 1.0000000180025095e-35 3554.9411192364396 103.13735140355836 1271.0000000000002 37.533866470000014 67.01527559118334 23.500000000000004 37.622779030000011 -10.463882222905339 27.950000000000003 -179.49999999999997
decision_type=2 8 2 2 10 8 8 2 10 10 2 10 10 8
left_child=1 2 -1 7 5 -5 -6 9 10 -2 -9 12 13 -12
right_child=3 -3 -4 4 6 -7 -8 8 -10 -11 11 -13 -14 -15
leaf_value=-0.16458069640131634 -0.02135424031984258 0.006583738654216873 0.87730457992073974 0.014104121687781556 -0.018873378410517727 -0.016570384624408383 0.012819468245345141 -0.6166047462683153 0.059472152612472046 0.14301699911480972 -1.1984468780250626 0.1028911370248332 -0.78202238733098961 -0.070325194300797297
leaf_weight=36 2256 3562 125 422 385 50 229 229 435 592 45 560 209 885
leaf_count=36 2256 3562 125 422 385 50 229 229 435 592 45 560 209 885
internal_value=0.000167648 0.00134533 0.0105556 -0.000528739 0.0024287 0.00672304 -0.000878049 -0.00114543 -0.00288071 0.00029484 -0.004479 -0.00326471 -0.00597368 -0.00373792
internal_weight=10020 3723 161 6297 1086 472 614 5211 2363 2848 1928 1699 1139 930
internal_count=10020 3723 161 6297 1086 472 614 5211 2363 2848 1928 1699 1139 930
is_linear=0
shrinkage=0.03


Tree=493
num_leaves=15
num_cat=0
split_feature=26 37 35 2 2 39 19 27 27 34 9 2 36 2
split_gain=11.8737 18.9787 12.0164 18.5065 15.4189 20.3984 17.2977 11.9597 21.9686 16.6827 11.9984 11.2864 10.2942 13.3619
threshold=37.858166705000009 -245.88618066147194 626.22480167951278 20.258333333333336 10.141666666666667 118.01666666666668 83.715998321216617 55.681457165000005 55.631347160000011 4131.5586570270016 62.942810304358339 16.258333333333336 20.68264462809918 12.841666666666669
decision_type=2 8 8 2 2 10 10 2 2 8 8 2 8 2
left_child=2 -2 3 4 5 6 -1 8 -6 11 -9 -10 -3 -14
right_child=1 12 -4 -5 7 -7 -8 10 9 -11 -12 -13 13 -15
leaf_value=0.0066341188405533201 0.22720923885577948 -0.13931847025676547 0.00034790309372527504 0.017508734411325274 -0.97298748073226815 0.38278953114607284 -0.18653538120475985 -0.23008815154649298 0.36533746833660546 0.41012384674895658 -0.65273480749827295 -0.1474512600693717 -0.016203035626988261 0.63425875487516181
leaf_weight=142 58 33 9162 46 63 46 83 92 37 40 80 39 91 38
leaf_count=142 58 33 9162 46 63 46 83 92 37 40 80 39 91 38
internal_value=-8.95433e-05 0.00678733 -0.000244126 -0.00412556 -0.00548957 -0.000110294 -0.00384956 -0.00963068 -0.00416667 0.00358974 -0.0152601 -0.00467532 0.00147239 0.00530769
internal_weight=10050 220 9830 668 622 271 225 351 179 116 172 76 162 129
internal_count=10050 220 9830 668 622 271 225 351 179 116 172 76 162 129
is_linear=0
shrinkage=0.03


Tree=494
num_leaves=15
num_cat=0
split_feature=40 40 0 13 38 27 1 2 27 13 37 24 41 38
split_gain=8.51708 11.7033 8.9991 15.2885 20.8373 16.2062 15.4723 14.777 20.8129 17.8321 17.1729 17.8494 16.1515 16.1329
threshold=920.50000000000011 782.50000000000011 5.5000000000000009 47.500000000000007 258.50000000000006 55.858145350000008 11.025785633333335 15.175000000000002 55.634618535000008 44.500000000000007 190.72459715463859 3.4260786865000004 45.500000000000007 122.50000000000001
decision_type=10 10 2 8 8 2 2 2 2 10 8 10 10 10
left_child=1 2 -1 4 7 6 -5 9 -9 13 11 12 -10 -4
right_child=-2 -3 3 5 -6 -7 -8 8 10 -11 -12 -13 -14 -15
leaf_value=0.0019810553156990743 -0.12076777460502214 0.47507753982283257 0.00051381328081962602 0.033999511609113534 -0.33580211846806574 -0.40174770327003434 -0.042759554295774931 0.47966541693535231 -0.88575832434264001 -0.82457482375839897 0.26586266244156453 -0.69700604618554063 0.7883917553854024 0.45604799524623574
leaf_weight=4414 36 34 610 2371 453 48 1431 52 65 70 63 178 33 154
leaf_count=4414 36 34 610 2371 453 48 1431 52 65 70 63 178 33 154
internal_value=-0.000227704 -0.000174401 -0.000235341 -0.00104178 -0.00343061 0 0.000220878 -0.00139478 -0.00619898 0.000862275 -0.00891176 -0.01213 -0.00181818 0.00219608
internal_weight=10012 9976 9942 5528 1678 3850 3802 1225 391 834 339 276 98 764
internal_count=10012 9976 9942 5528 1678 3850 3802 1225 391 834 339 276 98 764
is_linear=0
shrinkage=0.03


Tree=495
num_leaves=15
num_cat=0
split_feature=27 2 2 9 26 2 20 36 2 31 16 36 39 13
split_gain=12.8336 18.5301 18.3717 20.0166 19.8393 25.2157 32.5908 24.9355 32.6164 24.9214 24.451 23.8834 22.108 18.8719
threshold=55.688671190000008 3.2750000000000004 8.6750000000000025 2.0152755911833338 37.628237190000007 4.6750000000000016 11.267136150234743 23.635489510489514 8.1750000000000025 1.0000000180025095e-35 16.500000000000004 20.646444281524932 151.23425928420002 21.250000000000004
decision_type=2 2 2 8 2 2 8 10 2 2 10 8 10 10
left_child=1 -1 4 -4 7 11 -7 8 9 -3 13 -6 -8 -9
right_child=-2 2 3 -5 5 6 12 10 -10 -11 -12 -13 -14 -15
leaf_value=-0.094214011144542031 0.0055351731044436291 -0.012289526143980403 0.32578908129612527 -0.028421289081317788 -0.3733174704322173 -0.044507657758096571 1.3836558635937615 1.162988245532133 1.6738434408536673 -0.68193930670685143 0.50339948507409626 0.016176699015234632 -0.011008246636955831 -1.4797464739829131
leaf_weight=317 4122 276 143 3932 126 149 246 32 34 142 234 117 61 62
leaf_count=317 4122 276 143 3932 126 149 246 32 34 142 234 117 61 62
internal_value=-7.5045e-05 -0.000975817 -0.000572457 -0.00161187 0.00229054 0.00595714 0.0101094 -0.00099872 -0.00556291 -0.00787589 0.00528875 -0.00184426 0.0156818 -0.00757895
internal_weight=9993 5871 5554 4075 1479 699 456 780 452 418 328 243 307 94
internal_count=9993 5871 5554 4075 1479 699 456 780 452 418 328 243 307 94
is_linear=0
shrinkage=0.03


Tree=496
num_leaves=15
num_cat=0
split_feature=37 26 13 41 36 12 2 26 2 26 9 13 31 41
split_gain=8.954 9.50153 21.8066 21.0469 17.9084 21.8482 19.8481 19.2092 17.5086 32.1186 29.5562 19.591 19.4589 27.2327
threshold=956.0499789232947 37.533866470000014 7.5000000000000009 -101.49999999999999 17.184170506912448 -25.499999999999996 15.508333333333335 37.62218364000001 9.6750000000000025 37.677735590000005 65.857236188675003 -64.499999999999986 -125.49999999999999 -91.499999999999986
decision_type=10 2 8 8 8 10 2 2 2 2 10 10 2 10
left_child=1 -1 4 -4 -3 6 7 -6 9 -9 -11 12 -10 -14
right_child=-2 2 3 -5 5 -7 -8 8 11 10 -12 -13 13 -15
leaf_value=0.0061920054204746876 0.067668957791084811 0.10278806471050629 -0.47197096040173903 0.005628607073885193 -0.62217800172119808 -0.39560885083727698 0.068809397373416625 1.4425621853969621 -0.34039625676651758 -0.32617377374096462 1.788820384147368 -0.51274466455671952 0.32496286700383914 -0.50739514923129492
leaf_weight=5158 98 96 113 2682 107 410 412 65 202 212 44 237 152 86
leaf_count=5158 98 96 113 2682 107 410 412 65 202 212 44 237 152 86
internal_value=0.000113151 2.40553e-05 -0.000933804 0.000783262 -0.00330534 -0.00393672 -0.00227273 -0.00436709 -0.00306306 0.00270186 -0.00210117 -0.00579646 -0.00204082 0.00376569
internal_weight=10074 9976 4818 2795 2023 1927 1517 1105 998 321 256 677 440 238
internal_count=10074 9976 4818 2795 2023 1927 1517 1105 998 321 256 677 440 238
is_linear=0
shrinkage=0.03


Tree=497
num_leaves=15
num_cat=0
split_feature=26 39 31 19 13 13 39 13 31 26 16 41 14 36
split_gain=10.6539 20.2386 33.4192 16.6611 12.2341 11.5277 13.9571 13.4565 11.1071 9.494 10.595 25.8625 23.1928 21.4889
threshold=37.81759447000001 79.77500000000002 62.500000000000007 22.844971882597992 235.50000000000003 -43.499999999999993 115.38333333333334 -203.49999999999997 -37.499999999999993 37.149745120000013 18.500000000000004 -56.499999999999993 -1.6500000000000015 29.526018691588792
decision_type=2 10 2 8 10 10 10 10 2 2 10 8 8 10
left_child=9 3 5 -2 8 6 7 -3 -5 -1 11 12 -11 -12
right_child=1 2 -4 4 -6 -7 -8 -9 -10 10 13 -13 -14 -15
leaf_value=0.01591746216196107 -0.24039020315319942 -0.67688624589517865 0.51260149988664361 0.021309649161493097 -0.0062581907177026606 -0.71565269195347792 0.10681263363967644 0.032264379035267722 0.86862179813323481 -0.016236330459638546 0.0099426997443828481 -0.00072884548822425984 -0.43732333956645064 0.48369545198920944
leaf_weight=37 52 37 38 55 61 79 62 30 183 286 4320 4354 242 216
leaf_count=37 52 37 38 55 61 79 62 30 183 286 4320 4354 242 216
internal_value=0.000280513 0.00416388 -0.00242915 0.00877841 0.0115 -0.00717703 -0.00161538 -0.0110294 0.0145607 3.48985e-05 -2.54804e-05 -0.00099529 -0.00725898 0.00101829
internal_weight=10052 597 246 351 299 208 129 67 238 9455 9418 4882 528 4536
internal_count=10052 597 246 351 299 208 129 67 238 9455 9418 4882 528 4536
is_linear=0
shrinkage=0.03


Tree=498
num_leaves=15
num_cat=0
split_feature=26 9 32 39 24 9 9 32 37 27 26 35 39 36
split_gain=9.54274 19.7779 23.5418 20.3091 19.6563 24.4131 19.4787 26.5786 20.724 35.6742 32.7543 28.9198 21.0498 26.2386
threshold=37.479357640000011 39.01527559118334 -510.99999999999994 67.528083241216677 669.06861826150009 11.015275591183334 42.71520926929167 88.500000000000014 -75.498284116801855 55.689390595000006 37.511715455000008 2430.2428536218054 141.20009139110002 19.201273885350322
decision_type=2 10 2 8 8 10 10 2 8 2 2 10 10 10
left_child=1 2 -1 -3 -4 -6 8 -8 9 -2 -11 -12 13 -10
right_child=6 3 4 -5 5 -7 7 -9 12 10 11 -13 -14 -15
leaf_value=-0.21982731718528015 -0.36868444208485301 -1.2592063585311675 0.11144526884005239 -0.014462435654722156 -0.033926519070852583 0.0076573090177768661 0.0016923409110545533 0.33409072433653281 -0.0064285496152182084 0.9593775279470026 0.060046961916568407 -0.61273177491799191 -0.23308348005724927 0.086349323888952542
leaf_weight=99 708 53 2094 797 137 119 2432 257 1189 97 259 172 411 1161
leaf_count=99 708 53 2094 797 137 119 2432 257 1189 97 259 172 411 1161
internal_value=-0.000129181 0.00119091 0.00255918 -0.00274971 0.00316461 -0.00466926 -0.000780619 0.00119331 -0.00210855 -0.00533549 0.000567108 -0.00298611 -0.000662563 0.000433858
internal_weight=9985 3299 2449 850 2350 256 6686 2689 3997 1236 528 431 2761 2350
internal_count=9985 3299 2449 850 2350 256 6686 2689 3997 1236 528 431 2761 2350
is_linear=0
shrinkage=0.03


Tree=499
num_leaves=15
num_cat=0
split_feature=0 12 14 41 0 23 18 18 41 36 25 13 14 36
split_gain=7.70787 15.6239 30.3902 16.7954 18.6278 20.9494 16.5829 13.0765 14.608 22.0088 18.7285 17.728 16.1573 17.1537
threshold=141.50000000000003 164.50000000000003 40.500000000000007 -170.49999999999997 282.50000000000006 0.92549887670146702 4782.2910704769238 1436.8623630885943 205.50000000000003 22.408586789554537 174.50000000000003 302.50000000000006 21.599999999999998 22.201024722121122
decision_type=2 8 10 8 2 2 10 10 10 8 2 8 8 10
left_child=-1 2 3 -2 5 6 -5 -3 9 -9 -11 -10 13 -13
right_child=1 7 -4 4 -6 -7 -8 8 11 10 -12 12 -14 -15
leaf_value=0.0038467910736860273 0.68339046590268693 0.10268465835435989 0.77948247158935269 -0.14732953998632381 -1.8965466343796547 -0.35246494460951816 1.0083125553376782 -0.78950298994350576 0.38987876510813091 -0.53611801538561521 0.052643282081379111 0.13484505483589493 0.7429300026279958 -0.93325050828755962
leaf_weight=8029 36 368 71 309 52 240 57 180 162 69 301 58 38 74
leaf_count=8029 36 368 71 309 52 240 57 180 162 69 301 58 38 74
internal_value=0.000215032 -0.00144345 -0.00481723 -0.00673381 -0.00783005 -0.00632619 -0.00179837 0.000623501 -0.001359 -0.00435572 -0.000161725 0.0036036 -0.00315789 -0.0081203
internal_weight=10044 2015 765 694 658 606 366 1250 882 550 370 332 170 132
internal_count=10044 2015 765 694 658 606 366 1250 882 550 370 332 170 132
is_linear=0
shrinkage=0.03


Tree=500
num_leaves=15
num_cat=0
split_feature=26 39 19 35 38 38 14 26 13 35 18 24 12 41
split_gain=9.92999 14.0047 14.6731 9.98035 16.9564 20.1922 11.6987 11.6587 13.3044 11.3685 21.9303 13.8685 11.1211 16.4847
threshold=37.858166705000009 48.400000000000006 171.11148772709979 626.22480167951278 -54.499999999999993 346.50000000000006 5.1499999999999977 37.414394780000009 70.500000000000014 1029.3434966194015 384.95521171017361 14.005483466000003 -179.49999999999997 176.50000000000003
decision_type=2 10 8 8 8 10 8 2 10 8 10 10 8 8
left_child=3 -2 -3 4 -1 6 -6 -8 -9 10 -5 -12 13 -11
right_child=1 2 -4 9 5 -7 7 8 -10 12 11 -13 -14 -15
leaf_value=-0.65624513891348102 1.0816816286728077 -0.080821954049758338 0.10922804129066549 -0.33132231146525715 0.11191660397439072 -0.11917005860115992 -0.19648840585265021 0.01668849932817382 -0.28124929018475214 -0.39983637780655318 0.30671852608373595 -0.070590150084930761 0.0019056559872034414 0.026347696073414077
leaf_weight=69 44 115 67 31 165 94 85 190 30 260 256 33 8487 119
leaf_count=69 44 115 67 31 165 94 85 190 30 260 256 33 8487 119
internal_value=0.000140354 0.00634361 0.00262295 -3.05499e-06 -0.00364353 -0.0019115 0.000636943 -0.00284314 0.00081448 0.000248177 0.00579439 0.00837931 4.73666e-05 -0.00497368
internal_weight=10045 226 182 9819 633 564 470 305 220 9186 320 289 8866 379
internal_count=10045 226 182 9819 633 564 470 305 220 9186 320 289 8866 379
is_linear=0
shrinkage=0.03


Tree=501
num_leaves=15
num_cat=0
split_feature=26 38 12 36 9 26 22 12 18 13 40 36 1 20
split_gain=9.04112 12.8826 10.5532 8.36339 10.0716 7.4555 7.74061 18.9271 15.8629 16.67 14.177 13.8639 13.3273 15.6653
threshold=37.858166705000009 -81.499999999999986 -76.499999999999986 20.000471698113213 24.388024177091669 37.149745120000013 0.22599846390168973 -179.49999999999997 2602.202987443668 54.500000000000007 140.50000000000003 35.739278131634826 12.374214716666669 27.4219696969697
decision_type=2 10 10 8 10 2 8 8 10 8 8 10 2 10
left_child=5 -2 -3 -4 -5 -1 7 10 -9 -10 -7 -8 13 -11
right_child=1 2 3 4 -6 6 11 8 9 12 -12 -13 -14 -15
leaf_value=0.011050638095449355 0.58446031111312224 -0.047751519540507714 -0.033094429298521973 0.031188490314360207 1.149770972843442 -1.6143711227578732 -0.0041461118968552715 0.075750288016907558 -0.14396374073488991 0.15583725901096457 0.020533451640401379 0.081496537786461778 -0.13774656081420034 -0.28775502518440116
leaf_weight=34 60 81 34 31 30 45 6691 1666 532 510 32 115 75 107
leaf_count=34 60 81 34 31 30 45 6691 1666 532 510 32 115 75 107
internal_value=3.28554e-05 0.00582278 0.00169492 0.0084375 0.015 -0.000107055 -0.000156538 0.00112197 0.00151505 -0.00107755 -0.0134615 -0.000713971 0.00199134 0.0034466
internal_weight=10043 236 176 95 61 9807 9773 2967 2890 1224 77 6806 692 617
internal_count=10043 236 176 95 61 9807 9773 2967 2890 1224 77 6806 692 617
is_linear=0
shrinkage=0.03


Tree=502
num_leaves=15
num_cat=0
split_feature=0 2 31 39 9 39 37 27 0 9 8 16 38 19
split_gain=10.3656 12.0594 13.0585 17.4505 18.3514 17.6065 14.2519 12.8666 19.9493 12.8238 11.9752 11.9231 17.7584 20.7493
threshold=183.50000000000003 4.2583333333333337 179.50000000000003 129.98333333333338 42.71520926929167 114.65833333333335 -44.989943817970634 55.733138875000002 393.50000000000006 31.569842776241671 2.5000000000000004 13.500000000000002 7.5000000000000009 127.87874781318037
decision_type=2 2 2 10 10 10 10 2 2 10 2 10 10 10
left_child=-1 -2 3 4 5 9 -5 11 -9 10 -3 12 -4 -14
right_child=1 2 7 6 -6 -7 -8 8 -10 -11 -12 -13 13 -15
leaf_value=0.0011875306347977493 0.66426550364442205 0.10397019187489391 -0.10742187440600105 -0.56600082994942313 -1.1239124004524608 -0.97367235060407975 0.18349615108267164 0.33128916053523538 -0.18273613963406032 0.083568137324863331 -0.29233778741101568 -0.2139503718474188 0.7673955879888944 -0.3356945761674075
leaf_weight=8641 88 81 85 30 71 37 56 141 58 52 142 442 79 53
leaf_count=8641 88 81 85 30 71 37 56 141 58 52 142 442 79 53
internal_value=-0.000226708 -0.00260593 -0.00332078 -0.00734043 -0.0100781 -0.00690096 0.00482759 -0.00111758 0.00555 -0.00423913 -0.00736607 -0.00313636 0.00261468 0.00947368
internal_weight=10056 1415 1327 469 383 312 86 858 199 275 223 659 217 132
internal_count=10056 1415 1327 469 383 312 86 858 199 275 223 659 217 132
is_linear=0
shrinkage=0.03


Tree=503
num_leaves=15
num_cat=0
split_feature=2 5 0 40 36 27 0 2 2 36 38 26 20 25
split_gain=9.96359 17.4265 12.6165 13.6197 10.3029 11.0321 9.75801 11.1035 16.14 19.4975 18.4929 18.4855 19.956 18.4493
threshold=21.425000000000004 9.5000000000000018 93.500000000000014 -98.499999999999986 32.714663461538471 55.613787210000005 541.50000000000011 18.091666666666672 19.041666666666671 28.95401691331924 431.00000000000006 37.460608620000009 27.179549114331728 1.5000000000000002
decision_type=2 2 2 10 10 2 2 2 2 10 10 2 10 2
left_child=6 2 4 -4 5 -2 7 -1 -9 10 13 12 -11 -10
right_child=1 -3 3 -5 -6 -7 -8 8 9 11 -12 -13 -14 -15
leaf_value=0.00096986757061092907 0.48732424673156394 0.054802600008502504 -0.012761083455886215 -1.2769076677771631 -0.022134169840752272 -0.0014706117197713744 -0.65370030788920874 0.51039266306276732 0.35509700404222683 -0.19450742975049209 0.061864964568529961 1.2156389772299558 1.2734278016950451 -0.12384847606809274
leaf_weight=8305 50 41 73 40 39 349 47 286 94 66 44 41 31 487
leaf_count=8305 50 41 73 40 39 349 47 286 94 66 44 41 31 487
internal_value=0.000129077 -0.0036425 -0.00505435 -0.0139474 -0.00273349 -0.001275 0.000366943 0.00043613 0.00334286 0.00106021 -0.00119808 0.011223 0.00397959 -0.00262887
internal_weight=9993 592 551 113 438 399 9401 9354 1049 763 625 138 97 581
internal_count=9993 592 551 113 438 399 9401 9354 1049 763 625 138 97 581
is_linear=0
shrinkage=0.03


Tree=504
num_leaves=15
num_cat=0
split_feature=28 36 2 2 17 20 9 34 5 18 16 35 23 15
split_gain=8.1167 10.1126 10.8823 12.5364 9.32924 16.0012 11.623 11.3697 14.9703 12.5029 11.426 12.558 11.2526 10.8225
threshold=0.63632837750484816 35.739278131634826 21.425000000000004 8.4750000000000014 -148.91311899999997 17.701351351351352 28.779117934708339 1755.0000000000002 49.500000000000007 44.012384673911228 6.5000000000000009 1923.7110229805642 0.95186515291936991 2081.0686182615004
decision_type=2 10 2 2 8 10 10 10 2 10 8 10 2 10
left_child=1 4 3 -3 5 6 -1 8 -6 -10 -9 12 -12 -8
right_child=-2 2 -4 -5 7 -7 13 10 9 -11 11 -13 -14 -15
leaf_value=-0.089069404299353463 -0.091252260667452845 0.0027746359709755098 -0.021976164516479199 0.67987561441249555 -0.00064453313704056117 -0.53691598103284932 0.019759261814163338 -0.64491140083740373 -0.0022392364652297253 0.31347325995455305 0.0071754298014874429 0.10723456293248887 -0.11425540632986539 -0.42895076444602953
leaf_weight=202 33 69 32 84 8651 71 466 65 33 58 32 110 121 32
leaf_count=202 33 69 32 84 8651 71 466 65 33 58 32 110 121 32
internal_value=-0.000366799 -0.000317144 0.0066129 0.00993506 -0.00044808 -0.00361399 -0.00222539 -0.000178591 2.74505e-05 0.0120652 -0.0056535 -0.00284091 -0.00837662 0.000240481
internal_weight=10059 10026 185 153 9841 771 700 9070 8742 91 328 263 153 498
internal_count=10059 10026 185 153 9841 771 700 9070 8742 91 328 263 153 498
is_linear=0
shrinkage=0.03


Tree=505
num_leaves=15
num_cat=0
split_feature=0 23 17 32 27 27 23 38 9 41 14 17 38 16
split_gain=10.6675 22.555 17.5978 17.3245 16.8859 18.4342 20.0896 15.7778 13.5336 13.1112 11.9732 10.4617 10.3843 15.037
threshold=233.50000000000003 0.93450283438026671 230.75148050000004 -178.49999999999997 55.696490845000007 55.645045425000006 0.86501670209535397 15.500000000000002 42.71520926929167 312.50000000000006 30.800000000000001 424.06718900000004 151.50000000000003 15.500000000000002
decision_type=2 2 8 2 2 2 2 10 10 10 8 8 8 8
left_child=-1 3 7 10 5 6 -5 -3 -8 12 -2 -4 -6 -14
right_child=1 2 11 4 9 -7 8 -9 -10 -11 -12 -13 13 -15
leaf_value=0.0032070755478417821 -1.5824012718549678 -0.658577845521919 0.56481848564372439 0.78743213529104139 0.41101989711272346 -0.8091930133487466 -0.032772350946505949 0.061086006899028572 -1.0269167068760048 0.49010978173283448 -0.057917849602113165 0.0083591237529012114 0.036494690799916518 -0.75652251199661291
leaf_weight=9123 64 30 88 37 52 102 136 66 79 46 33 76 80 57
leaf_count=9123 64 30 88 37 52 102 136 66 79 46 33 76 80 57
internal_value=0.000116187 -0.00291447 0.0045977 -0.00576419 -0.00381356 -0.00794366 -0.00355731 -0.00556701 -0.00708333 0.00241525 -0.017449 0.0105455 -0.00110526 -0.00543478
internal_weight=10069 946 260 686 589 354 252 96 215 235 97 164 189 137
internal_count=10069 946 260 686 589 354 252 96 215 235 97 164 189 137
is_linear=0
shrinkage=0.03


Tree=506
num_leaves=15
num_cat=0
split_feature=0 31 14 27 16 9 5 38 17 38 13 40 37 27
split_gain=15.0733 20.3215 24.2637 20.3715 12.0056 25.5657 20.4786 19.0077 15.806 13.9602 12.4458 17.3598 20.1128 10.5408
threshold=226.50000000000003 169.50000000000003 33.149999999999999 55.558450470000004 14.500000000000002 65.01527559118334 2.5000000000000004 15.500000000000002 117.55865700000001 188.50000000000003 302.50000000000006 -125.49999999999999 -275.9219751242893 55.729495285000006
decision_type=2 2 10 2 10 10 2 10 10 10 10 10 10 2
left_child=-1 2 3 -2 6 9 7 -3 -9 10 11 12 -6 -13
right_child=1 4 -4 -5 5 -7 -8 8 -10 -11 -12 13 -14 -15
leaf_value=0.0017862584181595805 0.31047897630477905 -0.25115069606569645 0.45498927469423939 -1.0621844477622704 0.23545893237966822 -1.5276759030746914 0.10330173680943402 -0.11155605346595081 0.96739643882658011 -0.46172203340742968 -0.15778864645398896 0.13527666731591026 -1.005065964919807 1.2918916831889802
leaf_weight=9019 31 123 40 133 48 38 100 61 43 89 132 105 52 37
leaf_count=9019 31 123 40 133 48 38 100 61 43 89 132 105 52 37
internal_value=-0.000110426 -0.00354308 -0.012 -0.0170909 -0.00144753 -0.00436255 0.00301829 -0.00197368 0.00742857 -0.00239224 0.00016 0.00419753 -0.00534653 0.0109091
internal_weight=10051 1032 204 164 828 501 327 227 104 463 374 242 100 142
internal_count=10051 1032 204 164 828 501 327 227 104 463 374 242 100 142
is_linear=0
shrinkage=0.03


Tree=507
num_leaves=15
num_cat=0
split_feature=37 0 35 36 20 31 12 0 22 24 23 8 19 12
split_gain=8.89534 13.3254 20.4036 15.397 18.1297 23.1244 15.0711 20.5429 24.4169 19.2261 18.8763 18.6835 18.5206 17.0129
threshold=92.06270707875116 167.50000000000003 4052.3918940146273 20.646444281524932 13.888194444444446 125.50000000000001 59.500000000000007 36.500000000000007 0.37176079734219275 4.7657688930000015 0.92138844301765654 2.5000000000000004 112.84769320130643 32.500000000000007
decision_type=10 2 10 8 8 2 10 2 10 10 2 2 8 10
left_child=1 6 3 4 5 -3 7 13 10 -8 11 -9 -10 -1
right_child=-2 2 -4 -5 -6 -7 9 8 12 -11 -12 -13 -14 -15
leaf_value=-0.0014474866617428602 0.019538495275159797 -0.45212256251049099 -0.48779413295032098 0.024640538734655024 -1.1942810377290658 0.062515279789741807 -0.017325125912560687 0.13717592261371081 -0.15081035546162741 0.061850263365194925 -0.89214182584161561 -0.2884374367812495 0.10945277313151376 0.093141090345116015
leaf_weight=4131 2186 91 161 412 78 207 740 117 231 916 149 246 164 183
leaf_count=4131 2186 91 161 412 78 207 740 117 231 916 149 246 164 183
internal_value=-1.79766e-05 -0.000490609 -0.00382105 -0.0018251 -0.0062069 -0.00280936 -3.05321e-05 -0.000821524 -0.00492291 0.00246228 -0.00923977 -0.00552198 0.000681818 4.17149e-05
internal_weight=10012 7826 949 788 376 298 6877 5221 907 1656 512 363 395 4314
internal_count=10012 7826 949 788 376 298 6877 5221 907 1656 512 363 395 4314
is_linear=0
shrinkage=0.03


Tree=508
num_leaves=15
num_cat=0
split_feature=16 23 40 36 26 39 26 13 38 40 36 35 18 18
split_gain=9.55977 32.7666 28.8226 28.0927 21.3839 18.1202 17.5254 13.5349 19.9988 13.4089 13.3928 13.8378 16.975 16.7387
threshold=23.500000000000004 0.93355408388520977 58.500000000000007 18.25404295051354 37.455755365000009 154.20106900821671 37.624665930000006 60.500000000000007 -79.499999999999986 -57.499999999999993 29.932690058479533 1685.9694375856891 834.74054411727286 1130.2382889505304
decision_type=10 2 10 10 2 10 2 10 10 10 10 10 10 10
left_child=-1 2 4 -4 9 10 -7 8 -5 -2 11 12 -6 -13
right_child=1 -3 3 7 5 6 -8 -9 -10 -11 -12 13 -14 -15
leaf_value=-0.0040504122451403644 -0.59117542268472978 0.28783906655393121 0.98556606580954353 0.52083109981730424 0.053118058551501299 0.20366574815065874 -0.60976186801584775 0.093240784756393108 -0.34675387561518567 0.15639994252464212 1.6272607402938264 0.70375129965513727 -0.32786897148667821 0.10908217783216886
leaf_weight=7882 74 327 40 31 121 37 97 67 347 32 52 143 89 760
leaf_count=7882 74 327 40 31 121 37 97 67 347 32 52 143 89 760
internal_value=-0.000157426 0.00158251 6.34585e-05 -0.00623457 0.0022404 0.0033 -0.00711111 -0.00840807 -0.0106069 -0.0106542 0.00450257 0.00379713 -0.00312796 0.00540929
internal_weight=10099 2217 1890 485 1405 1299 134 445 378 106 1165 1113 210 903
internal_count=10099 2217 1890 485 1405 1299 134 445 378 106 1165 1113 210 903
is_linear=0
shrinkage=0.03


Tree=509
num_leaves=15
num_cat=0
split_feature=0 9 12 12 19 31 25 36 22 27 37 25 27 0
split_gain=8.38888 21.4616 19.9968 25.1822 19.5817 17.2142 15.2655 15.8165 12.478 23.476 11.7889 10.7412 22.7835 11.6316
threshold=-61.499999999999993 80.026028440000019 -174.49999999999997 -272.99999999999994 23.310233027460843 -47.499999999999993 -138.49999999999997 19.543537414965989 0.34514106583072107 55.661758930000012 -425.70500708035974 -1.4999999999999998 55.801236590000009 245.50000000000003
decision_type=2 10 10 8 10 2 2 8 8 2 10 2 2 2
left_child=1 2 3 -1 6 10 -4 -8 -5 -10 -6 12 13 -2
right_child=11 -3 4 8 5 -7 7 -9 9 -11 -12 -13 -14 -15
leaf_value=1.8611383600681206 -0.06506162344360078 0.56818912284361855 0.56915800907372338 -0.60461779739082988 -0.34531639818237736 1.2956035232629459 0.64726445727483439 -0.46056448850070869 0.55225297255992012 -0.10849652180365163 0.20460397332540992 0.00084337707607160981 2.2799569878987129 0.60313395550573634
leaf_weight=33 1925 127 34 118 40 87 51 139 53 94 547 6660 60 42
leaf_count=33 1925 127 34 118 40 87 51 139 53 94 547 6660 60 42
internal_value=-7.19209e-05 0.00215257 0.000902256 -0.0058194 0.00313682 0.00568889 -0.00453333 -0.0078534 -0.00890977 -0.00304054 0.00382653 -0.000410912 -0.00232249 -0.0028811
internal_weight=10010 1323 1196 298 898 674 224 190 265 147 587 8687 2027 1967
internal_count=10010 1323 1196 298 898 674 224 190 265 147 587 8687 2027 1967
is_linear=0
shrinkage=0.03


Tree=510
num_leaves=15
num_cat=0
split_feature=35 32 2 34 35 40 0 36 23 37 36 9 37 13
split_gain=9.73621 9.63832 11.6221 10.4052 14.6322 8.88991 8.51186 7.72863 13.7664 11.7106 9.65481 23.2667 19.6243 19.9532
threshold=18.480892397628299 -7957.9999999999991 15.091666666666669 4342.0000000000009 1833.4305387643803 824.00000000000011 541.50000000000011 35.739278131634826 0.79502625888168066 -282.87941964405832 27.180693113241045 93.142665551675023 -19.650467423460665 -251.99999999999997
decision_type=8 2 2 10 10 10 2 10 2 10 8 8 10 10
left_child=-1 2 -2 5 -5 6 7 10 -9 -10 11 12 13 -3
right_child=1 3 -4 4 -6 -7 -8 8 9 -11 -12 -13 -14 -15
leaf_value=0.055075650835650546 0.005942413644442297 1.124673705584287 -1.1988789901276264 -0.012853482181615306 1.5495088863757955 0.046734822927326287 -0.65441054560217027 -0.029340072428848032 0.0057497354905052585 0.60672577935822858 -0.0042703445917106819 0.14975022426051646 0.032291117488926303 -0.028854114176639346
leaf_weight=40 39 35 36 39 52 54 41 45 72 75 2609 210 3138 3566
leaf_count=40 39 35 36 39 52 54 41 45 72 75 2609 210 3138 3566
internal_value=4.47672e-05 -1.4982e-05 -0.0106579 6.64184e-05 0.0101087 -2.74223e-05 -9.49755e-05 -3.69193e-05 0.00590674 0.0103378 -0.00015692 0.000427338 0.000120178 -0.00139089
internal_weight=10051 10011 75 9936 91 9845 9791 9750 192 147 9558 6949 6739 3601
internal_count=10051 10011 75 9936 91 9845 9791 9750 192 147 9558 6949 6739 3601
is_linear=0
shrinkage=0.03


Tree=511
num_leaves=15
num_cat=0
split_feature=40 17 23 41 13 18 2 12 32 41 35 18 41 32
split_gain=8.08048 8.37547 17.8511 13.1522 11.2367 11.5867 10.699 17.1766 12.5296 9.93301 9.98197 14.712 11.822 15.7969
threshold=-391.99999999999994 302.47222450000004 0.91185719570847212 363.50000000000006 319.50000000000006 702.09398043521776 9.6750000000000025 255.50000000000003 260.50000000000006 -303.49999999999994 626.22480167951278 384.95521171017361 235.50000000000003 199.50000000000003
decision_type=8 10 2 10 8 10 2 10 2 8 10 10 10 2
left_child=-1 9 3 4 5 -3 7 -4 -8 -2 11 -11 13 -12
right_child=1 2 6 -5 -6 -7 8 -9 -10 10 12 -13 -14 -15
leaf_value=0.12389962954375346 -0.18891195068770728 0.11243178912923241 0.33350673633346289 -0.98371622199535202 0.01734489684331746 -0.084938297397276444 -0.090565313295351044 -0.063613193023587436 0.10438804271830153 -0.0010560890007374518 0.0069817918192081191 -0.24987882452881297 0.11226978044539108 -0.083884809833159255
leaf_weight=68 79 31 135 45 64 215 238 46 77 682 7211 112 678 323
leaf_count=68 79 31 135 45 64 215 238 46 77 682 7211 112 678 323
internal_value=0.000203898 0.000132837 -0.00271127 -0.00783708 -0.00559486 -0.00850202 0.000965795 0.00675824 -0.00237342 0.000399516 0.00049295 -0.00271698 0.000803604 0.000461845
internal_weight=10004 9936 851 355 310 246 496 181 315 9085 9006 794 8212 7534
internal_count=10004 9936 851 355 310 246 496 181 315 9085 9006 794 8212 7534
is_linear=0
shrinkage=0.03


Tree=512
num_leaves=15
num_cat=0
split_feature=22 12 19 18 17 2 37 31 26 40 31 23 23 22
split_gain=8.35703 25.7442 16.8676 14.1522 14.8852 12.8125 29.1229 15.4052 19.0347 19.9009 13.1517 12.9762 16.7359 12.5104
threshold=0.22599846390168973 -189.99999999999997 634.86078237562049 2497.0220396626605 -51.465757999999987 3.4416666666666673 -17.978630407406111 214.50000000000003 37.513383810000008 -171.49999999999997 315.50000000000006 0.93559907834101386 0.8710666930536316 0.044466403162055343
decision_type=8 8 8 10 8 2 10 2 2 8 2 2 2 10
left_child=1 -1 3 5 -5 6 -3 8 11 -10 -9 12 -7 -6
right_child=-2 2 -4 4 13 7 -8 10 9 -11 -12 -13 -14 -15
leaf_value=-1.5589399893334461 -0.004351688008535603 -0.62988661233935106 0.64681296269760036 -0.49069375891177014 0.078228275374502984 0.013130333896299575 0.63704091605227409 -0.70595454210437514 -0.95956753877488077 0.076014238444143123 0.042056227349789768 -0.049468845219294191 0.8251207754280363 -0.016199872545505728
leaf_weight=56 7043 45 58 151 109 102 30 52 44 1009 44 53 245 1044
leaf_count=56 7043 45 58 151 109 102 30 52 44 1009 44 53 245 1044
internal_value=-0.000288519 0.0010253 0.00140609 0.00108569 -0.00124138 0.00295385 -0.00907895 0.00354194 0.00431224 0.00219165 -0.00804124 0.00987531 0.0119828 -7.79896e-05
internal_weight=10085 3042 2986 2928 1304 1624 75 1549 1453 1053 96 400 347 1153
internal_count=10085 3042 2986 2928 1304 1624 75 1549 1453 1053 96 400 347 1153
is_linear=0
shrinkage=0.03


Tree=513
num_leaves=15
num_cat=0
split_feature=12 39 36 40 6 5 31 2 14 24 38 41 31 19
split_gain=8.17858 22.5877 19.6986 20.4947 17.9785 20.9575 19.7694 14.5575 16.5104 15.3136 13.555 15.6102 27.4318 11.9498
threshold=-75.499999999999986 53.062351403558345 20.301428833119623 -4.4999999999999991 7.5000000000000009 3.5000000000000004 -97.499999999999986 14.258333333333335 13.450000000000008 8.9433181160000021 -77.499999999999986 -13.499999999999998 -64.499999999999986 121.05494382940488
decision_type=8 8 8 10 2 2 2 2 10 10 10 10 2 10
left_child=1 -1 7 4 5 6 -4 -3 9 -9 -5 -12 -13 -6
right_child=-2 2 3 10 13 -7 -8 8 -10 -11 11 12 -14 -15
leaf_value=1.171096532416747 -0.0027975175138424337 0.50242096512298007 -0.80776204586627209 0.16110171936763834 0.26182622337709793 0.03812223501182193 0.021047340913295624 -0.10856687280162741 1.6267245428697532 0.54370161367879877 -0.81940059345718053 0.10221988903381272 -0.39872648903698732 -0.051126667906349975
leaf_weight=78 8512 294 98 60 153 33 93 226 33 43 223 121 47 66
leaf_count=78 8512 294 98 60 153 33 93 226 33 43 223 121 47 66
internal_value=-0.000154747 0.00183556 0.00100604 -0.00181006 0.00277027 -0.0032 -0.00703125 0.00522613 0.000594059 -0.00188889 -0.00630531 -0.00834184 -0.00142012 0.00886364
internal_weight=10080 1568 1490 894 443 224 191 596 302 269 451 391 168 219
internal_count=10080 1568 1490 894 443 224 191 596 302 269 451 391 168 219
is_linear=0
shrinkage=0.03


Tree=514
num_leaves=15
num_cat=0
split_feature=37 12 40 40 27 13 35 32 27 13 39 31 9 39
split_gain=13.622 10.0088 7.76452 9.45775 7.43458 17.9538 16.4884 21.5836 16.4174 18.496 18.1992 16.3876 14.3306 13.8982
threshold=956.0499789232947 43.500000000000007 -320.49999999999994 -280.99999999999994 55.739195915000003 11.500000000000002 1875.4847687699682 -1863.9999999999998 55.743665670000006 46.500000000000007 139.79166666666671 242.50000000000003 18.974214364491669 52.023077461491674
decision_type=10 10 8 8 2 8 8 2 2 8 10 2 10 8
left_child=2 -2 -1 -4 -5 13 -7 -8 12 -10 11 -11 -9 -6
right_child=1 -3 3 4 5 6 7 8 9 10 -12 -13 -14 -15
leaf_value=0.096633212039764091 0.8775866936272696 0.021672683792907002 -0.13653592212580798 -0.0063990112261086913 1.0581648928572445 -0.092611110667096735 0.88526222659033538 1.4353900116584304 -0.35245987932771361 -0.0023698918736776648 0.033130057911452238 0.083764061487863722 -0.030017574539176053 0.096330288745769543
leaf_weight=92 44 59 48 8039 92 253 42 98 99 672 123 96 35 277
leaf_count=92 44 59 48 8039 92 253 42 98 99 672 123 96 35 277
internal_value=-0.000128103 0.0106731 -0.000240795 -0.000322025 -0.000256436 0.00149329 -4.22833e-05 0.00146655 0.00066726 -0.000665994 0.000706278 -0.0010143 0.0105224 0.00737838
internal_weight=10069 103 9966 9874 9826 1787 1418 1165 1123 990 891 768 133 369
internal_count=10069 103 9966 9874 9826 1787 1418 1165 1123 990 891 768 133 369
is_linear=0
shrinkage=0.03


Tree=515
num_leaves=15
num_cat=0
split_feature=38 40 22 13 16 13 21 14 27 39 14 32 39 24
split_gain=9.62496 12.3912 8.51645 15.8721 19.9396 16.2684 15.7624 14.5686 12.9226 17.659 16.8966 17.1954 14.234 16.3285
threshold=1113.0000000000002 824.00000000000011 0.2251760563380282 -127.49999999999999 16.500000000000004 -86.499999999999986 13.950000000000001 -0.40000000000001285 55.62614872000001 141.20009139110002 12.999999999999993 -19.499999999999996 189.70694445965003 5.8332030500000007
decision_type=10 10 8 8 8 10 10 10 2 8 8 2 8 10
left_child=1 2 3 4 -1 6 7 -5 10 -10 11 -7 13 -11
right_child=-2 -3 -4 5 -6 8 -8 -9 9 12 -12 -13 -14 -15
leaf_value=-1.3534423465205572 -0.080772162451836271 0.36077358277084304 -0.0035810251334235368 -0.23073329579763169 -0.073536316835809218 1.3515398781159613 0.4734583415578939 0.96796930375683299 0.038606240404434153 -0.088749628278285961 0.72488507756314813 -0.011998082570196331 -0.022623668047156108 -0.53965238073111943
leaf_weight=46 40 35 7026 60 128 79 134 34 1250 71 127 314 637 68
leaf_count=46 40 35 7026 60 128 79 134 34 1250 71 127 314 637 68
internal_value=-0.000128358 -6.89311e-05 -0.000132331 0.00122075 -0.00754286 0.00177297 0.00943231 0 0.00108363 0 0.0052975 0.00220812 -0.00355212 -0.0122143
internal_weight=10049 10009 9974 2948 174 2774 228 94 2546 2026 520 393 776 139
internal_count=10049 10009 9974 2948 174 2774 228 94 2546 2026 520 393 776 139
is_linear=0
shrinkage=0.03


Tree=516
num_leaves=15
num_cat=0
split_feature=36 9 21 2 2 39 39 14 27 39 39 2 9 18
split_gain=9.13883 7.64044 13.1782 9.02907 8.53141 23.5556 9.30403 7.94102 21.2495 16.5645 19.7604 13.3059 17.6632 15.2934
threshold=10.145555555555555 1.9593109504500001 33.95000000000001 0.25833333333333336 8.8416666666666686 78.741666666666688 292.98194225785005 -19.799999999999986 55.566152885000001 85.033333333333346 75.281944459650006 11.925000000000002 75.01527559118334 2887.6170932299005
decision_type=8 8 10 2 2 10 8 8 2 10 8 2 10 10
left_child=-1 2 4 -3 5 -2 -6 8 9 10 -5 13 -13 -10
right_child=1 3 -4 7 6 -7 -8 -9 11 -11 -12 12 -14 -15
leaf_value=-0.25102054716239586 0.23104723131549607 -0.029422418104613154 -0.080251028226500126 1.569059944217573 0.51678003697258967 -0.62568630736600472 -0.023048245357222864 0.0012092045762944501 -0.1265548522080506 2.0396844282602724 -1.360863394679932 0.0095052671624035051 -0.74720637305039794 -0.61906504482387392
leaf_weight=34 94 42 47 37 169 37 33 8069 493 51 43 686 47 142
leaf_count=34 94 42 47 37 169 37 33 8069 493 51 43 686 47 142
internal_value=-0.000125686 -7.20649e-05 0.00409449 -0.000237228 0.0061976 0.000227273 0.0100493 -0.000175567 -0.00218 0.00931818 0.000740741 -0.00328707 -0.000531335 -0.00646226
internal_weight=10024 9990 380 9610 333 131 202 9568 1499 131 80 1368 733 635
internal_count=10024 9990 380 9610 333 131 202 9568 1499 131 80 1368 733 635
is_linear=0
shrinkage=0.03


Tree=517
num_leaves=15
num_cat=0
split_feature=0 12 38 40 26 41 2 37 27 6 32 2 32 2
split_gain=10.3211 21.966 21.8367 14.566 22.8921 16.9495 16.0179 14.9949 13.8377 13.3393 18.0861 13.6997 12.6806 12.5642
threshold=11.500000000000002 47.500000000000007 266.50000000000006 -139.49999999999997 37.445711700000011 69.500000000000014 5.2750000000000012 -128.62361556897113 55.696490845000007 8.5000000000000018 -344.49999999999994 10.808333333333335 12.500000000000002 22.091666666666672
decision_type=2 8 8 10 2 8 2 8 2 2 2 2 2 2
left_child=-1 2 3 4 -2 6 -5 -6 -7 10 -4 -12 -11 -3
right_child=1 13 9 5 7 8 -8 -9 -10 12 11 -13 -14 -15
leaf_value=0.0044779147002282698 -0.43040018999883811 0.013021034175685599 0.11583298365113791 0.22691293930259873 -0.0087448349784416384 -0.084204347285009779 -0.28174705478041556 0.44174559231603994 0.33298584318722302 -0.41771544624104656 -1.2554077643890129 -0.25072662744444763 0.39265086704945368 -0.063154010217909701
leaf_weight=4627 33 3709 49 33 110 204 541 113 133 44 155 77 64 93
leaf_count=4627 33 3709 49 33 110 204 541 113 133 44 155 77 64 93
internal_value=-3.30463e-05 -0.000929278 -0.00393064 -0.001875 0.0044358 -0.00365132 -0.00678261 0.00790179 0.00168639 -0.0100769 -0.0135106 -0.0169957 -0.00110092 0.000299763
internal_weight=9985 5358 1556 1167 256 911 574 223 337 389 281 232 108 3802
internal_count=9985 5358 1556 1167 256 911 574 223 337 389 281 232 108 3802
is_linear=0
shrinkage=0.03


Tree=518
num_leaves=15
num_cat=0
split_feature=0 32 9 40 26 26 35 25 27 17 0 39 13 38
split_gain=8.59631 15.6171 16.0443 16.6635 14.1418 12.1334 11.5859 10.7582 25.8293 15.8794 12.7356 12.3616 12.2701 12.7933
threshold=-126.49999999999999 -599.49999999999989 17.959310950450003 18.500000000000004 37.733506195000011 37.523619885000009 2326.4679324641688 -110.49999999999999 55.68982058000001 -66.528709499999977 -69.499999999999986 77.924537077183359 -93.499999999999986 78.500000000000014
decision_type=2 2 10 8 2 2 10 2 2 8 2 10 10 10
left_child=1 -1 -3 6 5 -5 -4 8 -2 -10 11 12 -9 -14
right_child=7 2 3 4 -6 -7 -8 10 9 -11 -12 -13 13 -15
leaf_value=0.84473633858662844 -0.36299792945464054 1.1221872268212871 -0.00061552443447510541 0.39541180965363959 0.25637439031891446 -0.43453815719261463 0.35573825052395258 1.4665647750464366 0.25619888293934684 -0.023202314432896002 -0.00077221425338598094 0.010412323630395121 -0.052036488895774259 1.0912032267009604
leaf_weight=90 244 88 72 31 47 143 46 68 68 161 8478 291 91 37
leaf_count=90 244 88 72 31 47 143 46 68 68 161 8478 291 91 37
internal_value=0.000117517 0.00388031 0.00147196 -0.0015 -0.00635135 -0.0102857 0.00756303 -8.89925e-05 -0.00449367 0.00273913 0.000143877 0.00485656 0.0106599 0.00511628
internal_weight=9955 517 427 339 221 174 118 9438 473 229 8965 487 196 128
internal_count=9955 517 427 339 221 174 118 9438 473 229 8965 487 196 128
is_linear=0
shrinkage=0.03


Tree=519
num_leaves=15
num_cat=0
split_feature=40 40 39 28 9 39 35 41 37 37 2 2 0 9
split_gain=13.0501 14.7294 9.12632 8.1672 8.1198 12.9047 8.19419 10.7477 11.0581 13.0375 9.94325 29.6152 22.9868 19.9229
threshold=920.50000000000011 782.50000000000011 21.543274269208336 0.63632837750484816 130.22808324121669 141.5916666666667 36.248172689892264 409.00000000000006 338.71040349831173 -14.677481572167947 4.4416666666666673 5.2750000000000012 141.50000000000003 96.041758057766671
decision_type=10 10 8 2 10 8 8 10 8 10 2 2 2 10
left_child=1 2 -1 4 6 -6 -4 10 9 -9 13 12 -12 -8
right_child=-2 -3 3 -5 5 -7 7 8 -10 -11 11 -13 -14 -15
leaf_value=0.73131804975551573 -0.088104282396203423 0.43008493430636396 0.02084761508045517 -0.19110651400211262 -0.14133307511824969 -0.046597864141256565 -0.016105121110704512 -0.18361373937918143 -0.68918812259352058 0.17122040761111945 0.84228579530148739 0.00060185704448817716 -0.073570586984252145 0.81358635691225811
leaf_weight=31 36 35 94 30 44 194 1135 126 56 45 304 7672 116 30
leaf_count=31 36 35 94 30 44 194 1135 126 56 45 304 7672 116 30
internal_value=-5.42768e-05 1.21053e-05 -5.7704e-05 -0.000109678 -6.11185e-05 -0.00552301 7.51644e-05 -1.26516e-05 -0.00644737 -0.00261628 0.00014582 0.000518967 0.00826603 -0.00244425
internal_weight=9948 9912 9877 9846 9816 238 9578 9484 227 171 9257 8092 420 1165
internal_count=9948 9912 9877 9846 9816 238 9578 9484 227 171 9257 8092 420 1165
is_linear=0
shrinkage=0.03


Tree=520
num_leaves=15
num_cat=0
split_feature=34 34 39 14 27 0 38 32 20 36 39 2 39 2
split_gain=10.365 16.3421 10.9717 10.7782 10.2788 18.6881 25.935 15.0343 18.4025 20.353 18.2335 15.4633 14.1596 12.9569
threshold=1326.0555570520003 836.50000000000011 49.900000000000006 -15.199999999999998 55.739195915000003 -50.499999999999993 -64.499999999999986 -119.49999999999999 13.080540540540541 16.484653930472913 44.13342472443334 10.808333333333335 48.400000000000006 3.9416666666666673
decision_type=10 10 10 8 2 2 10 2 8 8 10 2 8 2
left_child=1 4 -2 -3 13 6 -6 -7 9 -9 -11 -12 -10 -1
right_child=2 3 -4 -5 5 7 -8 8 12 10 11 -13 -14 -15
leaf_value=-0.021609251523114395 -0.10184817736239551 -0.021026194008732374 -0.021595470426138214 0.13161352998228218 -0.033480037456000783 -0.010687111382537822 0.90816833202275948 -0.019734123039906314 -0.37846855524212175 1.7627701026482498 -0.25196224553065649 1.6920351630100672 0.002586336049357998 -0.00061535299465425902
leaf_weight=690 96 65 545 168 50 621 76 97 35 107 45 51 612 6831
leaf_count=690 96 65 545 168 50 621 76 97 35 107 45 51 612 6831
internal_value=-2.97324e-06 0.000247645 -0.00369159 0.00807692 4.88281e-05 0.00215929 0.0132283 0.00126195 0.00363924 0.00976744 0.0151471 0.00556701 0.000787037 -0.000426748
internal_weight=10089 9448 641 233 9215 1694 126 1568 947 300 203 96 647 7521
internal_count=10089 9448 641 233 9215 1694 126 1568 947 300 203 96 647 7521
is_linear=0
shrinkage=0.03


Tree=521
num_leaves=15
num_cat=0
split_feature=2 2 25 13 27 41 13 27 26 40 2 26 20 39
split_gain=7.71085 17.552 18.4122 22.5416 19.7706 18.5318 18.6767 17.3681 19.4309 17.2627 16.581 47.442 18.1593 17.7574
threshold=20.841666666666672 18.008333333333336 146.50000000000003 177.50000000000003 55.618974455000007 159.50000000000003 325.00000000000006 55.649446990000008 37.725398510000005 64.500000000000014 17.091666666666672 37.484530350000007 10.117216117216119 65.562394191666684
decision_type=2 2 2 8 2 8 8 2 2 10 2 2 8 10
left_child=1 10 7 -4 -5 -6 -7 9 -9 -3 -1 13 -13 -12
right_child=-2 2 3 4 5 6 -8 8 -10 -11 11 12 -14 -15
leaf_value=0.0006575618958030205 -0.003983737497963903 1.0067185848958948 -0.58391912026226234 -0.20521349234066158 -0.95646446687152853 1.3598497573501656 0.058955529000087707 -0.015760874309786458 1.6966304524233391 0.29443130450626581 -0.0071511399402349714 -0.012145126817985101 -1.6376439776090719 1.4659372003428337
leaf_weight=7842 840 155 48 143 30 66 114 220 33 76 136 74 185 63
leaf_count=7842 840 155 48 143 30 66 114 220 33 76 136 74 185 63
internal_value=-3.29144e-05 0.000218811 0.00423251 -0.000522388 0.00211864 0.00796209 0.0116022 0.00816495 0.00271654 0.0140948 -0.000209613 -0.00575163 -0.0141923 0.00525
internal_weight=10025 9185 885 401 353 210 180 484 253 231 8300 458 259 199
internal_count=10025 9185 885 401 353 210 180 484 253 231 8300 458 259 199
is_linear=0
shrinkage=0.03


Tree=522
num_leaves=15
num_cat=0
split_feature=38 15 41 38 36 25 41 37 36 36 19 6 13 36
split_gain=13.0482 21.9376 16.8876 17.9594 17.5978 13.7437 10.8669 16.9858 16.2138 10.3068 9.69972 15.1697 13.1726 10.9858
threshold=351.50000000000006 1297.5000000000002 95.500000000000014 473.00000000000006 27.96969001148106 -1.0000000180025095e-35 462.50000000000006 -53.91004301759704 18.385890151515156 10.145555555555555 1118.3267056614893 7.5000000000000009 78.500000000000014 25.986512027491411
decision_type=10 8 10 10 10 2 10 10 10 8 8 2 8 8
left_child=9 2 3 -2 6 -3 -4 8 -8 -1 13 12 -12 -11
right_child=1 5 4 -5 -6 -7 7 -9 -10 10 11 -13 -14 -15
leaf_value=-0.28603891882718879 -0.12834838302162349 -1.5885146582807999 -0.294687474706124 0.67386636321814164 0.53028817452704868 -0.0099603501094735168 0.043513236787307501 0.12214860808494855 -0.36884319979596453 0.0084283440233844514 1.2196421135978412 -0.0014459536136575304 0.007277765477324321 -0.011287593458728026
leaf_weight=38 37 59 98 48 40 51 41 34 71 6298 32 283 367 2552
leaf_count=38 37 59 98 48 40 51 41 34 71 6298 32 283 367 2552
internal_value=-0.000235821 -0.0050625 -0.00154054 0.0101163 -0.00505263 -0.0167568 -0.00808163 -0.00285714 -0.00849558 6.26894e-06 6.92332e-05 0.00351391 0.007275 -0.000196588
internal_weight=10049 479 369 85 284 110 244 146 112 9570 9532 682 399 8850
internal_count=10049 479 369 85 284 110 244 146 112 9570 9532 682 399 8850
is_linear=0
shrinkage=0.03


Tree=523
num_leaves=15
num_cat=0
split_feature=16 22 2 41 27 20 40 32 9 24 0 24 20 6
split_gain=7.59867 23.3407 30.9986 20.5532 20.76 19.7171 14.6571 14.353 14.1244 13.7522 13.7119 14.8249 12.8508 15.4785
threshold=24.500000000000004 0.18795289855072467 3.7750000000000004 75.500000000000014 55.58203025000001 10.810250000000002 8.5000000000000018 90.500000000000014 64.01527559118334 2.0054834660000007 136.50000000000003 6.9433181160000013 7.1277173913043486 6.5000000000000009
decision_type=10 10 2 8 2 10 10 2 10 10 2 10 10 2
left_child=-1 2 -2 6 -5 8 12 10 -6 -8 11 -7 -3 -14
right_child=1 3 -4 4 5 7 9 -9 -10 -11 -12 -13 13 -15
leaf_value=-0.0022521374513677288 -0.2425155799723458 0.20159151825422128 0.46444479630422542 -1.7531654519107625 0.043353260705034521 0.81129112742838894 0.057830711316596513 0.93444940821549116 -0.73138945589984083 -0.41069779910909415 -0.092912159598373442 -0.036893128220120273 -0.45157793152183129 0.022598621350404358
leaf_weight=8211 46 32 394 30 124 130 103 73 64 219 30 59 101 337
leaf_count=8211 46 32 394 30 124 130 103 73 64 219 30 59 101 337
internal_value=-9.04159e-06 0.00179002 0.0077551 -0.000230238 0.00446184 0.00598753 -0.00325347 0.0108532 -0.0015873 -0.00817337 0.00695455 0.00994737 0.000127389 -0.00123007
internal_weight=9953 1742 440 1302 510 480 792 292 188 322 219 189 470 438
internal_count=9953 1742 440 1302 510 480 792 292 188 322 219 189 470 438
is_linear=0
shrinkage=0.03


Tree=524
num_leaves=15
num_cat=0
split_feature=40 40 21 40 16 41 14 16 41 23 26 0 31 6
split_gain=9.0119 15.0243 8.81409 8.08179 8.03984 7.61055 11.7764 16.179 10.8619 10.6704 13.7591 15.7157 12.4183 9.94804
threshold=920.50000000000011 782.50000000000011 68.750000000000014 -391.99999999999994 19.500000000000004 409.00000000000006 20.800000000000008 20.500000000000004 312.50000000000006 0.92227615965480059 37.644903300000003 202.50000000000003 50.500000000000007 7.5000000000000009
decision_type=10 10 10 8 10 10 10 10 10 2 2 2 2 2
left_child=1 2 3 4 -1 8 7 -7 -5 10 11 -10 -11 -8
right_child=-2 -3 -4 5 -6 6 13 -9 9 12 -12 -13 -14 -15
leaf_value=-0.0022518439556810689 -0.069840317417590961 0.65318423711275386 0.095350889464946187 -0.0027584507164181908 1.229835491449156 -0.65524312387084871 -0.047338565386368145 0.010174038048247418 0.49226351680559699 -0.18025614836829959 0.24231139846325192 -0.48692877459165029 0.77136636471833608 0.55861985859926755
leaf_weight=33 34 35 33 9392 36 96 39 72 44 33 35 62 104 30
leaf_count=33 34 35 33 9392 36 96 39 72 44 33 35 62 104 30
internal_value=-0.000232166 -0.000179194 -0.000248751 -0.000300692 0.00985714 -0.000372426 -0.00567227 -0.00994083 -0.000241961 0.0055914 -0.000211268 -0.00560748 0.0115217 0.00471429
internal_weight=10078 10044 10009 9976 69 9907 237 168 9670 278 141 106 137 69
internal_count=10078 10044 10009 9976 69 9907 237 168 9670 278 141 106 137 69
is_linear=0
shrinkage=0.03


Tree=525
num_leaves=15
num_cat=0
split_feature=18 35 26 13 2 8 20 2 36 39 6 0 12 9
split_gain=7.24673 16.315 24.373 18.397 13.5227 21.1857 29.6568 21.1457 27.8628 19.8152 16.5866 14.5152 22.7263 19.141
threshold=2577.9920129703596 3148.4040690507491 37.445711700000011 -107.74999999999999 14.008333333333335 2.5000000000000004 9.9366596638655498 13.258333333333335 22.927083827506049 122.83572605793334 9.5000000000000018 -46.499999999999993 -113.49999999999999 21.959310950450003
decision_type=8 8 2 10 2 2 8 2 8 10 2 2 8 10
left_child=4 2 -2 -4 7 6 9 -1 -9 10 -6 12 -7 -14
right_child=1 -3 3 -5 5 11 -8 8 -10 -11 -12 -13 13 -15
leaf_value=0.010477513209791674 0.48387875049552065 -0.00086302396566864648 0.17962826662222964 -0.70286285795063208 -0.88403913419080382 -0.37538510003942621 0.13990297342631142 0.80468653873334861 -0.023926279253047633 0.15499903297627898 1.7245692654191842 -0.068794101012177478 -0.15358564164305086 0.3465873002452689
leaf_weight=3689 39 3312 36 356 117 120 446 215 74 59 30 1324 62 154
leaf_count=3689 39 3312 36 356 117 120 446 215 74 59 30 1324 62 154
internal_value=-6.87662e-05 -0.00111378 -0.00659722 -0.00885496 0.000553171 -0.00127108 0.00330781 0.00161347 0.00941379 -0.00608696 -0.0119595 -0.00307044 0.00249258 0.00829493
internal_weight=10033 3743 431 392 6290 2312 652 3978 289 206 147 1660 336 216
internal_count=10033 3743 431 392 6290 2312 652 3978 289 206 147 1660 336 216
is_linear=0
shrinkage=0.03


Tree=526
num_leaves=15
num_cat=0
split_feature=19 20 26 5 6 18 24 0 5 20 27 40 10 40
split_gain=7.78292 15.7016 15.465 11.38 8.92098 12.8188 16.7371 8.90123 8.7273 16.9974 23.1973 18.1092 17.5263 16.3461
threshold=2140.5165656472773 0.9110671936758894 37.331162465000006 41.500000000000007 9.5000000000000018 5456.3800836027685 12.240019628500002 541.50000000000011 1.5000000000000002 9.9366596638655498 55.643770265000008 -13.499999999999998 0.41666666666666669 -164.49999999999997
decision_type=8 10 2 2 2 10 10 2 2 8 2 10 10 8
left_child=3 2 -2 7 5 6 -4 8 13 10 11 -10 -12 -1
right_child=1 -3 4 -5 -6 -7 -8 -9 9 -11 12 -13 -14 -15
leaf_value=0.49729758062105217 0.025930337839602254 0.30095199219642893 0.0011401863236487515 -0.1916744308426373 -0.0094853312421856757 0.041078943889754839 -0.13711791014260569 -1.0054763858541071 0.078545851541177852 0.0012567249479752984 -0.27304336041984756 -0.071331216430143701 0.046940356121159398 0.0072413765826493653
leaf_weight=199 35 54 295 37 108 112 39 39 347 4385 809 208 92 3269
leaf_count=199 35 54 295 37 108 112 39 39 347 4385 809 208 92 3269
internal_value=2.39306e-05 0.00321429 0.00177966 -0.000194971 0.000540541 0.00241611 -0.000537313 -0.000128356 -6.76692e-05 -0.000775419 -0.0035827 0.00124101 -0.00655211 0.00112424
internal_weight=10028 643 589 9385 554 446 334 9348 9309 5841 1456 555 901 3468
internal_count=10028 643 589 9385 554 446 334 9348 9309 5841 1456 555 901 3468
is_linear=0
shrinkage=0.03


Tree=527
num_leaves=15
num_cat=0
split_feature=1 21 21 35 6 9 35 9 2 24 2 37 27 15
split_gain=8.94002 12.2759 11.9435 7.12049 14.1085 20.7215 9.34544 12.3611 8.3957 8.12879 8.45208 20.4938 11.78 13.6882
threshold=10.154141975000003 9.1500000000000004 17.350000000000005 9334.2998189801965 7.5000000000000009 6.9593109504500008 14074.030458411775 43.974214364491672 0.52500000000000013 3282.9188194715002 21.675000000000004 -75.498284116801855 55.662202105000013 304.36114810000009
decision_type=2 10 10 8 2 10 8 10 2 10 2 8 2 8
left_child=1 -1 -3 9 5 -5 -6 -8 -7 10 -2 12 13 -12
right_child=3 2 -4 4 6 8 7 -9 -10 -11 11 -13 -14 -15
leaf_value=0.46485198499295904 -0.0016217866201822062 -0.31286786422880625 0.045354915068384398 -0.0014012209782750772 0.016994974682291376 0.0050872479870126587 0.00027468458417324854 -0.0083122895352269535 0.033106984543022321 -0.013096691063821697 0.73028449841501453 -0.098633530292055877 -0.043073060096660405 -0.010236983270806634
leaf_weight=135 8875 47 86 51 117 30 120 58 104 71 46 190 48 32
leaf_count=135 8875 47 86 51 117 30 120 58 104 71 46 190 48 32
internal_value=-4.19539e-05 0.00535316 -0.0011194 -0.000190906 0.00336798 0.00983871 -0.000709459 -0.00502793 0.016 -0.000375688 -0.000296997 -0.00511041 0.00425197 0.0113924
internal_weight=10010 268 133 9742 480 185 295 178 134 9262 9191 316 126 78
internal_count=10010 268 133 9742 480 185 295 178 134 9262 9191 316 126 78
is_linear=0
shrinkage=0.03


Tree=528
num_leaves=15
num_cat=0
split_feature=0 34 2 2 5 13 39 13 20 2 9 9 17 39
split_gain=8.87067 21.331 16.4514 17.5957 16.3405 16.5207 17.0114 17.1702 15.2576 15.2871 13.7807 13.7523 13.6557 13.3234
threshold=-61.499999999999993 1106.5555570520003 18.008333333333336 17.758333333333336 9.5000000000000018 -126.49999999999999 342.45833333333337 -89.499999999999986 18.36753246753247 10.241666666666669 58.017592617533339 81.01527559118334 -148.91311899999997 62.811416574550009
decision_type=2 8 2 2 2 10 8 10 10 2 10 10 10 10
left_child=1 -1 3 4 5 11 8 -8 -7 -10 -4 12 -3 -14
right_child=-2 2 10 -5 -6 6 7 -9 9 -11 -12 -13 13 -15
leaf_value=0.55762828781002272 -0.0011621943009881973 -0.29213545974298571 0.12761658504340254 -0.77348163481661492 0.75769757315320541 0.16260697075078145 1.4280862795784135 -0.0040774988387718737 0.14052319623566389 -1.4832879050796821 2.8729558323864928 0.20458632431290097 -0.70065679927431146 0.19835792307174868
leaf_weight=81 8695 201 79 37 32 460 57 37 35 57 31 75 54 106
leaf_count=81 8695 201 79 37 32 460 57 37 35 57 31 75 54 106
internal_value=9.86252e-05 0.00236783 0.00140254 0.000338542 0.00102242 0.000387812 0.00343122 0.0151579 0.00141049 -0.00967742 0.0124324 -0.00411899 -0.00654696 0
internal_weight=10037 1342 1261 1151 1114 1082 646 94 552 92 110 436 361 160
internal_count=10037 1342 1261 1151 1114 1082 646 94 552 92 110 436 361 160
is_linear=0
shrinkage=0.03


Tree=529
num_leaves=15
num_cat=0
split_feature=16 2 2 40 39 35 18 39 13 27 39 23 27 32
split_gain=9.66127 26.9097 34.1184 35.9013 21.3466 16.4854 15.6073 14.8606 16.429 14.2023 14.1223 13.4068 12.65 12.0968
threshold=25.500000000000004 7.3416666666666677 11.258333333333335 48.500000000000007 143.78447697102504 1685.9694375856891 1143.8168022708323 149.36242323282502 -86.499999999999986 55.642067515000001 124.51466401517501 0.91693205944798317 55.643019465000009 10.500000000000002
decision_type=10 2 2 10 10 10 10 10 10 2 10 2 2 2
left_child=-1 7 9 4 5 12 -7 8 -2 -3 13 -10 -4 -5
right_child=1 2 3 10 -6 6 -8 -9 11 -11 -12 -13 -14 -15
leaf_value=-0.002835299463618597 2.8365142456106152 0.050723741441577284 -1.8219877906294788 -0.81160605364449545 -0.65851220677478994 1.2007609914010964 0.29282569820399096 -0.49843360476858756 -0.027846546228614457 1.025830370327337 0.053700034346986031 -0.30134393534833809 0.2118186413487011 0.030487144642461599
leaf_weight=8661 36 50 35 111 90 68 271 36 222 142 117 71 55 33
leaf_count=8661 36 50 35 111 90 68 271 36 222 142 117 71 55 33
internal_value=-0.000108011 0.00226457 0.00487153 0.00207426 0.00663462 0.0094186 0.0124412 -0.00467213 -0.00263636 0.0161658 -0.00698473 -0.005 -0.00197802 -0.0132414
internal_weight=9998 1337 972 780 519 429 339 365 329 192 261 293 90 144
internal_count=9998 1337 972 780 519 429 339 365 329 192 261 293 90 144
is_linear=0
shrinkage=0.03


Tree=530
num_leaves=15
num_cat=0
split_feature=39 31 24 16 22 2 15 5 18 18 2 15 2 0
split_gain=9.74634 20.267 12.8359 8.71755 16.3941 18.7371 13.2938 13.5963 18.9668 12.3206 11.7154 17.1637 14.7618 12.5752
threshold=454.50833333333338 10.500000000000002 5.9433181160000013 23.500000000000004 0.18795289855072467 3.7750000000000004 30.047003098500003 2.5000000000000004 2070.5946726090056 3960.1313983729383 21.425000000000004 971.00000000000011 22.425000000000004 26.500000000000004
decision_type=10 2 10 8 8 2 8 2 10 10 2 10 2 2
left_child=3 -2 -3 10 5 -5 -7 9 -9 -8 -1 12 -12 -14
right_child=1 2 -4 4 -6 6 7 8 -10 -11 11 -13 13 -15
leaf_value=0.0013385247719528122 -0.95944427536540033 -0.56150299637287016 0.38856979367045907 -0.17490798140779637 0.0021890854441886458 -0.11690154533734794 0.56988677606088467 -0.15052434499031353 1.1045204152539374 -0.28759300135443167 -0.27671990585403333 0.017231288251966393 0.0085746511896322274 -0.40987707987116034
leaf_weight=6258 44 41 31 55 2831 51 333 76 31 30 87 50 77 52
leaf_count=6258 44 41 31 55 2831 51 333 76 31 30 87 50 77 52
internal_value=0.000403065 -0.00820513 0.00164384 0.00050443 0.00173415 0.00634315 0.00810345 0.00968153 0.000277778 0.0124451 -0.000137931 -0.00629213 -0.00995392 -0.00346154
internal_weight=10047 116 72 9931 3407 576 521 470 107 363 6524 266 216 129
internal_count=10047 116 72 9931 3407 576 521 470 107 363 6524 266 216 129
is_linear=0
shrinkage=0.03


Tree=531
num_leaves=15
num_cat=0
split_feature=24 35 24 32 5 13 15 6 2 39 39 13 39 18
split_gain=7.79491 13.0949 20.6082 20.1645 13.8727 13.7169 14.549 13.0896 12.8099 16.1524 10.0547 18.7988 18.7792 16.362
threshold=9.7657688930000024 1761.071790355292 1383.9026729520003 -476.99999999999994 43.000000000000007 -48.499999999999993 100.00548346600002 8.5000000000000018 15.341666666666669 115.81745005164167 119.16769510666668 15.750000000000002 114.65833333333335 3041.9939417881628
decision_type=8 8 10 2 2 10 10 2 2 10 8 8 10 10
left_child=-1 2 4 7 5 -2 -7 -3 9 -8 12 -12 13 -5
right_child=1 3 -4 10 -6 6 8 -9 -10 -11 11 -13 -14 -15
leaf_value=-0.012708668550077391 -0.21768220749268827 0.14338884149778286 -0.72755719496059068 0.13319817885450622 0.084350922706936157 0.47881906543993935 -0.041486663264974515 -0.048609765584419734 -0.28718386177736177 0.63118663477650472 -0.1758099949785164 0.0016815813501590731 1.259525310466894 -0.026552578606245696
leaf_weight=6851 131 133 30 522 50 56 88 42 83 41 275 1300 64 253
leaf_count=6851 131 133 30 522 50 56 88 42 83 41 275 1300 64 253
internal_value=-0.000142137 0.00111437 -0.0034375 0.00195753 -0.0018 -0.003675 0.000223048 0.0117614 -0.00338028 0.00253846 0.00124224 -0.00017132 0.00389286 0.00259021
internal_weight=9919 3068 479 2589 449 399 268 175 212 129 2414 1575 839 775
internal_count=9919 3068 479 2589 449 399 268 175 212 129 2414 1575 839 775
is_linear=0
shrinkage=0.03


Tree=532
num_leaves=15
num_cat=0
split_feature=40 40 9 9 2 34 17 39 19 39 32 15 39 37
split_gain=8.27536 12.104 9.12987 14.5878 16.8883 16.5173 14.0543 11.2143 10.8776 9.97596 9.18935 24.3994 20.6249 16.2665
threshold=920.50000000000011 782.50000000000011 130.22808324121669 101.26905939126668 10.025000000000002 6243.902672952001 -122.44134299999999 141.5916666666667 186.44661579261478 293.56527559118337 -510.99999999999994 660.50000000000011 38.353083241216673 -487.84368745282774
decision_type=10 10 10 10 2 8 8 8 10 8 2 8 8 8
left_child=1 2 3 6 -5 -6 -1 -4 9 -9 11 12 -8 -12
right_child=-2 -3 7 4 5 -7 10 8 -10 -11 13 -13 -14 -15
leaf_value=-0.037230701908329424 -0.040569447073649768 0.40399332198934723 -0.2097649794296329 0.78930917083508567 0.084028601496993718 -0.055789580735708201 -0.39873665765285216 0.38462603889195307 -0.37430017130768417 -0.15478421937944559 0.070646049818776077 0.029257854473529618 -0.052606709350428958 0.0036833624180723488
leaf_weight=694 35 38 45 78 94 67 48 74 58 64 156 322 382 7893
leaf_count=694 35 38 45 78 94 67 48 74 58 64 156 322 382 7893
internal_value=0.000191064 0.00024266 0.000177426 0.000320493 0.007625 0.00203704 0.000135847 -0.00557851 -0.00243655 0.00215827 0.000460123 -0.00270916 -0.00737819 0.000756522
internal_weight=10048 10013 9975 9734 239 161 9495 241 196 138 8801 752 430 8049
internal_count=10048 10013 9975 9734 239 161 9495 241 196 138 8801 752 430 8049
is_linear=0
shrinkage=0.03


Tree=533
num_leaves=15
num_cat=0
split_feature=40 40 41 34 39 27 23 2 2 27 19 19 18 39
split_gain=9.24284 12.4367 10.4316 10.3981 12.2647 10.1426 11.1906 8.74413 23.4216 24.7335 18.7818 22.714 17.7749 16.7152
threshold=920.50000000000011 782.50000000000011 394.50000000000006 1287.5000000000002 134.18333333333337 55.741332880000009 0.93114224137931045 12.758333333333335 14.008333333333335 55.68982058000001 131.9959292633327 143.28647966076599 2552.8989229337221 26.568274269208334
decision_type=10 10 10 8 10 2 2 2 2 2 10 10 8 8
left_child=1 2 7 -4 5 6 -5 12 9 -9 13 -12 -1 -10
right_child=-2 -3 3 4 -6 -7 -8 8 10 -11 11 -13 -14 -15
leaf_value=0.0065851402790829639 -0.10566881392419311 0.66388592828003001 0.042368032975482209 0.19087524232340544 -0.97480743926681979 -0.3343003762278326 -0.23205185201216194 0.0099324211102880776 1.0224176605742674 0.61859433935008934 0.45223696773972905 0.0085654065351159162 -0.024605651074214235 -0.0097850348217091102
leaf_weight=3433 34 38 47 68 71 46 39 380 64 270 161 905 1950 2557
leaf_count=3433 34 38 47 68 71 46 39 380 64 270 161 905 1950 2557
internal_value=-3.8752e-05 1.49551e-05 -5.10408e-05 -0.00584559 -0.00853333 -0.0037013 0.00138889 0.0001111 0.00111342 0.00635945 0.000187093 0.00354264 -0.000696508 -0.00117849
internal_weight=10063 10029 9991 271 224 153 107 9720 4337 650 3687 1066 5383 2621
internal_count=10063 10029 9991 271 224 153 107 9720 4337 650 3687 1066 5383 2621
is_linear=0
shrinkage=0.03


Tree=534
num_leaves=15
num_cat=0
split_feature=0 14 41 31 41 13 8 21 1 36 13 23 39 39
split_gain=7.34445 9.75322 9.71766 8.94447 8.69376 8.24544 19.5198 18.931 9.44226 15.5789 13.2013 23.7226 14.0081 21.1968
threshold=-146.49999999999997 -10.600000000000014 -115.49999999999999 -175.49999999999997 -115.49999999999999 -144.49999999999997 3.5000000000000004 7.0500000000000007 11.108811808333334 25.868269230769233 -39.499999999999993 0.8578167115902966 55.119059391266674 69.033333333333346
decision_type=2 8 10 2 10 8 2 10 2 8 8 2 8 8
left_child=1 3 -3 -1 -5 6 7 -2 9 -7 11 -11 -12 -14
right_child=5 2 -4 4 -6 8 -8 -9 -10 10 12 -13 13 -15
leaf_value=-0.18606040874553911 -0.033691696934785999 0.52145257650091192 -0.041575937667276006 -0.60504276156004366 0.37920900983681133 0.030103914259401725 0.21448225389487674 -1.1018207433349649 -0.0089506216913622545 -0.18141828872349391 -0.25275256808943797 0.89846597595900768 0.34076902520263114 -0.0080764183135469611
leaf_weight=64 66 173 59 30 32 4010 69 81 3433 39 67 111 148 1584
leaf_count=64 66 173 59 30 32 4010 69 81 3433 39 67 111 148 1584
internal_value=0.000132437 0.0043454 0.00798283 -0.0023622 0.00571429 -2.49766e-05 -0.00580645 -0.0119595 0.000108592 0.000830537 -0.00136923 0.00715232 -0.00208333 -0.00155799
internal_weight=9966 358 232 126 62 9608 216 147 9392 5959 1949 150 1799 1732
internal_count=9966 358 232 126 62 9608 216 147 9392 5959 1949 150 1799 1732
is_linear=0
shrinkage=0.03


Tree=535
num_leaves=15
num_cat=0
split_feature=26 9 14 12 39 26 16 27 18 9 19 27 36 37
split_gain=11.2052 24.4615 22.0691 22.8923 22.2034 18.5638 17.1398 29.1624 21.4042 22.3285 21.4541 16.4031 15.705 15.2496
threshold=37.479357640000011 36.569842776241671 -4.9999999999999938 88.500000000000014 294.57299734850841 37.480191280000007 16.500000000000004 55.545383390000005 1028.7000874646876 6.0152755911833342 193.21596021649205 55.520169965000008 27.296181630546958 -546.79801151806146
decision_type=2 10 10 10 10 2 8 2 10 8 10 2 8 8
left_child=1 6 4 -4 -3 -2 7 11 9 -8 -10 -1 -13 -11
right_child=5 2 3 -5 -6 -7 8 -9 10 13 -12 12 -14 -15
leaf_value=0.67675679397781918 -1.1855095578807866 0.022084867109350339 -0.54120283202073127 -0.071477946940396678 -0.97593863845379025 -0.0048296040739083425 -0.65028215200148054 0.016238168111825643 0.54716684703740648 -0.1251352567419812 0.00030944974757750652 -0.039631573916680762 -1.418054413710071 0.23043225899436492
leaf_weight=52 38 499 100 353 30 6727 55 971 560 69 200 53 99 285
leaf_count=52 38 499 100 353 30 6727 55 971 560 69 200 53 99 285
internal_value=-0.000199168 0.00122633 -0.00274669 -0.00759912 0.00141509 -0.000900089 0.00289126 0.000331633 0.00546154 -7.31707e-05 0.00843627 -0.00995122 -0.014902 0.00270423
internal_weight=10091 3326 982 453 529 6765 2344 1175 1169 409 760 204 152 354
internal_count=10091 3326 982 453 529 6765 2344 1175 1169 409 760 204 152 354
is_linear=0
shrinkage=0.03


Tree=536
num_leaves=15
num_cat=0
split_feature=2 2 31 32 41 16 22 36 2 26 6 39 25 32
split_gain=8.28185 20.0256 26.1552 14.7864 17.5466 18.7087 16.7364 15.2349 14.5491 14.068 13.5798 12.4297 19.0405 12.1753
threshold=18.008333333333336 19.041666666666671 291.50000000000006 -30.499999999999996 238.50000000000003 18.500000000000004 0.24165739710789771 28.95401691331924 20.925000000000004 37.445535565000007 6.5000000000000009 121.02299734850835 161.50000000000003 68.500000000000014
decision_type=2 2 2 2 8 10 8 10 2 2 2 10 2 2
left_child=-1 2 13 -3 5 7 8 -5 -6 10 -8 12 -7 -2
right_child=1 3 -4 4 6 11 9 -9 -10 -11 -12 -13 -14 -15
leaf_value=-0.003969809698397081 0.35273280490414721 0.024094612478734644 -0.19572937800418672 -0.40989565278149864 0.99092202839743238 0.30811509944260707 0.0073152385165028023 0.017640741566285527 -0.017359241492813933 0.0016717758492546257 -0.47121352413703854 -0.3125536416588065 -0.26337040651806604 1.4139954404824013
leaf_weight=8374 141 432 84 170 85 122 33 36 44 247 81 77 45 90
leaf_count=8374 141 432 84 170 85 122 33 36 44 247 81 77 45 90
internal_value=-8.64639e-05 0.00183057 0.00863924 0.0002622 -0.0018491 -0.00611973 0.00207739 -0.0127536 0.0113077 -0.00124309 -0.00991304 -0.000489796 0.00410714 0.0138362
internal_weight=10061 1687 315 1372 940 450 490 206 129 361 114 244 167 231
internal_count=10061 1687 315 1372 940 450 490 206 129 361 114 244 167 231
is_linear=0
shrinkage=0.03


Tree=537
num_leaves=15
num_cat=0
split_feature=2 2 0 2 26 25 38 27 32 38 36 16 16 40
split_gain=8.7378 18.5682 13.9451 13.7787 36.2508 21.6806 12.6402 17.0624 12.0538 11.4963 14.5745 17.9332 12.2088 14.359
threshold=18.008333333333336 18.808333333333337 319.50000000000006 17.091666666666672 37.49454149000001 -38.499999999999993 -41.499999999999993 55.642656680000009 68.500000000000014 473.00000000000006 30.036688311688312 18.500000000000004 28.500000000000004 120.50000000000001
decision_type=2 2 2 2 2 2 10 2 2 10 8 10 10 8
left_child=3 2 8 -1 -5 6 -6 -8 -2 10 12 -12 -3 -14
right_child=1 9 -4 4 5 -7 7 -9 -10 -11 11 -13 13 -15
leaf_value=-0.0022483560544991747 0.24349257638749236 -0.035300844476368824 -0.22452199230371092 0.071177038287963013 -1.1205693274508368 -1.5048355561841933 -0.29992448980267439 0.11046305012827694 1.0371629382234742 0.07215049753417474 0.0026102471881929109 0.76401215195969507 1.5668218035532013 -0.057832454349378087
leaf_weight=7764 146 847 58 214 55 97 34 70 73 56 387 50 50 39
leaf_count=7764 146 847 58 214 55 97 34 70 73 56 387 50 50 39
internal_value=-9.05342e-05 0.00186292 0.00895683 -0.000495446 -0.00547771 -0.0130739 -0.0061875 0 0.0124091 0.000482517 -6.55022e-05 0.00445205 -0.00217716 0.00833333
internal_weight=9940 1706 277 8234 470 256 159 104 219 1429 1373 437 936 89
internal_count=9940 1706 277 8234 470 256 159 104 219 1429 1373 437 936 89
is_linear=0
shrinkage=0.03


Tree=538
num_leaves=15
num_cat=0
split_feature=0 12 12 2 25 39 28 26 16 15 39 24 38 0
split_gain=7.46971 18.869 24.3129 15.3342 15.2534 23.003 18.0886 14.7636 19.3235 13.8898 14.9472 17.5211 16.4874 13.8291
threshold=-63.499999999999993 -272.99999999999994 -179.49999999999997 15.508333333333335 -1.4999999999999998 294.15633068184172 0.19755004697550052 37.528475325000009 13.500000000000002 33.005483466000008 134.90842472443336 2.9433181160000004 191.50000000000003 -126.49999999999999
decision_type=2 8 8 2 2 8 2 2 8 8 10 10 10 2
left_child=1 -1 -3 9 5 6 -2 -5 -9 -4 -11 -12 -13 -10
right_child=4 2 3 7 -6 -7 -8 8 13 10 11 12 -14 -15
leaf_value=2.74352610744435 -0.038583163977547574 -0.30407810022868592 -0.52141618757032038 0.94826487383550595 0.0018150478904659728 -0.26071924753761294 0.22097145425852377 -0.76672641969327582 0.59852217675434838 0.17840462121135403 0.23854869030423284 -0.49694922222441473 0.16066469631389263 0.14553627009769585
leaf_weight=37 1606 172 43 49 6681 375 73 36 88 519 60 101 30 173
leaf_count=37 1606 172 43 49 6681 375 73 36 88 519 60 101 30 173
internal_value=-5.07766e-05 0.00206264 0.00143868 0.00308182 -0.000367445 -0.00262774 -0.001125 0.00829971 0.00573826 0.000676393 0.00168776 -0.00546875 -0.0115909 0.00858779
internal_weight=10043 1308 1271 1099 8735 2054 1679 346 297 753 710 191 131 261
internal_count=10043 1308 1271 1099 8735 2054 1679 346 297 753 710 191 131 261
is_linear=0
shrinkage=0.03


Tree=539
num_leaves=15
num_cat=0
split_feature=27 32 9 27 38 21 24 36 17 24 35 37 40 12
split_gain=9.558 14.5256 20.7454 18.0005 15.6359 13.1003 12.7206 11.959 19.5156 12.6077 12.8561 13.6133 12.4394 11.7898
threshold=55.739195915000003 -140.49999999999997 24.959310950450003 55.742540285000011 258.50000000000006 34.050000000000004 0.10256015050000002 19.042923967923972 62.472224500000003 5.0342425785000007 2868.520074141175 -487.84368745282774 265.50000000000006 -90.499999999999986
decision_type=2 2 10 2 10 8 10 8 8 10 10 8 8 8
left_child=-1 6 3 4 -3 -4 -2 8 -8 10 11 -9 -10 -5
right_child=1 2 5 13 -6 -7 7 9 12 -11 -12 -13 -14 -15
leaf_value=-0.0042925881371158421 -0.28998168541951796 1.3522482319088787 -0.67764445759673142 0.55023744972281685 -0.063752995376604241 0.0021034964273461635 -1.0879538598741396 0.047596376050625576 -0.10354451594718402 -0.00084350526549153309 0.60781215260147969 -0.045948991802943692 0.22632854384278686 0.0065688236262974415
leaf_weight=8144 69 102 93 70 32 122 40 46 108 392 54 90 30 628
leaf_count=8144 69 102 93 70 32 122 40 46 108 392 54 90 30 628
internal_value=-1.19749e-05 0.00191795 0.00426527 0.00641056 0.0164444 -0.00402778 -0.00104819 7.88436e-05 -0.00670391 0.00216123 0.00848168 0.00350365 -0.00129496 0.00446352
internal_weight=10020 1876 1047 832 134 215 829 760 178 582 190 136 138 698
internal_count=10020 1876 1047 832 134 215 829 760 178 582 190 136 138 698
is_linear=0
shrinkage=0.03


Tree=540
num_leaves=15
num_cat=0
split_feature=40 40 41 5 0 5 41 40 14 0 25 38 2 38
split_gain=8.13341 10.806 10.2322 9.33612 11.7576 9.04399 16.1332 16.2564 17.2248 13.0293 22.6869 16.1284 15.8376 15.5516
threshold=920.50000000000011 782.50000000000011 535.50000000000011 1.5000000000000002 31.500000000000004 1.5000000000000002 223.50000000000003 22.500000000000004 -34.099999999999987 -48.499999999999993 -143.49999999999997 28.500000000000004 12.508333333333335 102.50000000000001
decision_type=10 10 10 2 2 2 10 8 8 2 2 10 2 8
left_child=1 2 5 -4 -5 6 7 8 -1 10 13 -12 -13 -9
right_child=-2 -3 3 4 -6 -7 -8 9 -10 -11 11 12 -14 -15
leaf_value=-0.19374869872447306 -0.075335765228063983 0.57956399742150311 -0.70580991517734681 0.8712550796251094 -0.098368348578255202 -0.0052395947400210091 0.22573230999215865 -0.74906491105640405 0.17827704320872068 -0.0099877668923798995 0.5957535730792537 0.24285396404547155 -0.54525366803836683 0.13421714574482263
leaf_weight=91 38 33 33 30 66 6268 307 60 957 1765 222 103 57 56
leaf_count=91 38 33 33 30 66 6268 307 60 957 1765 222 103 57 56
internal_value=-0.000172499 -0.000119415 -0.000176717 -0.00853846 -0.00371134 -6.67543e-05 0.00112738 0.000516304 0.00360343 -0.000914311 0.00336673 0.00689295 -0.000372671 -0.00820513
internal_weight=10086 10048 10015 129 96 9886 3618 3311 1048 2263 498 382 160 116
internal_count=10086 10048 10015 129 96 9886 3618 3311 1048 2263 498 382 160 116
is_linear=0
shrinkage=0.03


Tree=541
num_leaves=15
num_cat=0
split_feature=26 9 0 32 3 34 21 24 2 2 27 26 27 6
split_gain=9.85473 18.1686 22.8146 17.4664 19.2724 17.0515 15.5045 15.102 18.8608 54.9373 23.8726 15.1596 14.5592 26.4965
threshold=37.479357640000011 39.01527559118334 63.500000000000007 -510.99999999999994 1.0000000180025095e-35 173.86555305900004 52.500000000000007 16.745393969500004 5.6250000000000009 6.5916666666666677 55.532498135000004 37.41251620500001 55.558450470000004 7.5000000000000009
decision_type=2 10 2 2 2 8 10 8 2 2 2 2 2 2
left_child=1 3 -3 -1 7 -2 -6 8 10 -10 -5 -12 13 -11
right_child=5 2 -4 4 6 -7 -8 -9 9 12 11 -13 -14 -15
leaf_value=-0.10707214016042804 -0.12697629600551649 0.0093218966792537345 -0.20281740192334732 -0.61825830441724117 -7.2292914196665775e-05 -0.0021518654776117941 -0.032769031140157237 -0.37073398336084523 -1.366206411373142 -0.49291236858343701 -0.02870497988347509 0.83749738524049067 0.25620777866037203 0.28601376072117701
leaf_weight=98 94 409 448 33 420 6673 67 80 94 111 40 208 1052 272
leaf_count=98 94 409 448 33 420 6673 67 80 94 111 40 208 1052 272
internal_value=1.48515e-05 0.00135014 -0.00241259 0.00265347 0.00316653 -0.00064273 -0.00215164 0.00453728 0.00510215 0.00378431 0.012234 0.0154217 0.00524373 0.000234375
internal_weight=10099 3332 857 2475 2377 6767 487 1890 1810 1529 281 248 1435 383
internal_count=10099 3332 857 2475 2377 6767 487 1890 1810 1529 281 248 1435 383
is_linear=0
shrinkage=0.03


Tree=542
num_leaves=15
num_cat=0
split_feature=25 27 36 0 2 10 2 27 2 22 26 36 2 18
split_gain=8.06814 16.744 17.2731 17.2178 18.7471 20.7116 21.8846 18.3832 19.8527 17.9726 17.3321 16.8994 17.5639 16.4378
threshold=-1.4999999999999998 55.803551360000007 18.872444722569881 16.500000000000004 15.425000000000002 1.0000000180025095e-35 14.425000000000002 55.632439305000005 11.925000000000002 0.39043445121951226 37.515676915000007 21.117662855162859 12.508333333333335 961.40314317283594
decision_type=2 2 8 2 2 10 2 2 2 10 2 8 2 10
left_child=1 2 -1 4 5 6 10 -7 -9 -5 -4 12 -12 -13
right_child=-2 -3 3 9 -6 7 -8 8 -10 -11 11 13 -14 -15
leaf_value=0.031172246726924226 0.0027472795338453152 2.1056099106228281 0.044056304346521316 -0.58767962069892543 0.057343572947665407 -1.2328453576281637 -0.66126169961478454 0.029886876010722187 0.20274689009996197 -0.14005495815110011 0.025397570507742096 0.0013197093260539816 -0.48527474027519041 -0.66979983326014891
leaf_weight=666 6675 46 392 155 636 31 158 130 64 139 375 103 116 352
leaf_count=666 6675 46 392 155 636 31 158 130 64 139 375 103 116 352
internal_value=1.19534e-05 -0.00118609 -0.00143761 -0.00252262 -0.00166667 -0.00329268 -0.00456914 0.00517699 0.00861538 -0.00935593 -0.00331591 -0.00551214 -0.00164634 -0.00967105
internal_weight=10038 3363 3317 2651 2357 1721 1496 225 194 294 1338 946 491 455
internal_count=10038 3363 3317 2651 2357 1721 1496 225 194 294 1338 946 491 455
is_linear=0
shrinkage=0.03


Tree=543
num_leaves=15
num_cat=0
split_feature=27 2 2 16 35 3 2 6 19 31 41 27 14 39
split_gain=7.9116 19.6961 25.6746 28.5125 20.9184 19.3264 29.1979 25.4996 17.0421 13.7861 12.9169 11.8911 11.6809 18.34
threshold=55.739195915000003 5.9250000000000016 9.5083333333333346 11.500000000000002 1943.1300440477182 1.0000000180025095e-35 20.258333333333336 6.5000000000000009 587.91720561509976 56.500000000000007 80.500000000000014 55.787792490000008 40.500000000000007 57.694749907883342
decision_type=2 2 2 10 10 2 2 2 8 2 10 2 8 10
left_child=-1 10 3 8 9 6 12 -8 11 -4 -2 -3 13 -6
right_child=1 2 4 -5 5 -7 7 -9 -10 -11 -12 -13 -14 -15
leaf_value=-0.0020732866112971441 0.045524473842895458 -0.84893147833496441 -5.634729308489512e-05 0.029490315760903565 1.5561468815919215 -0.00029798771162395241 0.54961926404490691 -0.72518312730602397 0.0036975107411764681 -0.16916023241535583 -0.37944203746276006 -0.15153972086807471 1.7063386683223438 0.17129558107765086
leaf_weight=8139 233 76 268 174 86 339 53 57 36 83 33 92 100 190
leaf_count=8139 233 76 268 174 86 339 53 57 36 83 33 92 100 190
internal_value=0.000123494 0.00191104 0.000617363 -0.00617414 0.00280374 0.00541162 0.00924025 -0.00432432 -0.0137561 -0.00332386 0.0094382 -0.0177515 0.0132095 0.0099639
internal_weight=9959 1820 1554 378 1176 825 486 110 204 351 266 168 376 276
internal_count=9959 1820 1554 378 1176 825 486 110 204 351 266 168 376 276
is_linear=0
shrinkage=0.03


Tree=544
num_leaves=15
num_cat=0
split_feature=38 9 12 38 25 19 24 5 13 8 38 2 36 13
split_gain=9.14266 18.5942 15.0249 17.1406 14.7754 10.5765 9.88262 14.4972 8.45309 19.3186 15.177 18.5916 16.0519 13.8535
threshold=351.50000000000006 16.518114693200005 -24.499999999999996 605.50000000000011 -6.4999999999999991 154.48007494073497 4.1142140790000008 9.5000000000000018 -120.49999999999999 3.5000000000000004 194.50000000000003 14.925000000000002 18.836700064641246 -144.49999999999997
decision_type=10 10 8 10 2 10 10 2 8 2 10 2 8 10
left_child=8 5 3 -3 -4 -2 7 -6 9 10 11 13 -13 -1
right_child=1 2 4 -5 6 -7 -8 -9 -10 -11 -12 12 -14 -15
leaf_value=-0.90687244952919144 -1.211544553309307 0.81687942554549819 -0.49042468369165548 -0.018274462165350017 0.002065087813059553 -0.03082637224672851 0.0221019127152167 -0.1548093305836869 0.0017390948792333778 0.06205106372063568 0.55137017567088153 -1.3080199388789973 0.11481212331363963 -0.14621673674594834
leaf_weight=164 70 55 51 38 56 31 141 31 8838 211 39 35 158 84
leaf_count=164 70 55 51 38 56 31 141 31 8838 211 39 35 158 84
internal_value=-0.000173948 -0.00424051 -0.00112601 0.00925532 -0.00460714 -0.0155882 -0.00131004 -0.00920455 2.83316e-05 -0.00316474 -0.00648649 -0.00807692 -0.00108247 -0.013494
internal_weight=10002 473 372 93 279 101 228 87 9529 691 480 441 193 248
internal_count=10002 473 372 93 279 101 228 87 9529 691 480 441 193 248
is_linear=0
shrinkage=0.03


Tree=545
num_leaves=15
num_cat=0
split_feature=36 14 2 2 36 36 39 9 20 41 27 24 36 22
split_gain=14.543 10.6543 7.42972 15.539 17.6219 11.8143 20.4513 13.2061 17.6939 17.4343 12.0683 11.2826 17.3072 15.2003
threshold=35.739278131634826 -25.499999999999996 22.758333333333336 20.758333333333336 31.80254083484574 18.905505952380956 66.284259284200019 61.85723618867501 13.836910447761197 132.50000000000003 55.642574175000007 8.7657688930000024 27.411993464052291 0.45584415584415588
decision_type=10 8 2 2 10 8 8 10 8 8 2 10 8 10
left_child=2 -2 3 11 5 -5 10 8 -8 -9 -7 -1 13 -13
right_child=1 -3 -4 4 -6 6 7 9 -10 -11 -12 12 -14 -15
leaf_value=-0.011451413913305028 -0.020363880727863375 0.14990464054669539 0.0052897659876066675 -0.53422019851992897 0.03748155493877809 -0.050599326896699881 -0.89177335639014677 0.95725600899070762 -0.009024083568049528 -0.031914965481760475 0.32316667419208456 0.023619101722825685 -0.0035722503563506485 0.23151762662046568
leaf_weight=5927 36 159 208 91 37 68 51 31 214 75 60 1596 1074 350
leaf_count=5927 36 159 208 91 37 68 51 31 214 75 60 1596 1074 350
internal_value=2.10463e-05 0.00811224 -0.000141061 -0.000263185 -0.00482484 -0.00609137 -0.00426 -0.00782258 -0.011391 0.0011215 0.00604651 5.6996e-05 0.00154916 0.00323575
internal_weight=9977 195 9782 9574 627 590 499 371 265 106 128 8947 3020 1946
internal_count=9977 195 9782 9574 627 590 499 371 265 106 128 8947 3020 1946
is_linear=0
shrinkage=0.03


Tree=546
num_leaves=15
num_cat=0
split_feature=0 31 39 36 16 16 34 22 36 25 37 26 2 40
split_gain=9.90723 14.7899 14.3018 33.2529 19.4868 18.1817 13.0804 12.8285 18.7902 14.7963 13.1943 23.3838 24.2861 27.2682
threshold=16.500000000000004 47.500000000000007 55.119059391266674 16.901720430107531 22.500000000000004 27.500000000000004 190.06170640000002 0.95505050505050526 16.587977296181634 393.50000000000006 17.116539529323749 37.628237190000007 18.525000000000002 -149.49999999999997
decision_type=2 2 8 8 10 10 8 10 10 2 10 2 2 10
left_child=-1 -2 3 -3 6 7 -5 8 -4 10 -10 12 -12 -14
right_child=1 2 5 4 -6 -7 -8 -9 9 -11 11 -13 13 -15
leaf_value=0.0033718202843999773 -0.10947005194351447 0.61595969127074135 -0.16103927143805719 0.39340877263730584 -1.2199972839576003 1.3512209320396475 -0.1460446484968822 0.073773913170555039 -0.014556268293379162 -0.42170716110698181 0.10446420500501905 0.387311622241442 0.038263014111373367 -0.62680521746480067
leaf_weight=4789 1427 63 310 44 88 80 294 286 1291 63 714 321 130 131
leaf_count=4789 1427 63 310 44 88 80 294 286 1291 63 714 321 130 131
internal_value=-2.99043e-06 -0.000904063 7.07547e-05 -0.00471429 -0.00772834 0.000775473 -0.00442478 0.000425008 -0.000162107 0.000656356 0.0010085 0.00314572 0.000829918 -0.00698473
internal_weight=10031 5242 3815 489 426 3326 338 3246 2960 2650 2587 1296 975 261
internal_count=10031 5242 3815 489 426 3326 338 3246 2960 2650 2587 1296 975 261
is_linear=0
shrinkage=0.03


Tree=547
num_leaves=15
num_cat=0
split_feature=2 26 37 32 24 30 32 9 39 12 31 15 8 39
split_gain=10.2421 20.5753 20.5611 9.93418 16.4114 9.81235 14.4151 9.46943 9.27421 23.0815 26.7179 17.8459 16.1796 14.1436
threshold=3.0750000000000006 37.771184645000005 -17.978630407406111 35.500000000000007 6.0054834660000003 330.00000000000006 -1.0000000180025095e-35 13.015275591183334 294.57299734850841 -38.499999999999993 10.500000000000002 157.00548346600002 3.5000000000000004 260.97497828537507
decision_type=2 2 8 2 8 2 2 8 10 8 2 8 2 10
left_child=1 2 -1 4 -4 6 -6 -8 13 -10 -11 12 -12 -2
right_child=8 -3 3 -5 5 -7 7 -9 9 10 11 -13 -14 -15
leaf_value=-0.47472427349972224 0.0013278386804724106 1.758314170640856 0.068721131600815819 -0.4636057544910015 -0.081748947829836355 0.037526012768688978 -0.011864947673453394 0.011759042907341656 0.10038787289520999 -0.95043223753897577 -0.92452355480727466 0.079060458835951947 -0.011344471695557842 0.079055725621318809
leaf_weight=120 8905 33 53 56 105 53 31 79 116 105 46 78 73 289
leaf_count=120 8905 33 53 56 105 53 31 79 116 105 46 78 73 289
internal_value=-1.18308e-05 -0.0040678 -0.00560241 -0.00214286 -9.31677e-05 -0.00312268 -0.00597222 0.00162162 0.000212213 -0.00415274 -0.00851485 -0.0019697 -0.00925 0.000411093
internal_weight=10142 530 497 377 321 268 215 110 9612 418 302 197 119 9194
internal_count=10142 530 497 377 321 268 215 110 9612 418 302 197 119 9194
is_linear=0
shrinkage=0.03


Tree=548
num_leaves=15
num_cat=0
split_feature=38 15 27 38 24 10 19 6 38 32 9 9 26 37
split_gain=12.0299 24.8938 17.2705 14.8305 20.9284 14.4598 10.6932 15.014 12.1989 10.4281 10.0847 20.8918 19.7419 19.0639
threshold=351.50000000000006 1429.0000000000002 55.558450470000004 431.00000000000006 4.0054834660000003 1.0000000180025095e-35 2140.5165656472773 7.5000000000000009 251.50000000000003 -19.499999999999996 131.9144258843167 105.27405233450834 37.770227120000008 -68.703171226938125
decision_type=10 10 2 10 10 10 8 2 8 2 8 10 2 8
left_child=6 2 -2 5 -5 -4 10 -8 -9 -6 11 -1 -12 -13
right_child=1 -3 3 4 9 -7 7 8 -10 -11 12 13 -14 -15
leaf_value=0.00022809366147272117 1.4312289827336533 -1.3971067519492655 -0.75618350349689223 -0.049762061828234075 0.32627191227124719 0.021439944430952724 0.015614180335177459 0.043124853458203057 -0.0024764237095580917 -0.017469479697235214 -0.1002469275042764 0.98040935071338564 0.61038181286800997 -0.0016462407936421641
leaf_weight=8513 30 49 116 113 80 40 338 45 193 51 274 85 30 71
leaf_count=8513 30 49 116 113 80 40 338 45 193 51 274 85 30 71
internal_value=7.17918e-05 -0.0045625 -0.00222738 -0.00389027 0.000734694 -0.0110828 0.000304712 0.00426343 -0.00150628 0.00886364 5.01449e-05 0.000238754 -0.00531148 0.0110828
internal_weight=10028 479 430 400 244 156 9549 576 238 131 8973 8669 304 156
internal_count=10028 479 430 400 244 156 9549 576 238 131 8973 8669 304 156
is_linear=0
shrinkage=0.03


Tree=549
num_leaves=15
num_cat=0
split_feature=19 6 15 20 40 15 5 2 26 37 0 24 2 2
split_gain=12.8307 14.2216 14.3618 13.6338 12.798 12.3781 10.0648 9.40652 18.5433 15.8883 12.9419 21.1147 8.99661 20.3012
threshold=2140.5165656472773 3.5000000000000004 518.50000000000011 1.2760262725779969 74.500000000000014 51.005483466000008 1.5000000000000002 3.0750000000000006 37.711056200000009 -17.978630407406111 45.500000000000007 7.9433181160000013 5.2750000000000012 4.6083333333333343
decision_type=8 2 10 10 10 8 2 2 2 8 2 10 2 2
left_child=1 2 5 -2 -4 -1 -7 8 9 -3 11 -11 13 -9
right_child=3 7 4 -5 -6 6 -8 12 -10 10 -12 -13 -14 -15
leaf_value=0.53797923209444765 0.0022899110203470781 -0.75839386980387602 0.11872308456914787 0.26918427873308159 -0.10142007446278356 0.0045719900864946792 -0.096793629630460384 -0.00084454168722123313 0.33542002204669558 0.15591024475174151 -0.68884249440914858 -0.017513458167478946 -0.0011890803101412622 0.56447147535737707
leaf_weight=36 626 79 90 47 50 90 373 632 41 53 47 100 7402 340
leaf_count=36 626 79 90 47 50 90 373 632 41 53 47 100 7402 340
internal_value=-3.59748e-05 -0.00032462 -0.00464062 0.00396142 0.00382979 -0.00702 -0.00834052 -6.90052e-06 -0.00504673 -0.00782143 -0.00328358 0.000974026 0.000186269 0.00289825
internal_weight=10006 9333 639 673 140 499 463 8694 320 279 200 153 8374 972
internal_count=10006 9333 639 673 140 499 463 8694 320 279 200 153 8374 972
is_linear=0
shrinkage=0.03


Tree=550
num_leaves=15
num_cat=0
split_feature=5 2 20 39 34 30 2 19 12 37 5 18 34 39
split_gain=8.97026 25.2753 18.7048 17.3721 18.6173 15.6329 25.4792 20.0545 23.8072 18.3201 17.2951 15.1921 14.5285 12.8992
threshold=21.000000000000004 10.141666666666667 13.888194444444446 54.142450051641674 762.33320305000007 570.00000000000011 5.9250000000000016 120.07042142410546 -27.499999999999996 -632.16731766229225 1.5000000000000002 1051.9977770418102 3707.0000000000005 76.675000000000026
decision_type=2 2 8 10 10 2 2 10 10 10 2 10 10 8
left_child=5 3 -3 4 -2 12 -7 8 11 10 -9 -8 13 -1
right_child=1 2 -4 -5 -6 6 7 9 -10 -11 -12 -13 -14 -15
leaf_value=0.044066787653749058 0.2592112377939807 0.0061643801983576902 -0.11811967383269398 0.3174529373469111 -0.062310015164762138 0.1055250003437348 0.033769251579071589 0.057553261920753017 -0.24850008925149891 0.09095376962069196 -0.39917572724521888 -0.27536039945091301 1.4500695052444492 -0.0024632178505969242
leaf_weight=2615 53 161 31 63 34 139 182 89 397 227 113 134 41 5754
leaf_count=2615 53 161 31 63 34 139 182 89 397 227 113 134 41 5754
internal_value=-4.48475e-05 0.00472303 -0.00248705 0.0139073 0.00511364 -0.000213578 -0.00329953 -0.0047769 -0.00785714 0.000348837 -0.0062069 -0.00170347 0.000256807 0.000168459
internal_weight=10033 342 192 150 87 9691 1281 1142 713 429 202 316 8410 8369
internal_count=10033 342 192 150 87 9691 1281 1142 713 429 202 316 8410 8369
is_linear=0
shrinkage=0.03


Tree=551
num_leaves=15
num_cat=0
split_feature=40 27 0 38 14 26 36 9 4 40 0 2 2 18
split_gain=10.7486 9.14307 13.8867 25.8442 16.2308 19.0638 16.0931 14.0251 21.1481 18.4562 16.8925 35.0628 27.783 21.0767
threshold=824.00000000000011 55.688671190000008 5.5000000000000009 -188.49999999999997 44.899999999999999 37.462456390000007 18.305692803437172 36.569842776241671 1.0000000180025095e-35 265.50000000000006 75.500000000000014 9.2750000000000021 15.841666666666669 995.50896531484545
decision_type=10 2 2 8 10 2 8 10 2 10 2 2 2 10
left_child=1 -1 6 -4 7 -6 -3 10 9 -9 11 -5 13 -13
right_child=-2 2 3 4 5 -7 -8 8 -10 -11 -12 12 -14 -15
leaf_value=-0.0075487037324079151 0.077049401603615453 0.46900161395491347 0.6393795100436177 -0.65190984589755163 0.6730584285735961 -0.080698931742902644 0.0044607057083123087 -0.25036546901724366 0.061184137356262762 0.18230894724637306 0.022860329139160633 -0.071699187493253547 -0.397645467858872 0.54951923110061218
leaf_weight=5901 52 140 90 221 116 45 1750 430 72 41 848 43 154 144
leaf_count=5901 52 140 90 221 116 45 1750 430 72 41 848 43 154 144
internal_value=0.00011047 3.90156e-05 0.00112821 -0.000489796 -0.00116312 0.00796296 0.00301428 -0.00191914 -0.00601103 -0.00832627 -0.000340184 -0.00436945 0.00166667 0.00941489
internal_weight=10047 9995 4094 2204 2114 161 1890 1953 543 471 1410 562 341 187
internal_count=10047 9995 4094 2204 2114 161 1890 1953 543 471 1410 562 341 187
is_linear=0
shrinkage=0.03


Tree=552
num_leaves=15
num_cat=0
split_feature=27 0 26 14 2 34 2 0 2 38 16 23 13 0
split_gain=8.06953 8.12398 7.16094 11.4012 11.6634 10.1404 6.90345 8.50694 7.26621 16.1418 18.039 16.0216 19.2407 14.2204
threshold=55.520169965000008 31.500000000000004 37.858991355000008 -20.999999999999989 6.8416666666666677 6243.902672952001 22.758333333333336 88.500000000000014 20.925000000000004 -27.499999999999996 20.500000000000004 0.90029239766081881 27.500000000000004 7.5000000000000009
decision_type=2 2 2 8 2 8 2 2 2 10 8 2 8 2
left_child=1 -1 6 -4 -5 -6 8 -8 -2 -10 13 -12 -13 -11
right_child=2 -3 3 4 5 -7 7 -9 9 10 11 12 -14 -15
leaf_value=2.199124679245966 -0.0022563732449026874 -7.7557425454379819e-05 -0.14028617921747322 0.87513099694970353 -0.013225108978404022 0.59844057983443644 0.004830850177271204 -0.34047595475902348 0.00067206298452050859 -0.011370612376518454 -0.87929369608264285 0.50800408347477677 -0.037108101697348128 -0.91029036216967119
leaf_weight=42 8869 39 30 44 82 50 183 30 267 56 44 40 93 88
leaf_count=42 8869 39 30 44 82 50 183 30 267 56 44 40 93 88
internal_value=-0.000225949 0.00914634 -0.000303736 0.00521739 0.00813559 0.00360902 -0.00042188 0.00490654 -0.000542398 -0.0037691 -0.00829193 -0.00185393 0.00335821 -0.0161379
internal_weight=9957 81 9876 206 176 132 9670 213 9457 588 321 177 133 144
internal_count=9957 81 9876 206 176 132 9670 213 9457 588 321 177 133 144
is_linear=0
shrinkage=0.03


Tree=553
num_leaves=15
num_cat=0
split_feature=2 37 14 12 13 36 38 37 17 19 40 39 5 12
split_gain=8.6707 11.3255 18.5319 15.8393 13.1933 8.71836 10.9302 10.2102 9.4842 9.05624 9.22503 18.348 15.17 15.8079
threshold=0.25833333333333336 634.52649226592962 -12.149999999999999 56.500000000000007 83.500000000000014 35.739278131634826 53.500000000000007 -180.69519095234244 -662.44134299999985 3.7553596377851299 22.500000000000004 26.148098799708336 1.5000000000000002 124.50000000000001
decision_type=2 10 8 8 8 10 10 8 10 10 8 10 2 10
left_child=-1 5 -3 -4 -5 9 7 8 -7 -2 11 -11 -13 -14
right_child=1 2 3 4 -6 6 -8 -9 -10 10 -12 12 13 -15
leaf_value=-0.025098152020350827 0.0038025588853499628 -0.1065988368033662 1.2987199773187974 -0.10386198651364781 0.042457443121279331 -0.047280239069301004 1.6181955889068456 0.138338968905237 0.044429963282461814 0.97280090086518833 -0.011355723678943509 0.12681011053724603 0.0063506241200499145 -0.10828721677481652
leaf_weight=44 486 36 68 38 83 40 32 68 44 55 5851 1079 1553 564
leaf_count=44 486 36 68 38 83 40 32 68 44 55 5851 1079 1553 564
internal_value=-0.000194184 -0.000135027 0.00650442 0.0102632 0.00368852 -0.00028855 0.00616216 0.0027451 -0.00423529 -0.000412973 -0.000626167 0.000654982 0.000356584 -0.00111898
internal_weight=10041 9997 225 189 121 9772 184 152 84 9588 9102 3251 3196 2117
internal_count=10041 9997 225 189 121 9772 184 152 84 9588 9102 3251 3196 2117
is_linear=0
shrinkage=0.03


Tree=554
num_leaves=15
num_cat=0
split_feature=0 25 2 8 39 2 20 25 27 18 39 15 6 5
split_gain=8.36878 16.1405 18.3183 20.6384 15.3294 11.8524 14.1616 9.65509 9.30207 10.8242 10.1281 8.85242 7.90701 10.0333
threshold=-119.49999999999999 -107.74999999999999 15.591666666666669 4.5000000000000009 121.02299734850835 17.008333333333336 13.251760563380284 -143.49999999999997 55.684266990000005 1208.1305659597178 122.51666666666668 105.00548346600002 10.500000000000002 1.5000000000000002
decision_type=2 2 2 2 8 2 10 2 2 10 8 8 2 2
left_child=1 2 3 7 -5 -4 -7 8 9 -1 -11 -9 -2 -14
right_child=12 -3 5 4 -6 6 -8 11 -10 10 -12 -13 13 -15
leaf_value=-0.71407844932683273 -0.0024857115139078029 1.2495935735302623 1.6125410434600835 -0.025392480842821214 0.73402288393235382 1.0895537263268513 -0.044595908676081562 0.3967533221427304 -0.30897576040087327 0.65250645697099008 -0.10774294171561023 -0.19590884912734127 0.0018927972236723069 0.066376901973764516
leaf_weight=45 9272 64 31 43 45 41 57 48 68 30 55 32 110 52
leaf_count=45 9272 64 31 43 45 41 57 48 68 30 55 32 110 52
internal_value=-8.10486e-05 0.00348214 0.00163306 -0.00179837 0.0107865 0.0113077 0.00606061 -0.00580645 -0.00934673 -0.00458015 0.00174419 0.00296296 -0.000292528 0.00625767
internal_weight=9993 559 495 366 88 129 98 278 198 130 85 80 9434 162
internal_count=9993 559 495 366 88 129 98 278 198 130 85 80 9434 162
is_linear=0
shrinkage=0.03


Tree=555
num_leaves=15
num_cat=0
split_feature=0 12 37 14 0 26 39 34 36 13 12 2 16 20
split_gain=10.0165 25.5183 20.9139 27.9531 17.9104 17.8862 14.7509 13.6256 16.447 20.1073 17.3005 17.9039 15.4095 26.4928
threshold=42.500000000000007 47.500000000000007 156.93581538553192 -7.0000000000000027 58.500000000000007 37.290548435000012 77.518621057533338 4131.5586570270016 15.177865612648224 79.500000000000014 234.50000000000003 16.425000000000004 14.500000000000002 19.703935185185191
decision_type=2 8 10 10 2 2 8 10 10 8 8 2 10 10
left_child=-1 2 3 4 -2 -3 -6 8 9 -7 -11 -12 -10 -14
right_child=1 5 -4 -5 6 7 -8 -9 12 10 11 -13 13 -15
leaf_value=0.0033441876041930222 -0.22559184005593969 -0.57369749834007344 0.1773226130821145 -0.53099418561630751 0.31599688924547087 0.30709680984487769 -0.10375617728859036 0.93585043427469028 0.076469121694025047 -1.4745579053195554 -0.36405428843962234 0.032221495633761685 -0.045830358500451591 0.15542542798515213
leaf_weight=5664 113 44 157 360 123 84 138 40 960 42 104 96 1773 406
leaf_count=5664 113 44 157 360 123 84 138 40 960 42 104 96 1773 406
internal_value=5.34389e-05 -0.00101329 -0.00554933 -0.00767347 -0.00192 0.000126761 0.00240458 0.000367941 0.000164455 -0.00623853 -0.0106173 -0.00686567 0.00083121 -0.00056422
internal_weight=10104 4440 891 734 374 3549 261 3505 3465 326 242 200 3139 2179
internal_count=10104 4440 891 734 374 3549 261 3505 3465 326 242 200 3139 2179
is_linear=0
shrinkage=0.03


Tree=556
num_leaves=15
num_cat=0
split_feature=24 36 0 19 21 38 31 16 20 23 40 2 0 12
split_gain=8.13585 14.0548 20.3824 14.2485 20.0721 19.131 19.354 16.9967 20.8275 14.0231 14.0083 13.3431 17.2265 32.9236
threshold=8.7657688930000024 22.990731292517008 282.50000000000006 121.05494382940488 10.450000000000001 324.50000000000006 23.500000000000004 13.500000000000002 11.872282608695654 0.87742581695254807 -13.499999999999998 18.008333333333336 93.500000000000014 102.50000000000001
decision_type=8 8 2 10 10 8 2 10 10 2 8 2 2 8
left_child=11 2 3 5 -5 7 -7 -2 -9 -6 -3 -1 -13 -14
right_child=1 10 -4 4 9 6 -8 8 -10 -11 -12 12 13 -15
leaf_value=-0.018785519573825498 0.3712399274694928 -0.098191877432010188 -0.3833453470857896 0.69620052679870803 -0.034712233169439555 -0.58476193168812718 0.011570710488485502 0.20050938697045995 -0.099115997581395304 0.45229235370938198 0.00055631552968193605 0.048754090897807183 -0.9466080144185044 0.025953045432851613
leaf_weight=5424 146 238 92 192 135 72 75 335 366 188 1717 550 98 442
leaf_count=5424 146 238 92 192 135 72 75 335 366 188 1717 550 98 442
internal_value=7.74501e-05 0.00123137 0.00331461 0.00415232 0.00819767 0.00205025 -0.00790541 0.00378538 0.00183761 0.00361111 -0.00047546 -0.000552571 0.00247479 -0.00133087
internal_weight=10070 3556 1601 1509 515 994 147 847 701 323 1955 6514 1090 540
internal_count=10070 3556 1601 1509 515 994 147 847 701 323 1955 6514 1090 540
is_linear=0
shrinkage=0.03


Tree=557
num_leaves=15
num_cat=0
split_feature=28 27 32 27 18 2 41 39 9 14 14 12 27 2
split_gain=7.1212 8.02498 12.3251 20.0747 13.9965 14.2613 22.9165 13.3964 12.8994 13.5992 12.2864 11.2414 10.595 15.3492
threshold=0.63632837750484816 55.73777608000001 -122.49999999999999 55.743665670000006 2191.3914303377846 11.758333333333335 37.500000000000007 62.134116718308341 24.959310950450003 28.400000000000006 2.5500000000000029 -20.499999999999996 55.62614872000001 1.6583333333333334
decision_type=2 2 2 2 8 2 8 10 8 8 10 10 2 2
left_child=1 12 -3 7 5 -5 -7 -4 -6 -10 -9 -8 -1 -14
right_child=-2 2 3 4 8 6 11 10 9 -11 -12 -13 13 -15
leaf_value=0.022120904611520956 -0.060664494880604151 -0.002825285301185222 1.1842351732063241 -0.25740197724572145 0.019620462925106177 0.56995242567347204 0.2169476883313409 0.29120168258553725 -0.26745599658797964 0.0013475231160251561 -0.27363069151980446 -0.074442750899947924 -1.7084767360032955 -0.0062619441222971067
leaf_weight=1735 36 844 133 94 410 32 39 46 65 115 46 54 34 6372
leaf_count=1735 36 844 133 94 410 32 39 46 65 115 46 54 34 6372
internal_value=0.000164081 0.000212575 0.00197978 0.00417391 0.00196296 -0.0045 0.00214286 0.0120796 0.00436548 -0.00232044 0.00322581 -0.00542553 -0.000195284 -0.000758545
internal_weight=10055 10019 1878 1034 809 219 125 225 590 180 92 93 8141 6406
internal_count=10055 10019 1878 1034 809 219 125 225 590 180 92 93 8141 6406
is_linear=0
shrinkage=0.03


Tree=558
num_leaves=15
num_cat=0
split_feature=19 2 26 22 6 18 2 27 5 23 36 26 27 27
split_gain=7.62174 15.1189 14.874 15.5246 13.9582 13.5649 13.1161 12.2338 12.2243 11.1677 10.9445 16.3729 11.4538 10.7443
threshold=2140.5165656472773 3.0750000000000006 37.744189115000005 0.046886446886446893 7.5000000000000009 781.20377776246312 10.141666666666667 55.650468480000008 47.500000000000007 0.97507763975155293 15.592977190876352 37.411881995000009 55.633134370000008 55.800037160000009
decision_type=8 2 2 8 2 8 2 2 2 2 10 2 2 2
left_child=1 2 3 -1 5 6 -2 -8 -3 -9 11 -5 -12 -7
right_child=4 8 -4 10 -6 13 7 9 -10 -11 12 -13 -14 -15
leaf_value=0.045741440656263017 0.018469839172300551 0.00098514783287988899 1.696381904351105 -0.038317593734762824 -0.0017831057494592283 0.032857741335984222 -0.51684918163749816 0.025535477664360363 -0.22144044296843729 -0.011904491963352583 -0.034907858266015779 0.15404479065616433 -0.30534676170505648 -0.00082036322365462613
leaf_weight=38 100 8925 32 48 264 137 35 38 32 64 55 36 125 36
leaf_count=38 100 8925 32 48 264 137 35 38 32 64 55 36 125 36
internal_value=3.31126e-05 -0.000190486 -0.00644776 -0.00851485 0.00311111 0.00656934 0.00189076 -0.00413043 4.35365e-05 0.00116505 -0.0110943 -0.00211765 -0.0152486 0.012931
internal_weight=9965 9291 334 302 674 410 237 137 8957 102 264 84 180 173
internal_count=9965 9291 334 302 674 410 237 137 8957 102 264 84 180 173
is_linear=0
shrinkage=0.03


Tree=559
num_leaves=15
num_cat=0
split_feature=26 2 2 40 20 37 35 19 27 23 0 23 35 36
split_gain=9.21226 25.0957 24.3648 21.3465 16.497 16.3761 11.2023 11.154 13.008 10.8976 10.513 25.0803 16.6773 16.2367
threshold=37.81759447000001 3.1750000000000003 17.758333333333336 -61.499999999999993 16.38713813068652 -178.22442543971138 720.00074617434927 23.310233027460843 55.743955600000007 0.91610647417099045 285.50000000000006 0.93688952110004753 2700.0830686966979 29.023548709171305
decision_type=2 2 2 8 10 8 10 8 2 2 2 2 10 10
left_child=10 -2 3 9 5 6 -5 -7 -9 -3 -1 12 -12 -14
right_child=1 2 -4 4 -6 7 -8 8 -10 -11 11 -13 13 -15
leaf_value=0.0003213651824648747 3.3785617130275449 1.0349178836626372 0.19783312312476994 -0.012640489335658599 -0.67022064844681328 -0.6380681075531387 1.0076848515572618 -0.11716890734014754 0.11835093277524726 -0.091715187712972546 -1.7695282763823377 0.42416044992872376 -0.17597242589369444 0.079293914739264712
leaf_weight=9003 32 53 129 30 88 31 51 102 62 30 57 95 317 69
leaf_count=9003 32 53 129 30 88 31 51 102 62 30 57 95 317 69
internal_value=6.79803e-05 0.00364532 0.00218371 -0.00113839 -0.00427397 -0.000649819 0.0106098 -0.00535714 -0.00218182 0.0125 -0.000160344 -0.00423006 -0.00722973 -0.00496124
internal_weight=10149 608 576 447 364 276 81 195 164 83 9541 538 443 386
internal_count=10149 608 576 447 364 276 81 195 164 83 9541 538 443 386
is_linear=0
shrinkage=0.03


Tree=560
num_leaves=15
num_cat=0
split_feature=18 32 35 6 39 39 38 9 24 35 37 26 22 36
split_gain=9.61956 19.9539 12.8439 12.8296 13.8261 20.8465 14.2788 13.9702 14.4042 12.2474 19.3155 13.9973 12.1211 10.9894
threshold=4922.3966136636755 -335.49999999999994 14074.030458411775 8.5000000000000018 98.550998885008354 77.075000000000003 69.500000000000014 86.041758057766671 7.0054834660000003 3692.5356294229491 196.02711433296977 37.47437934500001 0.1908263305322129 15.002564102564106
decision_type=10 2 10 2 10 10 10 8 10 10 8 2 8 8
left_child=3 -2 -3 13 5 7 -7 8 -5 11 -11 -6 -10 -1
right_child=1 2 -4 4 9 6 -8 -9 12 10 -12 -13 -14 -15
leaf_value=-0.20421307767084654 0.13871169520807769 0.011318906518262704 -0.015784899431276422 -0.01406842077822144 0.81635215930532345 0.0029856147467569373 -0.5419813792812701 -0.34737255491471947 0.72292030911140281 -0.35520047366864627 0.1507326991484805 0.13132970258839957 0.040734448130683068 -0.0058395627169952032
leaf_weight=212 43 902 113 642 64 44 59 40 69 115 60 507 330 6863
leaf_count=212 43 902 113 642 64 44 59 40 69 115 60 507 330 6863
internal_value=1.49046e-05 0.00271955 0.00186024 -0.000303131 0.00186432 -0.000151899 -0.0129808 0.00108133 0.00175624 0.00506024 -0.001875 0.00718531 0.006225 -0.000894573
internal_weight=10063 1058 1015 9005 1930 1184 103 1081 1041 746 175 571 399 7075
internal_count=10063 1058 1015 9005 1930 1184 103 1081 1041 746 175 571 399 7075
is_linear=0
shrinkage=0.03


Tree=561
num_leaves=15
num_cat=0
split_feature=23 16 26 32 2 39 39 16 23 26 1 35 22 9
split_gain=6.01235 17.0824 21.2387 21.3449 24.1884 18.3149 17.003 16.0624 15.7029 15.6849 15.0909 14.6993 14.5604 17.8491
threshold=0.89668856048166401 15.500000000000002 37.721194170000011 -1.4999999999999998 16.675000000000004 65.562394191666684 100.04166666666667 27.500000000000004 0.87464285714285728 37.81759447000001 12.771758666666669 2153.8775443500222 0.34021276595744687 42.01527559118334
decision_type=2 8 2 2 2 8 8 10 2 2 2 10 10 10
left_child=1 6 3 4 10 -4 9 -7 -9 -1 12 -10 13 -3
right_child=-2 2 5 -5 -6 7 -8 8 11 -11 -12 -13 -14 -15
leaf_value=-0.072518035577304504 0.0040289102767625097 -0.29055070470594829 0.530307363934715 0.0033974250805756767 0.083451532066933759 -0.3514535030261724 0.015232114024383563 1.0225126260203898 -0.92206990794264532 0.23245936237167925 0.051979836770980101 0.58623268404010198 -0.71490770317134078 -0.00035205205552939374
leaf_weight=212 6006 276 52 1065 177 368 1294 36 57 33 96 32 136 243
leaf_count=212 6006 276 52 1065 177 368 1294 36 57 33 96 32 136 243
internal_value=-0.000104125 -0.000993134 -0.00250492 -0.0010682 -0.00439182 -0.00774725 0.0015 -0.00953441 -0.000238095 -0.00573171 -0.00674202 -0.007 -0.0083689 -0.00605769
internal_weight=10083 4077 2538 1993 928 545 1539 493 125 245 751 89 655 519
internal_count=10083 4077 2538 1993 928 545 1539 493 125 245 751 89 655 519
is_linear=0
shrinkage=0.03


Tree=562
num_leaves=15
num_cat=0
split_feature=9 41 28 13 37 2 2 13 5 19 20 35 38 9
split_gain=9.38225 16.6734 14.9912 11.7643 22.6754 12.7315 13.1524 10.3004 7.84784 13.6892 15.0451 13.472 22.2002 17.6218
threshold=2.0152755911833338 -22.499999999999996 0.026896812108079718 47.500000000000007 -51.921490928277983 7.1750000000000016 14.341666666666669 65.500000000000014 1.5000000000000002 2140.5165656472773 9.9366596638655498 1335.0363272231423 -57.499999999999993 91.041758057766671
decision_type=8 8 2 8 10 2 2 10 2 8 8 10 8 8
left_child=1 -1 3 -3 5 -5 -7 -8 -2 10 11 12 -10 -13
right_child=8 2 -4 4 -6 6 7 -9 9 -11 -12 13 -14 -15
leaf_value=0.49658771085259173 0.0048520161073114564 -0.088710438708996781 -0.078968827866675306 -0.14097366963865038 0.76893369451873428 0.26432548220713031 0.033324554120501275 -0.20782518046642712 -0.74686591776306488 0.0050221793890054831 -0.0038378447786687037 -0.14008982997789163 0.01423360731956734 -0.38949866526842292
leaf_weight=86 3479 128 42 54 107 43 38 30 40 448 4314 773 364 135
leaf_count=86 3479 128 42 54 107 43 38 30 40 448 4314 773 364 135
internal_value=-3.27316e-05 0.00385633 0.00148984 0.00329177 0.00681319 -0.000180723 0.005625 -0.0026087 -0.000248064 -0.000898765 -0.00130087 -0.00411272 0.000444444 -0.00613861
internal_weight=10081 528 442 400 272 165 111 68 9553 6074 5626 1312 404 908
internal_count=10081 528 442 400 272 165 111 68 9553 6074 5626 1312 404 908
is_linear=0
shrinkage=0.03


Tree=563
num_leaves=15
num_cat=0
split_feature=19 38 34 39 6 39 2 0 2 39 16 40 36 8
split_gain=8.58514 15.7299 15.6151 14.7023 11.9943 22.1612 23.1715 30.2276 19.4097 18.2632 24.6609 21.6531 17.5135 16.5047
threshold=2140.5165656472773 261.50000000000006 1219.0287591125002 158.63342472443335 7.5000000000000009 100.63101913500002 20.258333333333336 99.500000000000014 22.008333333333336 150.20833333333334 12.500000000000002 88.500000000000014 30.11459114778695 3.5000000000000004
decision_type=8 8 10 10 2 10 2 2 2 10 8 8 8 2
left_child=4 2 -2 -3 13 -6 9 8 -8 10 12 -11 -7 -1
right_child=1 3 -4 -5 5 6 7 -9 -10 11 -12 -13 -14 -15
leaf_value=-0.08590611048008405 0.10844519628147296 0.0019059849184440236 0.021433750747242471 -0.020951126677126675 -0.0032294182360942079 0.75845396371912055 -0.060696369204773198 -1.2715078452646451 0.1022478560757266 -0.18250024951455768 0.062287203389491508 0.1901930235662751 -0.032988377902183924 0.0024975901342676183
leaf_weight=1852 75 437 79 67 2947 283 131 41 68 293 625 236 31 2858
leaf_count=1852 75 437 79 67 2947 283 131 41 68 293 625 236 31 2858
internal_value=0.000332203 0.00364188 0.012 0.00106931 9.92953e-05 0.00117912 0.00389702 -0.00473029 0.00015 0.00530973 0.00781915 0.000849057 0.0146667 -0.000967947
internal_weight=10023 658 154 504 9365 4655 1708 240 199 1468 939 529 314 4710
internal_count=10023 658 154 504 9365 4655 1708 240 199 1468 939 529 314 4710
is_linear=0
shrinkage=0.03


Tree=564
num_leaves=15
num_cat=0
split_feature=18 32 26 36 14 9 37 21 18 16 36 37 38 38
split_gain=10.4783 19.1182 12.6215 17.9086 16.5143 15.9101 14.3921 12.729 11.0124 15.181 19.2237 18.2143 23.193 18.4719
threshold=5279.6135619266743 -335.49999999999994 37.408023620000009 32.991576819407015 3.3999999999999919 4.9593109504500008 223.17328854550348 7.9500000000000011 2416.8697342295809 14.500000000000002 18.156556372549023 -14.677481572167947 160.50000000000003 304.50000000000006
decision_type=10 2 2 10 10 10 8 10 10 10 10 10 8 10
left_child=8 -2 7 4 5 -4 -7 -3 -1 -10 -11 13 -13 -12
right_child=1 2 3 -5 -6 6 -8 -9 9 10 11 12 -14 -15
leaf_value=0.0016474849097700428 0.48326302023977658 -0.15657745165801101 0.23537376478602295 0.61353147785227058 0.24977968492309058 -0.14700228174255289 -0.002822835219152834 -1.1765032122305768e-05 0.0036692712316500216 -0.63500827529589443 -0.33052335852929204 0.057840269657763448 -0.24219880587879064 0.88324464343735942
leaf_weight=6122 46 50 48 43 138 34 359 132 1399 183 594 597 312 33
leaf_count=6122 46 50 48 43 138 34 359 132 1399 183 594 597 312 33
internal_value=-8.32425e-05 0.00310223 0.00201242 0.00404494 0.00263793 -0.00020362 -0.00220812 -0.00491803 -0.000376583 -0.00182751 -0.00371512 -0.00261548 9.89011e-05 -0.00654459
internal_weight=10090 850 804 622 579 441 393 182 9240 3118 1719 1536 909 627
internal_count=10090 850 804 622 579 441 393 182 9240 3118 1719 1536 909 627
is_linear=0
shrinkage=0.03


Tree=565
num_leaves=15
num_cat=0
split_feature=2 9 9 30 26 38 20 25 17 26 14 38 2 2
split_gain=10.7702 9.73053 16.5509 21.1965 13.1124 12.7988 9.90607 18.3728 9.79208 9.31101 9.16518 12.7267 21.708 14.7637
threshold=2.4250000000000003 130.22808324121669 109.30078338497502 3240.0000000000005 37.527450460000004 100.50000000000001 13.888194444444446 -1.0000000180025095e-35 -358.58333249999993 37.727956250000013 -17.25 46.500000000000007 10.025000000000002 8.6083333333333361
decision_type=2 10 10 2 2 10 8 2 8 2 8 10 2 2
left_child=-1 2 10 9 -5 6 7 8 -3 -4 11 12 13 -2
right_child=1 5 3 4 -6 -7 -8 -9 -10 -11 -12 -13 -14 -15
leaf_value=-0.012138989018977725 -0.27678493202750826 0.24496050365964697 1.0917121461336814 -0.10035752999674301 0.074197937511457895 -0.29348245293027225 -0.087427367927661523 0.74303359456589513 -0.35542976686366573 0.19735851431564974 0.0033946695031615093 0.013594268686240318 -0.0035040238681915072 -1.2758584184739548
leaf_weight=286 315 33 55 36 42 85 30 36 47 31 7547 734 710 73
leaf_count=286 315 33 55 36 42 85 30 36 47 31 7547 734 710 73
internal_value=8.34907e-05 0.000251662 0.000399204 0.00981818 -0.00151899 -0.00581897 -0.000408163 0.00358974 -0.00444444 0.02 0.000233475 -0.00166939 -0.00371247 -0.00940874
internal_weight=10060 9774 9543 164 78 231 146 116 80 86 9379 1832 1098 388
internal_count=10060 9774 9543 164 78 231 146 116 80 86 9379 1832 1098 388
is_linear=0
shrinkage=0.03


Tree=566
num_leaves=15
num_cat=0
split_feature=0 13 19 32 32 36 37 14 0 34 15 21 38 36
split_gain=9.14707 14.699 17.6888 11.5677 27.8437 20.2655 14.8283 21.2351 16.9932 15.0007 17.618 13.8562 12.9901 12.9237
threshold=-69.499999999999986 -110.49999999999999 23.310233027460843 -544.99999999999989 -1097.4999999999998 24.940979128962095 -392.38131772255946 4.1999999999999833 156.50000000000003 1481.6657203980001 18.550547532000003 4.9500000000000011 -49.499999999999993 18.047533474277667
decision_type=2 10 8 2 2 8 10 8 2 10 10 10 8 10
left_child=1 -1 -3 4 5 13 7 -5 -9 10 -8 -7 -6 -2
right_child=3 2 -4 6 12 11 9 8 -10 -11 -12 -13 -14 -15
leaf_value=-0.0021755523075890435 -0.00020086448248477496 -0.17937560185176663 0.37869819033712243 0.086875637792207999 -0.85395420290059576 -0.020039534901147533 0.2155632620164033 0.0022686807891465475 -0.25249570286428874 -1.1381547000483423 -0.0049637464875019787 -0.39434778899410255 -0.046882079264897063 0.13108642372449084
leaf_weight=733 143 106 397 192 65 369 228 706 107 33 6412 52 374 162
leaf_count=733 143 106 397 192 65 369 228 706 107 33 6412 52 374 162
internal_value=8.92857e-06 0.00242522 0.00636905 -0.000329037 -0.00311321 0.000495186 9.37622e-05 0.00348907 0.00136364 -0.00041804 -0.000316217 -0.00376777 -0.00906818 0.00637255
internal_weight=10079 1236 503 8843 1165 726 7678 1005 813 6673 6640 421 439 305
internal_count=10079 1236 503 8843 1165 726 7678 1005 813 6673 6640 421 439 305
is_linear=0
shrinkage=0.03


Tree=567
num_leaves=15
num_cat=0
split_feature=1 31 0 31 14 9 24 9 39 23 6 0 31 0
split_gain=9.2087 14.2146 16.7398 16.3203 13.5779 16.9965 13.1979 13.7664 21.897 13.9705 12.7153 12.5229 12.3995 12.3605
threshold=11.092311158333336 47.500000000000007 39.500000000000007 35.500000000000007 -9.9499999999999904 33.902121254808343 369.06861826150003 9.302606487550003 27.383333333333336 0.55544189852700498 8.5000000000000018 5.5000000000000009 15.250000000000002 -69.499999999999986
decision_type=2 2 2 2 8 10 8 10 10 2 2 2 2 2
left_child=1 2 12 4 -4 -6 7 8 10 -9 -3 -2 13 -1
right_child=11 6 3 -5 5 -7 -8 9 -10 -11 -12 -13 -14 -15
leaf_value=0.11516989458337074 0.0020594645818142595 -0.40586628401698355 0.27989862385998698 -0.42991586998406983 -0.0055015325287078778 -0.40653643362592368 -0.053742885949382035 0.23494951005172934 0.49690793942254163 0.017838264549789321 0.72829485459601428 -0.0549111417836275 0.11277748266478987 -0.0044800168174265942
leaf_weight=804 1596 86 117 155 178 109 135 43 336 1962 36 2093 353 1982
leaf_count=804 1596 86 117 155 178 109 135 43 336 1962 36 2093 353 1982
internal_value=-0.000135189 0.000562172 -0.000632603 -0.00541071 -0.00222222 -0.00572917 0.00226241 0.0027638 0.00745098 0.00168993 -0.00341463 -0.0013252 0.000219745 -0.000452099
internal_weight=9985 6296 3698 559 404 287 2598 2463 458 2005 122 3689 3139 2786
internal_count=9985 6296 3698 559 404 287 2598 2463 458 2005 122 3689 3139 2786
is_linear=0
shrinkage=0.03


Tree=568
num_leaves=15
num_cat=0
split_feature=41 40 37 15 40 22 2 2 32 18 18 27 2 36
split_gain=7.76404 13.7963 13.504 18.9063 14.5844 13.2425 10.5981 15.2184 8.98035 8.06693 13.8958 22.3006 21.2034 16.5528
threshold=394.50000000000006 136.50000000000003 -604.07107108960656 257.09645615250002 859.00000000000011 0.407785336356765 11.091666666666669 15.175000000000002 362.00000000000006 5279.6135619266743 2416.8697342295809 55.803963040000006 12.175000000000002 18.213413763563683
decision_type=10 10 10 8 10 10 2 2 2 10 8 2 2 8
left_child=8 -2 4 5 -3 6 -4 -8 9 10 -1 13 -13 -12
right_child=1 2 3 -5 -6 -7 7 -9 -10 -11 11 12 -14 -15
leaf_value=0.0063035019243053367 -0.6429039841697044 -0.084969694508487098 0.93248250372666941 0.86511618480251806 0.013495089526652038 -0.39967019223340144 -0.99456233423513007 0.093598459350003216 0.067641477052672747 0.0090762433705297955 -0.2653259491842615 -0.0036171099115118893 0.26853093013848595 -0.007088539713269333
leaf_weight=5705 56 49 47 43 32 31 38 51 117 744 342 125 130 2512
leaf_count=5705 56 49 47 43 32 31 38 51 117 744 342 125 130 2512
internal_value=5.98623e-06 -0.00439655 -0.00174658 0.00227488 -0.0120732 -0.00232143 0.00175182 -0.00433333 0.000164324 6.27681e-05 -0.000190584 -0.00180386 0.00667969 -0.00256392
internal_weight=10022 347 291 210 81 167 136 89 9675 9558 8814 3109 255 2854
internal_count=10022 347 291 210 81 167 136 89 9675 9558 8814 3109 255 2854
is_linear=0
shrinkage=0.03


Tree=569
num_leaves=15
num_cat=0
split_feature=0 12 14 37 34 22 22 36 14 30 35 37 18 26
split_gain=8.81437 20.8104 22.8578 28.1334 15.7674 14.9652 13.4087 13.6108 13.2971 13.9319 27.2354 17.1419 16.3395 15.2583
threshold=42.500000000000007 47.500000000000007 -8.7499999999999982 434.55395809411237 987.50000000000011 0.15424266455194294 0.24025316455696205 21.31231060606061 8.5999999999999943 450.00000000000006 392.09574337006092 -159.32944086036923 2577.9920129703596 37.413741455000007
decision_type=2 8 8 10 10 8 10 8 8 2 10 10 10 2
left_child=-1 2 6 4 -4 -3 7 -2 9 11 -11 -7 13 -13
right_child=1 5 3 -5 -6 8 -8 -9 -10 10 -12 12 -14 -15
leaf_value=0.0017317973680504811 0.10905863012661221 0.13473674124790719 -0.53093017400882392 0.78168054556101108 0.010176103995939751 -0.22191406983785406 0.10280333224350158 -0.33268957404079136 0.012046041334828032 -0.021203400244982226 0.22386783677998068 -0.44202011084244802 -0.18013942119819007 0.075642847864311608
leaf_weight=5618 38 471 431 48 35 102 276 58 1873 39 133 54 495 406
leaf_count=5618 38 471 431 48 35 102 276 58 1873 39 133 54 495 406
internal_value=-0.000235166 -0.00123094 -0.00534386 -0.00943689 -0.0116916 -0.000209849 0.000321716 -0.00927835 -0.000966806 -0.00339024 0.00450867 -0.00467864 -0.0034205 0.000650759
internal_weight=10077 4459 886 514 466 3573 372 96 3102 1229 172 1057 955 460
internal_count=10077 4459 886 514 466 3573 372 96 3102 1229 172 1057 955 460
is_linear=0
shrinkage=0.03


Tree=570
num_leaves=15
num_cat=0
split_feature=40 40 41 39 15 15 36 14 12 21 14 20 5 18
split_gain=10.0374 16.1622 12.2477 11.4066 7.29437 7.23622 10.5086 12.4574 10.9873 9.94177 9.63582 9.02008 8.11654 13.7547
threshold=920.50000000000011 782.50000000000011 590.50000000000011 136.42371424166669 16.055557052000001 31.047003098500003 24.743842364532025 20.800000000000008 -84.499999999999986 18.650000000000002 -18.149999999999995 12.070408163265308 1.5000000000000002 1948.3160041284345
decision_type=10 10 10 10 8 8 8 8 10 10 8 10 2 10
left_child=1 2 4 -4 -1 6 8 9 -6 -8 -10 -12 13 -7
right_child=-2 -3 3 -5 5 12 7 -9 10 -11 11 -13 -14 -15
leaf_value=0.35965848233132247 -0.093893216947182084 0.39358600568646729 -0.01221185722461314 -1.2958532321798029 -0.97962705541409256 0.050579024421814757 0.60835698379102865 -0.33071475509417059 -0.56337697292284006 0.017289228048132585 -0.31744977617505049 0.010030453275250295 -0.001875681905852398 -0.00219460553799216
leaf_weight=81 32 37 53 38 35 1828 43 31 38 82 70 144 5903 1671
leaf_count=81 32 37 53 38 35 1828 43 31 38 82 70 144 5903 1671
internal_value=0.000154655 0.000208851 0.000134757 -0.0107609 0.000235721 0.000161487 -0.00358108 0.00267516 -0.00697917 0.00690476 -0.00474308 -0.00223256 0.00033819 0.00148286
internal_weight=10086 10054 10017 91 9926 9845 443 156 287 125 252 214 9402 3499
internal_count=10086 10054 10017 91 9926 9845 443 156 287 125 252 214 9402 3499
is_linear=0
shrinkage=0.03


Tree=571
num_leaves=15
num_cat=0
split_feature=0 34 6 25 27 6 39 27 27 39 14 14 13 2
split_gain=12.0546 17.5257 12.9596 10.3329 15.5052 15.6855 14.9544 17.8832 17.5332 16.4628 17.3819 15.9265 14.272 15.6273
threshold=-69.499999999999986 1096.4166675790002 3.5000000000000004 -1.4999999999999998 55.803551360000007 6.5000000000000009 151.23425928420002 55.729495285000006 55.716464725000002 139.07275921765003 2.8000000000000065 -20.399999999999967 -4.7499999999999991 7.8416666666666677
decision_type=2 8 2 2 2 2 8 2 2 10 8 8 10 2
left_child=1 2 -1 4 5 -2 9 8 -8 11 -11 -7 13 -13
right_child=3 -3 -4 -5 -6 6 7 -9 -10 10 -12 12 -14 -15
leaf_value=0.003759587316060191 -0.16976495667951275 0.026627473424111158 1.4125820637632176 0.00061137033855004571 2.1153270262401733 -0.36542625855115807 -0.13573324621943236 -1.0418572923698781 0.3850760363918902 0.38392452396022014 -0.08348638714037078 -0.059240341134281067 -1.4958242507786466 0.17261223305699458
leaf_weight=32 561 1155 45 6633 45 189 303 47 54 89 52 230 37 491
leaf_count=32 561 1155 45 6633 45 189 303 47 54 89 52 230 37 491
internal_value=-3.01084e-06 0.00277372 0.0165385 -0.000395098 -0.00222963 -0.00261441 -0.00100469 -0.00592593 -0.00360335 0.000826446 0.0103521 -0.000601266 0.00134387 0.00228532
internal_weight=9963 1232 77 8731 2098 2053 1492 404 357 1088 141 947 758 721
internal_count=9963 1232 77 8731 2098 2053 1492 404 357 1088 141 947 758 721
is_linear=0
shrinkage=0.03


Tree=572
num_leaves=15
num_cat=0
split_feature=18 5 22 8 18 12 27 36 39 38 2 32 2 2
split_gain=7.85772 16.9747 16.8148 28.0467 21.6951 19.9931 18.876 19.4479 15.7844 15.1311 20.6064 27.5749 14.7214 26.6451
threshold=1561.2244442673775 8.5000000000000018 0.95742753623188415 21.000000000000004 1236.0182254122967 -189.99999999999997 55.614694865000004 15.592977190876352 45.900925950866672 -104.49999999999999 14.591666666666669 -125.49999999999999 12.341666666666669 14.341666666666669
decision_type=8 2 8 2 10 8 2 8 8 8 2 2 2 2
left_child=2 12 3 4 9 -6 -4 -8 -9 10 11 -1 -2 -14
right_child=1 -3 6 -5 5 -7 7 8 -10 -11 -12 -13 13 -15
leaf_value=-0.63799276405997274 -0.020773160349008436 0.06792945667856036 -0.92917245851391272 0.32720984434946149 -0.59955071220301925 0.33546157932938203 0.14304808640657518 -0.23221313529027504 -0.0064652852980256487 0.014389443076296256 -0.77760112374451607 0.49447172656941329 0.13683665263177475 -0.0028496461958566056
leaf_weight=52 3127 66 50 178 35 667 66 67 868 1692 115 55 666 2313
leaf_count=52 3127 66 50 178 35 667 66 67 868 1692 115 55 666 2313
internal_value=-2.69515e-05 -0.000690102 0.00103744 0.00225403 0.00146733 0.0059744 -0.00219582 -0.00128743 -0.00240385 -0.00018799 -0.00753363 0.00194444 -0.000854757 0.000654362
internal_weight=10017 6172 3845 2794 2616 702 1051 1001 935 1914 222 107 6106 2979
internal_count=10017 6172 3845 2794 2616 702 1051 1001 935 1914 222 107 6106 2979
is_linear=0
shrinkage=0.03


Tree=573
num_leaves=15
num_cat=0
split_feature=40 38 24 27 9 22 24 23 37 24 36 37 36 36
split_gain=10.1728 18.2734 14.252 12.9977 22.0392 18.2872 14.1704 12.8153 15.3189 11.2435 12.8237 21.1365 13.9958 25.8416
threshold=48.500000000000007 62.500000000000007 856.44314007050014 55.688671190000008 43.974214364491672 0.29449472096530926 3.8864581865000001 0.93852901484480444 -137.86027325669002 8.8354870505000012 28.95401691331924 -143.76535807251699 18.520956769804702 16.484653930472913
decision_type=10 10 10 2 10 10 10 2 10 10 10 10 8 10
left_child=-1 3 9 4 -2 -6 -7 8 -5 10 12 -12 13 -3
right_child=1 2 -4 7 5 6 -8 -9 -10 -11 11 -13 -14 -15
leaf_value=0.0019651881061002957 -0.43238055920718677 -0.30054105459719677 -0.27585989691786661 -0.29439371195799663 0.047367471597816638 0.15667671344409231 -0.78344963575860582 -0.32599133942794783 0.44667322655934538 0.062029212639876048 1.7416570392083965 -0.41373124704159647 -0.087748660451868715 0.34612777903479303
leaf_weight=7652 193 124 43 52 156 38 83 66 95 440 80 47 711 242
leaf_count=7652 193 124 43 52 156 38 83 66 95 440 80 47 711 242
internal_value=-0.000155642 -0.00187263 -0.000195498 -0.00600877 -0.00878981 -0.00334532 -0.0120492 0.000140187 0.00506757 0.000255319 -0.00124481 0.00773437 -0.00230983 0.00245232
internal_weight=10022 2370 1687 683 470 277 121 213 147 1644 1204 127 1077 366
internal_count=10022 2370 1687 683 470 277 121 213 147 1644 1204 127 1077 366
is_linear=0
shrinkage=0.03


Tree=574
num_leaves=15
num_cat=0
split_feature=21 14 39 26 32 0 14 12 39 17 9 39 32 39
split_gain=7.43701 7.11006 11.0496 19.1142 21.7365 10.1572 18.0569 12.5912 17.6791 19.9579 15.5111 15.404 14.2846 10.5256
threshold=68.750000000000014 17.250000000000004 146.23942588431672 37.706981325000008 -30.499999999999996 132.50000000000003 16.049999999999994 102.50000000000001 49.900000000000006 240.91653500000004 37.85723618867501 64.225000000000009 -1.0000000180025095e-35 21.543274269208336
decision_type=10 10 10 2 2 2 10 8 10 8 10 10 2 10
left_child=1 5 -3 -4 -5 -1 7 8 -7 11 -11 -10 -13 -9
right_child=-2 2 3 4 -6 6 -8 13 9 10 -12 12 -14 -15
leaf_value=-0.00028119580939546887 0.072904071111915283 0.0048240873997457351 0.37317943304242673 -0.8723934835368764 0.54886159775903665 -0.75069958345103482 -0.96965539401060241 0.058632250586268524 0.17352778992026999 1.0951236801502999 -0.098266620894314372 0.048883981771382423 -1.4945777160650175 -0.065003619345877228
leaf_weight=6804 39 1672 129 42 34 100 48 239 36 38 37 39 79 778
leaf_count=6804 39 1672 129 42 34 100 48 239 36 38 37 39 79 778
internal_value=-0.000160158 -0.000211393 0.00145367 0.00800971 -0.0038961 -0.000592755 -0.00292473 -0.00227171 -0.00736364 -0.00273913 0.00986842 -0.00890323 -0.0141176 -0.000618861
internal_weight=10114 10075 1877 205 76 8198 1394 1346 329 229 75 154 118 1017
internal_count=10114 10075 1877 205 76 8198 1394 1346 329 229 75 154 118 1017
is_linear=0
shrinkage=0.03


Tree=575
num_leaves=15
num_cat=0
split_feature=38 2 23 2 40 26 12 36 27 2 2 9 0 2
split_gain=7.72196 22.8196 42.6025 20.9878 19.6172 20.1276 15.9272 13.3645 18.1165 18.3147 20.1424 38.5192 19.5628 28.2343
threshold=213.50000000000003 7.2583333333333337 0.27136363636363642 4.0250000000000012 148.50000000000003 37.823139700000006 -24.499999999999996 27.180693113241045 55.62614872000001 14.341666666666669 13.175000000000002 59.602921675050005 -44.499999999999993 15.008333333333335
decision_type=10 2 2 2 8 2 8 10 2 2 2 10 2 2
left_child=7 3 -3 -2 5 -4 -5 8 -1 10 -10 -12 13 -11
right_child=1 2 4 6 -6 -7 -8 -9 9 12 11 -13 -14 -15
leaf_value=0.098983438985356748 0.0042373954622632708 -0.49883427874142333 -0.089446666404747965 -0.0061082457547243507 0.062417612678991388 0.68015448545549817 -0.57916311870253112 -0.012663980081929054 0.0060878057709230875 -0.57178168709155763 0.30822631141251444 -0.15536048242885095 -0.020519805806819134 0.16819726272819735
leaf_weight=754 61 96 336 45 509 33 128 1580 3668 73 406 90 1813 482
leaf_count=754 61 96 336 45 509 33 128 1580 3668 73 406 90 1813 482
internal_value=-8.33747e-05 -0.00233251 -0.000307692 -0.0107234 0.00177474 -0.00348649 -0.0160345 0.0002233 0.000765747 0.000257156 0.00145498 0.00712274 -0.00184888 0.00307554
internal_weight=10074 1208 974 234 878 369 173 8866 7286 6532 4164 496 2368 555
internal_count=10074 1208 974 234 878 369 173 8866 7286 6532 4164 496 2368 555
is_linear=0
shrinkage=0.03


Tree=576
num_leaves=15
num_cat=0
split_feature=16 2 0 26 2 38 36 26 22 27 39 9 26 2
split_gain=8.16308 15.6178 15.1665 16.357 18.6128 15.0905 29.7652 21.0961 18.5155 17.0064 22.798 23.9637 16.4567 14.9766
threshold=23.500000000000004 3.2750000000000004 234.50000000000003 37.49454149000001 13.175000000000002 -81.499999999999986 17.903667262969591 37.74373523500001 0.28035087719298252 55.642067515000001 164.56666666666669 42.71520926929167 37.535394765000007 8.6750000000000025
decision_type=10 2 2 2 2 10 10 2 10 2 10 10 2 2
left_child=-1 -2 3 4 13 -5 -7 8 9 12 11 -11 -8 -3
right_child=1 2 -4 5 -6 6 7 -9 -10 10 -12 -13 -14 -15
leaf_value=-0.0013160220563749564 -0.55313691745696125 0.42541827732115478 -1.0130864368410224 0.19069564520345431 0.79926329960515641 0.92078270010510632 -0.08348832028470933 0.38199377271862234 -0.15602429120474653 -0.024008133337884381 -0.43555641443981846 0.56062458387711556 -0.54202309850163166 -0.5820915135766862
leaf_weight=7796 41 146 81 543 139 85 172 71 379 166 57 201 34 66
leaf_count=7796 41 146 81 543 139 85 172 71 379 166 57 201 34 66
internal_value=6.91521e-05 0.00169111 0.00204577 0.00254854 0.0084375 0.00133411 -0.000591767 -0.00194265 -0.00305941 9.50872e-05 0.00352941 0.00627717 -0.00695652 0.0028169
internal_weight=9977 2181 2140 2059 351 1708 1165 1080 1009 630 424 367 206 212
internal_count=9977 2181 2140 2059 351 1708 1165 1080 1009 630 424 367 206 212
is_linear=0
shrinkage=0.03


Tree=577
num_leaves=15
num_cat=0
split_feature=18 26 36 37 35 31 2 15 18 24 24 41 31 15
split_gain=8.1295 12.3356 15.5951 23.9244 17.6923 12.1161 15.5017 8.87195 8.53931 22.1055 14.5952 20.5943 23.7489 18.7312
threshold=5279.6135619266743 37.375533185000002 30.11459114778695 311.10472066385938 7150.9104922300912 355.00000000000006 2.2083333333333339 682.00000000000011 1543.8532591268515 28.500000000000004 7.1142140790000008 -119.49999999999999 -11.499999999999998 595.00000000000011
decision_type=10 2 10 8 10 2 2 10 8 8 10 8 2 10
left_child=8 7 3 -3 -4 6 -5 -2 9 -1 11 12 -10 -13
right_child=1 2 4 5 -6 -7 -8 -9 10 -11 -12 13 -14 -15
leaf_value=0.010881495375542886 -0.015361249444401703 -0.23564476315885313 1.1062851845028721 -0.064301264303987124 0.0015991846452051098 -0.1075559393344875 0.048106506504965903 0.012943992672524053 -0.0059946781833178165 -0.025673146158472826 0.0035045199467978838 -0.026890764149464168 0.60149550207267755 -0.66776408584565627
leaf_weight=3506 124 87 56 81 46 59 328 36 264 314 1929 2952 108 85
leaf_count=3506 124 87 56 81 46 59 328 36 264 314 1929 2952 108 85
internal_value=-0.000261628 0.00260391 0.00442249 0.00242806 0.0151456 0.00511727 0.00695122 -0.00484472 -0.000517524 0.000565297 -0.00129238 -0.00247214 0.00418231 -0.00328835
internal_weight=9975 817 657 555 102 468 409 160 9158 3820 5338 3409 372 3037
internal_count=9975 817 657 555 102 468 409 160 9158 3820 5338 3409 372 3037
is_linear=0
shrinkage=0.03


Tree=578
num_leaves=15
num_cat=0
split_feature=2 0 41 24 38 38 8 38 2 0 15 37 41 36
split_gain=12.7696 13.9422 11.5408 10.7483 17.0582 16.0334 27.9444 16.4969 15.7906 16.1248 14.1615 12.7374 13.9122 12.583
threshold=22.758333333333336 97.500000000000014 862.50000000000011 7.1142140790000008 482.00000000000006 331.50000000000006 3.5000000000000004 117.50000000000001 2.7083333333333339 226.50000000000003 285.06170640000005 -34.8224196283632 312.50000000000006 16.587977296181634
decision_type=2 2 10 10 10 10 2 10 2 2 8 8 10 8
left_child=2 -2 3 13 5 7 -7 8 -5 -10 -11 12 -9 -1
right_child=1 -3 -4 4 -6 6 -8 11 9 10 -12 -13 -14 -15
leaf_value=-0.17612402678318725 0.005955813823471416 -0.26145090822773331 -0.037735207088896133 -0.043228904319572097 0.24775012159229909 0.0025675698298513613 -2.0694555250205817 0.14034961302739077 0.0072091870155909987 -0.3889289699253814 0.026742427318677642 0.01735962292762986 1.064722434544652 -0.0060639137052210359
leaf_weight=348 185 30 69 139 74 108 63 205 2471 193 95 452 32 5546
leaf_count=348 185 30 69 139 74 108 63 205 2471 193 95 452 32 5546
internal_value=-0.000131855 0.00708333 -0.000290935 -0.000203557 0.00103313 0.0007502 -0.00819767 0.00117893 0.000186271 0.000684783 -0.00602076 0.00534783 0.0109664 -0.00100763
internal_weight=10010 215 9795 9726 3832 3758 171 3587 2898 2759 288 689 237 5894
internal_count=10010 215 9795 9726 3832 3758 171 3587 2898 2759 288 689 237 5894
is_linear=0
shrinkage=0.03


Tree=579
num_leaves=15
num_cat=0
split_feature=18 13 32 32 36 20 41 18 2 0 36 27 27 0
split_gain=9.05909 12.7265 17.9718 13.8747 14.6717 12.3968 14.1283 10.8138 16.3994 24.7171 32.0591 23.8071 18.795 18.5381
threshold=5279.6135619266743 348.50000000000006 195.50000000000003 149.50000000000003 33.278297872340438 15.836021505376346 210.50000000000003 2577.9920129703596 14.008333333333335 -44.499999999999993 21.197291137021132 55.613787210000005 55.625296430000006 258.50000000000006
decision_type=8 10 2 2 10 10 8 10 2 2 10 2 2 2
left_child=7 2 3 4 5 -2 -7 8 -1 10 -10 13 -13 -11
right_child=1 -3 -4 -5 -6 6 -8 -9 9 11 -12 12 -14 -15
leaf_value=0.019420682484745738 0.0038921908874668281 -0.068827739749666675 0.49702197513148161 -0.20894409218254287 0.21990125040321962 -0.24848506399043857 0.034122526445210258 -0.021469588344631644 0.0030591165511737015 0.6205898887191531 0.54086776846788065 -0.3804158485517537 -0.045349254765030773 -0.16327885457103705
leaf_weight=4021 619 88 84 68 54 49 60 2736 396 73 111 97 1609 46
leaf_count=4021 619 88 84 68 54 49 60 2736 396 73 111 97 1609 46
internal_value=8.01028e-05 0.0027566 0.0037861 0.00246769 0.00360153 0.00246914 -0.00681818 -0.000221122 0.000457979 -0.00154308 0.00431102 -0.00317087 -0.00407733 0.00975
internal_weight=10111 1022 934 850 782 728 109 9089 6353 2332 507 1825 1706 119
internal_count=10111 1022 934 850 782 728 109 9089 6353 2332 507 1825 1706 119
is_linear=0
shrinkage=0.03


Tree=580
num_leaves=15
num_cat=0
split_feature=25 2 24 2 21 37 0 26 17 38 40 24 39 22
split_gain=10.6566 19.3842 21.8884 16.5157 16.6012 21.8075 15.8353 18.3733 18.5417 18.1696 16.3431 17.334 15.8125 14.0609
threshold=-1.4999999999999998 18.175000000000004 1.7886009345000002 10.525000000000002 9.9500000000000011 -30.567998178809201 -31.499999999999996 37.667786035000006 237.55865700000001 482.00000000000006 -21.499999999999996 5.0342425785000007 135.65000000000001 0.087337909992372245
decision_type=2 2 8 2 10 10 2 2 10 8 8 10 10 8
left_child=1 2 3 4 -1 -6 12 10 9 -9 11 -8 -4 -14
right_child=-2 -3 6 -5 5 -7 7 8 -10 -11 -12 -13 13 -15
leaf_value=0.53499787493977191 0.002546256589255762 0.25302922098521646 0.016042372472955469 -0.012378611287443738 -0.19005934847168959 1.0810299372974481 0.44022721248923768 -0.66065823447425553 0.059562352615439948 0.023637991410543398 -0.11842617217499117 -0.12068707709744096 -1.3872930832464059 -0.049963702393856758
leaf_weight=111 6751 208 950 450 93 53 48 326 47 62 499 79 42 372
leaf_count=111 6751 208 950 450 93 53 48 326 47 62 499 79 42 372
internal_value=2.97265e-06 -0.00138282 -0.00197255 0.00266949 0.00872093 0.00204082 -0.00332646 -0.00607345 -0.0108028 -0.0129563 -0.00277512 0.00679687 -0.00118681 -0.00607229
internal_weight=10091 3340 3132 707 257 146 2425 1061 435 388 626 127 1364 414
internal_count=10091 3340 3132 707 257 146 2425 1061 435 388 626 127 1364 414
is_linear=0
shrinkage=0.03


Tree=581
num_leaves=15
num_cat=0
split_feature=40 40 2 1 2 13 17 32 15 35 36 9 9 27
split_gain=9.93761 9.90401 8.93813 10.1074 9.63126 12.0019 8.86479 19.4606 14.8934 18.956 12.9982 12.668 15.6169 11.6473
threshold=920.50000000000011 782.50000000000011 22.841666666666672 11.441966700000002 22.258333333333336 112.25000000000001 -27.413296999999996 -16.499999999999996 59.005483466000008 3092.5395809537818 35.350004860503553 119.86280376685001 100.22808324121668 55.725344490000005
decision_type=10 10 2 2 2 8 8 2 8 10 8 10 8 2
left_child=1 2 4 -4 6 -6 7 -1 9 -9 -10 12 -8 -14
right_child=-2 -3 3 -5 5 -7 11 8 10 -11 -12 -13 13 -15
leaf_value=-0.003007719522831138 -0.027605948553556556 0.36915443717218399 0.00057628267952511793 0.0093844913737548673 -0.73539844970810886 -0.00054317567130436021 0.0025767914946854134 -0.20419164256010547 -0.32134232132807222 0.90101064753868954 -0.00038135826017892782 -0.054557355143564974 0.011835909302537544 0.6594438533789162
leaf_weight=1538 32 35 128 68 42 115 7202 59 264 32 93 153 154 79
leaf_count=1538 32 35 128 68 42 115 7202 59 264 32 93 153 154 79
internal_value=7.2036e-05 0.000126468 6.95004e-05 0.00639594 -5.85697e-05 -0.00740506 6.26632e-05 -0.00172119 -0.00721604 0.00358696 -0.00997207 0.000529714 0.000706025 0.00833333
internal_weight=9994 9962 9927 196 9731 157 9574 1986 448 91 357 7588 7435 233
internal_count=9994 9962 9927 196 9731 157 9574 1986 448 91 357 7588 7435 233
is_linear=0
shrinkage=0.03


Tree=582
num_leaves=15
num_cat=0
split_feature=31 0 2 24 35 16 18 36 8 14 37 20 41 24
split_gain=6.81678 18.3545 16.0693 15.4168 23.0464 12.9819 22.7058 20.0159 21.0812 20.79 20.6334 18.618 18.3967 18.1738
threshold=55.500000000000007 16.500000000000004 2.9750000000000005 643.00000000000011 6291.7842366114246 21.500000000000004 4295.7457053403277 21.800462962962964 9.5000000000000018 -14.799999999999999 -47.468165126798503 20.722068965517245 -65.499999999999986 11.224753557000001
decision_type=2 2 2 8 10 8 10 10 2 10 8 8 10 10
left_child=1 -1 -3 -2 -5 6 13 8 10 12 -7 -8 -9 -4
right_child=3 2 5 4 -6 7 11 9 -10 -11 -12 -13 -14 -15
leaf_value=0.00096823714413116733 0.013085830931443495 -0.76439184265636873 -0.28025286571124214 -0.23516997017254104 0.016237465595801703 0.67072776498309683 0.87680401684027753 0.40843689896899121 -0.95732218112477829 -0.55261264273094424 0.018524616875638635 -0.079359295296291613 -0.27452619417284896 0.041222806242828793
leaf_weight=4472 3879 40 691 69 68 116 65 37 50 124 266 37 32 144
leaf_count=4472 3879 40 691 69 68 116 65 37 50 124 266 37 32 144
internal_value=-1.78377e-05 -0.000651852 -0.00340611 0.000941001 -0.00891304 -0.00291747 -0.00514925 0.00043131 0.00401848 -0.00757732 0.00642298 0.00815534 0.00557143 -0.0067823
internal_weight=10090 6074 1602 4016 137 1562 937 625 432 193 382 102 69 835
internal_count=10090 6074 1602 4016 137 1562 937 625 432 193 382 102 69 835
is_linear=0
shrinkage=0.03


Tree=583
num_leaves=15
num_cat=0
split_feature=35 2 18 24 38 37 2 2 23 9 24 17 27 12
split_gain=9.55785 11.2916 11.2178 18.9265 21.1481 23.6099 16.8525 32.713 24.445 21.5153 17.7918 16.5306 15.9472 16.6599
threshold=9334.2998189801965 2.4250000000000003 1561.2244442673775 464.52875911250004 88.500000000000014 -1.4790194910150374 12.591666666666669 13.758333333333335 0.96927796130250121 50.738072875508344 10.005483466000003 16.801017000000005 55.638466300000012 83.500000000000014
decision_type=8 2 10 10 10 8 2 2 2 10 10 10 2 10
left_child=1 -1 3 -3 5 -5 10 9 12 -8 -4 -12 -9 -14
right_child=-2 2 6 4 -6 -7 7 8 -10 -11 11 -13 13 -15
leaf_value=-0.18172937378050266 0.0040796042679457035 0.024598619360623741 -0.084743341101606223 0.063934989911622164 -2.3222628054016976 -0.022817064372016332 0.41669592617994688 0.077584934032833244 -0.15771959224563836 -0.19986408752180237 0.030070248597908689 -0.038738927453052976 0.012997181794070702 -0.068387562722487222
leaf_weight=104 498 3576 2224 45 48 125 326 719 253 57 382 301 828 534
leaf_count=104 498 3576 2224 45 48 125 326 719 253 57 382 301 828 534
internal_value=0.000281409 6.93059e-05 0.000178363 0.00143874 -0.00712329 -0.00210526 -0.000672 0.00102649 -0.000308351 0.00914062 -0.00225928 0.00197368 0.000763689 -0.00114453
internal_weight=10020 9522 9418 3794 218 170 5624 2717 2334 383 2907 683 2081 1362
internal_count=10020 9522 9418 3794 218 170 5624 2717 2334 383 2907 683 2081 1362
is_linear=0
shrinkage=0.03


Tree=584
num_leaves=15
num_cat=0
split_feature=40 40 40 18 18 36 20 36 0 32 23 17 40 5
split_gain=9.811 12.428 5.82479 12.7385 17.3323 11.2675 18.3129 15.3401 23.8122 36.7947 14.7829 19.002 14.592 12.2426
threshold=920.50000000000011 782.50000000000011 48.500000000000007 605.42002730974855 215.30339178188686 18.385890151515156 13.357919254658389 24.127712171311604 26.500000000000004 119.50000000000001 0.94008547008547017 57.558657000000004 96.500000000000014 2.5000000000000004
decision_type=10 10 10 10 10 8 10 10 2 2 2 10 10 2
left_child=1 2 -1 4 -4 6 10 13 -9 -10 11 12 -5 -7
right_child=-2 -3 3 5 -6 7 -8 8 9 -11 -12 -13 -14 -15
leaf_value=0.001469984506751487 -0.047445965673853681 0.33708513243303612 0.0060926977762299113 -0.090607116336692065 -0.24836495556839722 -0.040459956193256791 -0.61215602659610491 0.084716695950143875 -0.25259369618512001 0.52110195022718242 -0.0078158436236471108 0.068049324048746765 1.0325933598780317 -0.37981080901104314
leaf_weight=7624 32 38 111 30 170 896 49 166 194 79 162 155 94 197
leaf_count=7624 32 38 111 30 170 896 49 166 194 79 162 155 94 197
internal_value=-3.30066e-05 2.10716e-05 -4.53263e-05 -0.00136719 -0.00734043 -0.000533861 0.00342159 -0.00180039 0.00293182 -0.00251825 0.00536199 0.00953571 0.01824 -0.00370201
internal_weight=9997 9965 9927 2303 281 2022 490 1532 439 273 441 279 124 1093
internal_count=9997 9965 9927 2303 281 2022 490 1532 439 273 441 279 124 1093
is_linear=0
shrinkage=0.03


Tree=585
num_leaves=15
num_cat=0
split_feature=36 13 26 37 27 39 38 25 18 25 9 9 26 40
split_gain=7.12801 18.5982 11.3359 13.0841 8.22449 7.30428 6.71526 6.26003 20.993 14.1769 22.0316 19.6759 19.2648 16.4486
threshold=15.177865612648224 79.500000000000014 37.519208235000008 202.89204508692941 55.614694865000004 75.656944459650006 67.500000000000014 -1.4999999999999998 44.012384673911228 -25.499999999999996 91.041758057766671 68.026028440000019 37.515676915000007 124.50000000000001
decision_type=8 8 2 10 2 10 8 2 10 2 10 10 2 8
left_child=1 2 3 -1 -3 6 -4 8 -2 12 11 13 -10 -11
right_child=7 4 5 -5 -6 -7 -8 -9 9 10 -12 -13 -14 -15
leaf_value=-1.2166939083316142 -0.20826569045257953 0.0037040240795229141 0.017356718438723745 0.086848757286723491 -0.22595980943748925 -0.012324261009260765 1.0043640008049477 0.0027279978587320228 0.13745203834920527 -0.0036538373549942801 -1.3685729721630779 0.42659608562320195 -0.012623961605261113 -0.32355586093299704
leaf_weight=43 93 30 30 43 92 48 32 6498 708 309 35 46 1859 218
leaf_count=43 93 30 30 43 92 48 32 6498 708 309 35 46 1859 218
internal_value=-0.00010114 -0.00451411 0.00121827 -0.00689655 -0.0136585 0.00756757 0.0142857 4.30019e-05 -0.00102784 -0.00061398 -0.00472906 -0.00329268 0.00036215 -0.00494318
internal_weight=10084 318 196 86 122 110 62 9766 3268 3175 608 573 2567 527
internal_count=10084 318 196 86 122 110 62 9766 3268 3175 608 573 2567 527
is_linear=0
shrinkage=0.03


Tree=586
num_leaves=15
num_cat=0
split_feature=35 18 35 38 12 20 2 2 2 12 38 2 27 12
split_gain=7.45242 15.3167 14.975 14.2484 16.228 12.5804 10.5689 9.64229 17.4914 15.9573 12.8751 13.3948 12.6657 11.4242
threshold=626.22480167951278 384.95521171017361 1029.3434966194015 106.50000000000001 54.500000000000007 9.7451121794871813 14.508333333333335 12.091666666666669 20.508333333333336 116.50000000000001 557.50000000000011 4.1916666666666673 55.643019465000009 -3.4999999999999996
decision_type=8 10 8 8 10 8 2 2 2 8 8 2 2 10
left_child=1 7 3 4 -2 -5 -3 10 9 13 12 -12 -1 -9
right_child=2 6 -4 5 -6 -7 -8 8 -10 -11 11 -13 -14 -15
leaf_value=1.388205400139169 -0.048479248879297283 -0.26113135127667819 -0.00025612093079723381 0.46896836805113823 0.29128018011847329 0.03519606001378342 -0.0089216068463706579 -0.054307558233490129 0.010095810389956798 -0.13963232538635584 0.02355041911537718 -0.05087832191705715 0.034878668493100111 0.25863237972027198
leaf_weight=41 115 76 9018 72 61 76 46 76 42 120 57 65 142 39
leaf_count=41 115 76 9018 72 61 76 46 76 42 120 57 65 142 39
internal_value=-8.9579e-05 -0.00306383 0.00013486 0.00646154 0.000677966 0.0132886 -0.0126829 -0.00102916 -0.00507194 -0.00826271 0.00264706 -0.00487805 0.00766304 -0.000258621
internal_weight=10046 704 9342 324 176 148 122 582 277 235 305 122 183 115
internal_count=10046 704 9342 324 176 148 122 582 277 235 305 122 183 115
is_linear=0
shrinkage=0.03


Tree=587
num_leaves=15
num_cat=0
split_feature=21 39 1 13 18 9 35 21 16 39 26 40 21 22
split_gain=9.83254 8.15989 11.4814 7.63585 7.05155 19.7836 16.604 17.0313 17.7056 16.6927 27.681 14.8299 14.2066 13.0152
threshold=68.750000000000014 454.50833333333338 12.984724408333335 11.500000000000002 2577.9920129703596 71.01527559118334 3164.1722194765143 7.0500000000000007 4.5000000000000009 63.57500000000001 37.515676915000007 -221.49999999999997 6.9500000000000011 0.1472136222910217
decision_type=10 10 2 10 10 10 10 10 8 10 2 8 10 8
left_child=1 4 3 -3 13 6 9 8 -8 -6 -11 -9 -7 -1
right_child=-2 2 -4 -5 5 12 7 11 -10 10 -12 -13 -14 -15
leaf_value=0.067372241400582303 0.1031689680236741 -0.83375868442121559 0.09528075131293022 -0.052225160547657627 -0.99867474697191427 0.58505866828121555 0.084250978196045656 -0.057102610561086418 -0.057814081070362705 0.30093749865927788 -0.52890404726234508 0.0066817715750113306 0.0019167526034976844 0.00089049240045483194
leaf_weight=647 32 35 32 50 132 58 82 67 901 136 169 1880 69 5777
leaf_count=647 32 35 32 50 132 58 82 67 901 136 169 1880 69 5777
internal_value=1.48987e-05 -3.88601e-05 -0.00788136 -0.0136047 5.4441e-05 -0.00103004 -0.00146971 -0.000655067 -0.00387195 -0.00691781 -0.00303922 0.000970226 0.0105469 0.000644358
internal_weight=10067 10035 117 85 9918 3494 3367 2930 983 437 305 1947 127 6424
internal_count=10067 10035 117 85 9918 3494 3367 2930 983 437 305 1947 127 6424
is_linear=0
shrinkage=0.03


Tree=588
num_leaves=15
num_cat=0
split_feature=36 9 2 26 2 22 14 34 0 0 41 39 14 9
split_gain=7.64684 14.5454 20.3035 19.0397 18.2804 33.2112 26.3532 15.5014 15.2733 14.5361 13.5377 12.8857 12.5101 17.6681
threshold=27.180693113241045 71.90212125480835 10.608333333333336 37.716110390000004 15.175000000000002 0.96490147783251246 -19.799999999999986 587.04700309850011 -61.499999999999993 21.500000000000004 862.50000000000011 48.400000000000006 17.250000000000004 63.026028440000012
decision_type=8 8 2 2 2 8 10 10 2 2 10 8 8 10
left_child=1 10 3 -3 5 8 -6 -5 -4 -7 12 -2 13 -1
right_child=11 2 4 7 6 9 -8 -9 -10 -11 -12 -13 -14 -15
leaf_value=-0.0027305363601767851 -0.10223337021867365 -0.0044263058799950978 0.044048925862780038 2.1026797318144701 -0.055435049127832432 0.99117550209835792 0.22828984915501824 -0.0049818798519110667 -0.32928438606875488 0.0025859766490743219 -0.38535683418920597 -0.0017704316691770975 0.039776115635110756 -0.20002528755871252
leaf_weight=4565 66 60 61 120 58 33 220 31 128 36 42 2884 1557 287
leaf_count=4565 66 60 61 120 58 33 220 31 128 36 42 2884 1557 287
internal_value=-3.54715e-05 0.000491735 0.00445187 0.0123113 0.00134078 -0.00440154 0.00666667 0.0179605 -0.0108947 0.0132857 3.2548e-05 -0.00132159 0.000145086 -0.000605811
internal_weight=10148 7198 747 211 536 258 278 151 189 69 6451 2950 6409 4852
internal_count=10148 7198 747 211 536 258 278 151 189 69 6451 2950 6409 4852
is_linear=0
shrinkage=0.03


Tree=589
num_leaves=15
num_cat=0
split_feature=28 18 9 9 22 22 19 18 10 17 12 6 27 37
split_gain=7.76859 7.39262 16.7695 17.4383 16.8685 11.7898 14.5869 11.7337 17.9942 13.5942 16.6264 12.931 12.7647 14.6235
threshold=0.55779220779220784 4922.3966136636755 20.015275591183336 81.01527559118334 0.19758530942741473 0.32583417593528824 102.04197077684834 2602.202987443668 1.0000000180025095e-35 -128.56582899999998 320.50000000000006 9.5000000000000018 55.600390860000012 -28.930213479903099
decision_type=2 10 10 10 8 10 10 10 8 10 10 2 2 10
left_child=1 7 -3 4 -4 6 -6 9 -9 -1 12 -10 -11 -14
right_child=-2 2 3 -5 5 -7 -8 8 11 10 -12 -13 13 -15
leaf_value=-0.0054130150209012297 -0.07574050366395256 0.041154375887489041 -0.14842448224039301 0.62022182724668229 0.069448391352776626 -0.55567521230668782 -0.0015150527050791472 -0.10032821353433366 0.012231946286930752 1.8111976078660057 -0.67505439988362925 -0.022978159494163576 0.00089022774499541762 0.12478205279167486
leaf_weight=2454 60 399 143 41 101 32 287 2059 394 75 66 46 2646 1252
leaf_count=2454 60 399 143 41 101 32 287 2059 394 75 66 46 2646 1252
internal_value=-0.000146181 -8.10324e-05 0.00236056 -0.000793388 -0.00218085 0.000855107 0.00231362 -0.000353608 -0.0021 0.000318756 0.00138861 0.00340136 0.00163815 0.00140036
internal_weight=10055 9995 1003 604 563 420 388 8992 2499 6493 4039 440 3973 3898
internal_count=10055 9995 1003 604 563 420 388 8992 2499 6493 4039 440 3973 3898
is_linear=0
shrinkage=0.03


Tree=590
num_leaves=15
num_cat=0
split_feature=0 23 36 37 2 26 13 35 24 26 9 2 2 2
split_gain=8.13792 12.8394 18.8162 17.6304 16.6125 15.659 12.833 11.8508 11.2167 18.9191 25.2779 26.3381 55.4031 21.2662
threshold=226.50000000000003 0.93413823019086195 29.023548709171305 77.952022931196396 15.341666666666669 37.702171215000007 95.500000000000014 5145.4473090057936 8.7657688930000024 37.47437934500001 21.015275591183336 14.341666666666669 13.258333333333335 5.6250000000000009
decision_type=2 2 10 10 2 2 8 10 8 2 10 2 2 2
left_child=8 2 3 4 -2 7 -3 -5 9 13 11 12 -11 -1
right_child=1 6 -4 5 -6 -7 -8 -9 -10 10 -12 -13 -14 -15
leaf_value=0.39063467267796265 -0.17807808539529077 -0.58726065517013737 0.082407868684920907 0.036998355093856468 -0.86601122431213462 0.44492635087974081 0.046770641405163356 -0.40712855022287214 0.0051677859753165656 -0.097884403861296779 0.0015078951899491421 -0.43351247902512213 1.8966125224749069 0.01049847296528526
leaf_weight=225 186 30 99 97 106 93 268 137 3192 803 2698 413 66 1637
leaf_count=225 186 30 99 97 106 93 268 137 3192 803 2698 413 66 1637
internal_value=0.000125361 -0.00241888 -0.00458971 -0.00653226 -0.0118771 -0.0017378 0.00280936 -0.00587234 0.000411732 -0.000369673 -0.0015373 -0.0050039 -0.00203448 0.0021256
internal_weight=10050 1016 718 619 292 327 298 234 9034 5842 3980 1282 869 1862
internal_count=10050 1016 718 619 292 327 298 234 9034 5842 3980 1282 869 1862
is_linear=0
shrinkage=0.03


Tree=591
num_leaves=15
num_cat=0
split_feature=26 31 25 38 26 25 0 40 37 19 25 27 34 16
split_gain=8.85943 10.991 7.1132 12.9882 6.68873 7.28717 6.7908 16.7032 15.1777 17.5997 12.2617 16.4803 15.0363 11.4448
threshold=37.858991355000008 -75.499999999999986 8.5000000000000018 24.500000000000004 37.855844990000008 11.500000000000002 -119.49999999999999 14.500000000000002 -156.11278987748611 15.761608436138475 -110.49999999999999 55.688671190000008 548.44314007050014 27.500000000000004
decision_type=2 2 2 8 2 2 2 10 10 10 2 2 10 10
left_child=4 -2 -3 -4 6 -6 7 8 9 -1 11 -8 -13 -12
right_child=1 2 3 -5 5 -7 10 -9 -10 -11 13 12 -14 -15
leaf_value=1.2278225881205103 -0.020475241779326723 0.63792198152883528 0.23728814191678543 -0.099116926329238839 -0.43977472514488031 0.035242125654165922 -0.41473708040780094 -0.091511144801209379 0.68178269539025671 -0.0082627245039769547 -0.00094679735369609822 0.068969662788608693 -0.15340754831719253 0.17934094036751105
leaf_weight=41 60 71 31 58 61 30 208 227 100 183 8287 138 71 433
leaf_count=41 60 71 31 58 61 30 208 227 100 183 8287 138 71 433
internal_value=3.3e-05 0.00597285 0.0100621 0.00433333 -0.000101227 -0.00815217 -2.47704e-05 0.00320652 0.00756923 0.0032 -0.000219961 -0.00523923 0.000714286 2.06398e-05
internal_weight=9999 220 160 89 9779 91 9688 551 324 224 9137 417 209 8720
internal_count=9999 220 160 89 9779 91 9688 551 324 224 9137 417 209 8720
is_linear=0
shrinkage=0.03


Tree=592
num_leaves=15
num_cat=0
split_feature=16 23 27 38 16 14 39 39 16 36 39 40 39 19
split_gain=9.68379 11.2424 14.0184 14.7973 16.042 24.6225 12.9131 12.0223 17.0002 15.6851 16.3171 15.7088 15.3137 14.4232
threshold=23.500000000000004 0.89668856048166401 55.689390595000006 -150.49999999999997 26.500000000000004 6.4999999999999991 294.15633068184172 140.9073886352667 25.500000000000004 21.845490716180375 66.284259284200019 -44.499999999999993 365.20833333333343 167.17780450938076
decision_type=8 2 2 10 8 10 10 10 8 8 8 10 10 10
left_child=-1 2 3 -2 -5 -6 -4 9 -9 -3 11 -11 13 -10
right_child=1 7 6 4 5 -7 -8 8 12 10 -12 -13 -14 -15
leaf_value=-0.0055303543451926075 -0.059790265753905725 0.074833723025202803 0.0047039055743473826 -0.41827499471506363 -0.0010486638765987021 0.68341118852074667 -0.33418940554250703 0.7515632280233856 0.28412957882531242 -0.016652925449828933 0.0036454956810865811 -2.4384145305078162 -0.76472521344647371 -0.071168994105776304
leaf_weight=6542 216 831 494 212 425 70 30 86 197 72 652 41 35 66
leaf_count=6542 216 831 494 212 425 70 30 86 197 72 652 41 35 66
internal_value=0.000117352 0.00140898 -0.000600829 -0.00282468 -0.000720339 0.0022379 0.00331429 0.00287733 0.00763636 0.00172824 -0.00137076 -0.0118421 0.00421405 0.00670455
internal_weight=9969 3427 1447 923 707 495 524 1980 384 1596 765 113 298 263
internal_count=9969 3427 1447 923 707 495 524 1980 384 1596 765 113 298 263
is_linear=0
shrinkage=0.03


Tree=593
num_leaves=15
num_cat=0
split_feature=39 31 35 35 20 2 9 2 39 2 20 19 34 14
split_gain=9.16823 11.763 8.14885 15.6847 24.5971 19.9336 16.8329 14.0539 19.4916 15.0279 10.9755 12.2032 10.55 10.3849
threshold=454.50833333333338 10.500000000000002 626.22480167951278 1212.781194543167 11.034523809523812 8.7583333333333346 105.27405233450834 10.025000000000002 107.39166666666668 20.591666666666672 7.1277173913043486 33.965024703582309 216.06170640000002 17.250000000000004
decision_type=10 2 8 8 8 2 8 2 10 2 8 10 8 10
left_child=2 -2 7 4 6 -6 12 8 10 -9 11 -1 -4 -5
right_child=1 -3 3 13 5 -7 -8 9 -10 -11 -12 -13 -14 -15
leaf_value=0.002635451448386057 -1.1171087500883723 -0.0072612854246892761 0.8015710315241118 -0.0018276211300834655 0.178150253667965 -0.26834520036178416 0.91976342880870876 -0.074895050234583774 0.26761637801577054 0.020649608065602027 0.059586925795609882 -0.13533123639859584 0.028222502133054092 0.031985897446087388
leaf_weight=66 42 68 32 7188 90 123 84 382 69 47 89 60 154 1601
leaf_count=66 42 68 32 7188 90 123 84 382 69 47 89 60 154 1601
internal_value=-7.42868e-05 -0.00864865 2.10294e-05 0.000258816 0.00551653 -0.0021028 0.0115129 -0.00306723 0.00210526 -0.00648837 -0.00236111 -0.0080315 0.00641711 -3.07167e-05
internal_weight=10095 110 9985 9272 483 213 270 713 284 429 215 126 186 8789
internal_count=10095 110 9985 9272 483 213 270 713 284 429 215 126 186 8789
is_linear=0
shrinkage=0.03


Tree=594
num_leaves=15
num_cat=0
split_feature=24 36 18 39 2 2 27 38 0 0 9 16 9 20
split_gain=7.84863 16.1039 16.0725 20.8694 16.4255 33.2254 22.4765 16.7179 19.3067 14.9152 20.2934 19.9776 19.2615 18.8779
threshold=8.7657688930000024 30.036688311688312 1561.2244442673775 365.20833333333343 12.758333333333335 14.008333333333335 55.638466300000012 209.50000000000003 -28.499999999999996 75.500000000000014 7.9593109504500008 13.500000000000002 21.959310950450003 26.462500000000002
decision_type=10 10 10 10 2 2 2 10 2 2 10 8 8 10
left_child=2 -2 -1 4 7 -6 -7 9 -9 11 -11 -4 -13 -12
right_child=1 -3 3 -5 5 6 -8 8 -10 10 13 12 -14 -15
leaf_value=0.0075274455907094039 0.0087910286269246279 -0.0088642240779648416 0.0075767360381810284 -1.5210946475456721 0.56814834764613109 0.046341525249468205 -0.10279952833886412 0.14936945665622456 -0.83828891229592994 0.70414382479930526 -0.0042396881620598492 -0.68787290253001498 -0.075168562835734851 -1.4648929909984907
leaf_weight=2752 3093 353 308 43 238 614 925 50 130 100 613 241 552 35
leaf_count=2752 3093 353 308 43 238 614 925 50 130 100 613 241 552 35
internal_value=-9.85271e-05 0.00106179 -0.000704332 -0.00195584 -0.00171789 0.000388076 -0.00122727 -0.00356158 -0.0122652 -0.00270811 0.000560748 -0.0049274 -0.00744332 -0.00138675
internal_weight=10047 3446 6601 3849 3806 1777 1539 2029 180 1849 748 1101 793 648
internal_count=10047 3446 6601 3849 3806 1777 1539 2029 180 1849 748 1101 793 648
is_linear=0
shrinkage=0.03


Tree=595
num_leaves=15
num_cat=0
split_feature=41 28 36 22 2 14 23 17 9 35 0 36 23 12
split_gain=12.2471 8.17561 7.84006 11.2413 9.95635 17.0925 12.6159 8.98863 17.6352 12.8983 13.228 12.3612 11.4579 17.8471
threshold=997.00000000000011 0.55779220779220784 34.854978354978364 0.11566332218506133 8.0916666666666686 35.649999999999999 0.9575112830431981 -122.44134299999999 81.01527559118334 3431.9699523050408 39.500000000000007 20.055250305250308 0.86799004192872131 -69.499999999999986
decision_type=10 2 10 10 2 8 2 8 10 10 2 10 2 10
left_child=1 2 7 -4 5 -5 -6 8 9 10 12 -10 -1 -14
right_child=-2 -3 3 4 6 -7 -8 -9 11 -11 -12 -13 13 -15
leaf_value=0.11918960939516679 -0.089177926158716406 -0.075997799549168313 -0.014592277391439088 -0.14720747140831505 1.4377091869489176 0.1832002474557089 0.0039714341712865434 0.0021763019653090509 0.030912923026821915 0.028362721184653095 -0.44091336351672944 1.0215146315003798 -0.4494849192845366 0.059037822560140431
leaf_weight=63 43 55 44 34 74 45 44 8857 191 81 124 31 232 95
leaf_count=63 43 55 44 34 74 45 44 8857 191 81 124 31 232 95
internal_value=0.000110845 0.000180524 0.000245058 0.00557851 0.00863636 0.000375 0.0141176 0.000111628 -0.00289731 -0.00558725 -0.00733981 0.00430493 -0.00460358 -0.00685976
internal_weight=10013 9970 9915 241 197 79 118 9674 817 595 514 222 390 327
internal_count=10013 9970 9915 241 197 79 118 9674 817 595 514 222 390 327
is_linear=0
shrinkage=0.03


Tree=596
num_leaves=15
num_cat=0
split_feature=41 40 1 17 26 39 27 36 38 32 37 27 10 39
split_gain=6.96872 8.4275 6.97129 10.5512 8.82524 25.6824 19.7178 32.8288 26.4244 20.6146 22.7402 17.8497 16.3056 18.6445
threshold=997.00000000000011 824.00000000000011 10.154141975000003 -62.441342999999996 37.72213836000001 77.075000000000003 55.67037349000001 14.440972222222223 -150.49999999999997 -612.49999999999989 -201.11001567982717 55.746524195000006 0.75000000000000011 289.62509139110006
decision_type=10 10 2 8 2 10 2 10 10 2 10 2 8 10
left_child=1 2 3 -1 -4 11 7 -7 -9 -10 -11 -6 13 -12
right_child=-2 -3 4 -5 5 6 -8 8 9 10 12 -13 -14 -15
leaf_value=-0.37649817657163825 -0.059577663476641438 0.34027970780571626 0.0013917986380416411 0.3097389236752181 0.053449811251513067 -0.23015553487365167 -0.40610931892672258 -0.59916916888642435 2.718891688017032 -0.25383993177097414 0.60914696096736654 -0.18856499860356521 -0.097091356404633233 -1.0567582662115844
leaf_weight=45 46 33 8052 235 587 106 483 49 50 74 236 43 49 32
leaf_count=45 46 33 8052 235 587 106 483 49 50 74 236 43 49 32
internal_value=3.55696e-05 8.933e-05 3.88369e-05 0.00469751 -9.52674e-05 -0.00205263 -0.00486111 -0.00120603 0.00207739 0.00441176 0.00206633 0.00275753 0.00556604 0.00847584
internal_weight=10120 10074 10041 280 9761 1709 1079 596 490 441 391 630 317 268
internal_count=10120 10074 10041 280 9761 1709 1079 596 490 441 391 630 317 268
is_linear=0
shrinkage=0.03


Tree=597
num_leaves=15
num_cat=0
split_feature=28 0 9 12 12 38 2 2 26 18 27 23 5 40
split_gain=9.10453 7.32763 15.3924 15.2273 18.8012 11.1074 11.0997 22.8418 24.6175 19.0858 18.4134 11.5535 11.4867 14.4862
threshold=0.63632837750484816 -69.499999999999986 79.01527559118334 -174.49999999999997 -255.49999999999997 120.50000000000001 5.9250000000000016 7.3416666666666677 37.524235435000008 2430.8287427768059 55.635614690000004 0.91362465583089092 1.5000000000000002 86.500000000000014
decision_type=2 2 10 10 8 10 2 2 2 10 2 2 2 8
left_child=1 2 3 4 -1 -6 -5 -8 10 12 -9 -11 -10 -14
right_child=-2 -3 -4 6 5 -7 7 8 9 11 -12 -13 13 -15
leaf_value=0.60689086611864285 -0.1556976510122105 -0.0009311834075346237 0.16973122863069534 1.1678349439152926 -0.20416012611578496 0.033042077126307766 -0.51567619829711508 0.014649981226845341 0.38351411091828763 -0.51435296725355251 0.85712677414713467 0.023991731094274441 0.047837415773047946 -0.51449749519168164
leaf_weight=48 31 8741 138 76 201 46 44 57 178 78 81 49 191 54
leaf_count=48 31 8741 138 76 201 46 44 57 178 78 81 49 191 54
internal_value=3.89455e-05 9.01533e-05 0.00224638 0.00105978 -0.00476351 -0.00810484 0.00318912 0.00204638 0.00339623 0.000544465 0.0146763 -0.00960937 0.00360849 -0.000609756
internal_weight=10013 9982 1241 1103 295 247 808 732 688 550 138 127 423 245
internal_count=10013 9982 1241 1103 295 247 808 732 688 550 138 127 423 245
is_linear=0
shrinkage=0.03


Tree=598
num_leaves=15
num_cat=0
split_feature=0 12 26 27 32 0 39 26 2 16 36 39 41 18
split_gain=8.01722 14.8474 14.1399 13.7478 12.7819 12.7597 12.4259 11.7818 15.2037 28.9398 28.8416 22.4112 24.5622 21.4585
threshold=183.50000000000003 221.50000000000003 37.408023620000009 55.58203025000001 -496.49999999999994 374.50000000000006 81.844059391266669 37.479357640000011 9.8583333333333361 11.500000000000002 18.437640583871744 76.675000000000026 13.500000000000002 869.6620828414483
decision_type=2 8 2 2 2 2 10 2 2 8 8 8 10 10
left_child=7 2 -2 5 -4 6 -3 8 9 -1 -11 -12 -13 -10
right_child=1 3 4 -5 -6 -7 -8 -9 13 10 11 12 -14 -15
leaf_value=-0.09558924986435452 -0.61385347195148365 -0.91370123302515915 -0.88168794993233457 0.020851012743389106 -0.12500538735859776 -0.86432111174343895 0.1961925995076953 -0.0011256319334517148 -0.038523799950904838 -0.67266581793641944 0.83509152519492358 0.024373435852971637 -0.15534355281946172 0.085619622189549743
leaf_weight=333 52 53 46 665 523 37 40 6088 257 118 183 393 99 1229
leaf_count=333 52 53 46 665 523 37 40 6088 257 118 183 393 99 1229
internal_value=1.77918e-05 -0.00207481 -0.00554662 0.000640704 -0.00415789 -0.00824427 -0.00223404 0.000358579 0.00204363 -0.000585626 0.00253149 0.00492604 0.00158215 0.00403497
internal_weight=10116 1416 621 795 569 130 93 8700 2612 1126 793 675 492 1486
internal_count=10116 1416 621 795 569 130 93 8700 2612 1126 793 675 492 1486
is_linear=0
shrinkage=0.03


Tree=599
num_leaves=15
num_cat=0
split_feature=5 41 38 41 9 2 2 37 9 17 14 16 24 23
split_gain=6.97706 21.3791 14.59 20.054 13.7327 14.7005 19.5393 17.7628 17.6379 16.7515 15.8434 13.46 13.2824 15.3437
threshold=3.5000000000000004 -170.49999999999997 157.50000000000003 630.50000000000011 6.0152755911833342 10.141666666666667 15.175000000000002 -307.5490007332474 57.942810304358339 237.55865700000001 17.700000000000006 21.500000000000004 2.1025601505000004 0.88769777573950936
decision_type=2 8 10 10 10 2 2 10 10 10 8 10 10 2
left_child=-1 -2 4 12 -3 7 8 -6 -7 10 -8 -9 -4 -14
right_child=1 2 3 -5 5 6 9 11 -10 -11 -12 -13 13 -15
leaf_value=-0.0020162128710509127 1.4037942823970804 -0.0068642888195850661 -0.13534788628622607 0.015436491150902273 0.29624427343438531 0.019789168594419929 0.12584509233452804 0.081671290981337394 -0.14774883174979106 -0.071561159360635812 0.011568036244270269 -1.1616133377200697 -2.2555704703117203 0.006715621547095871
leaf_weight=8745 43 204 88 78 194 65 98 72 102 46 90 31 47 174
leaf_count=8745 43 204 88 78 194 65 98 72 102 46 90 31 47 174
internal_value=-8.63267e-05 0.00193548 0.00123256 -0.00363402 0.00332226 0.00532189 0.00156716 0.0103691 -0.00625 0.00714894 0.0111111 0.000288462 -0.00706452 -0.00310811
internal_weight=10077 1332 1289 387 902 698 401 297 167 234 188 103 309 221
internal_count=10077 1332 1289 387 902 698 401 297 167 234 188 103 309 221
is_linear=0
shrinkage=0.03


end of trees

feature_importances:
hour=811
cur_dev_s=665
tgt_lat=569
hist_tgt_age_min=478
tgt_lon=470
hist_tgt_dev=387
min_since_last_layover=362
moving_speed_30m=315
dist_to_tgt_m=301
proj_delay=293
hist_delta=249
gps_n_passed=223
gps_dev_slope=222
n_stops_between=201
hist_pred=201
valid_frac_10m=199
gps_dev_last=198
delay_minus_layover=197
chain_dist_m=181
gps_dev_mean3=166
cur_est=156
speed_mean_5m=152
last_fix_age_s=145
stopped_frac_5m=127
terminal_dwell_s=115
gap_before_tgt_min=111
dist_to_nearest_stop_m=111
max_gap_between_min=106
dev_fallback=97
pos_dev=91
gps_age_s=89
tgt_manual=83
speed_last=82
manual_frac_recent=60
layover_s=46
layover_between=42
lead_min=40
spoof_frac_30m=21
last_plan_manual=20
tgt_first_after_gap=14
at_terminal=3
gps_unreliable=1

parameters:
[boosting: gbdt]
[objective: regression_l1]
[metric: l1]
[tree_learner: serial]
[device_type: cpu]
[data_sample_strategy: bagging]
[data: ]
[valid: ]
[num_iterations: 600]
[learning_rate: 0.03]
[num_leaves: 15]
[num_threads: 0]
[seed: 42]
[deterministic: 0]
[force_col_wise: 0]
[force_row_wise: 0]
[histogram_pool_size: -1]
[max_depth: -1]
[min_data_in_leaf: 30]
[min_sum_hessian_in_leaf: 0.001]
[bagging_fraction: 0.8]
[pos_bagging_fraction: 1]
[neg_bagging_fraction: 1]
[bagging_freq: 1]
[bagging_seed: 400]
[bagging_by_query: 0]
[feature_fraction: 0.8]
[feature_fraction_bynode: 1]
[feature_fraction_seed: 30056]
[extra_trees: 0]
[extra_seed: 12879]
[early_stopping_round: 0]
[early_stopping_min_delta: 0]
[first_metric_only: 0]
[max_delta_step: 0]
[lambda_l1: 0]
[lambda_l2: 1]
[linear_lambda: 0]
[min_gain_to_split: 0]
[drop_rate: 0.1]
[max_drop: 50]
[skip_drop: 0.5]
[xgboost_dart_mode: 0]
[uniform_drop: 0]
[drop_seed: 17869]
[top_rate: 0.2]
[other_rate: 0.1]
[min_data_per_group: 100]
[max_cat_threshold: 32]
[cat_l2: 10]
[cat_smooth: 10]
[max_cat_to_onehot: 4]
[top_k: 20]
[monotone_constraints: ]
[monotone_constraints_method: basic]
[monotone_penalty: 0]
[feature_contri: ]
[forcedsplits_filename: ]
[refit_decay_rate: 0.9]
[cegb_tradeoff: 1]
[cegb_penalty_split: 0]
[cegb_penalty_feature_lazy: ]
[cegb_penalty_feature_coupled: ]
[path_smooth: 0]
[interaction_constraints: ]
[verbosity: -1]
[saved_feature_importance_type: 0]
[use_quantized_grad: 0]
[num_grad_quant_bins: 4]
[quant_train_renew_leaf: 0]
[stochastic_rounding: 1]
[linear_tree: 0]
[max_bin: 255]
[max_bin_by_feature: ]
[min_data_in_bin: 3]
[bin_construct_sample_cnt: 200000]
[data_random_seed: 175]
[is_enable_sparse: 1]
[enable_bundle: 1]
[use_missing: 1]
[zero_as_missing: 0]
[feature_pre_filter: 1]
[pre_partition: 0]
[two_round: 0]
[header: 0]
[label_column: ]
[weight_column: ]
[group_column: ]
[ignore_column: ]
[categorical_feature: ]
[forcedbins_filename: ]
[precise_float_parser: 0]
[parser_config_file: ]
[objective_seed: 16083]
[num_class: 1]
[is_unbalance: 0]
[scale_pos_weight: 1]
[sigmoid: 1]
[boost_from_average: 1]
[reg_sqrt: 0]
[alpha: 0.9]
[fair_c: 1]
[poisson_max_delta_step: 0.7]
[tweedie_variance_power: 1.5]
[lambdarank_truncation_level: 30]
[lambdarank_norm: 1]
[label_gain: ]
[lambdarank_position_bias_regularization: 0]
[eval_at: ]
[multi_error_top_k: 1]
[auc_mu_weights: ]
[num_machines: 1]
[local_listen_port: 12400]
[time_out: 120]
[machine_list_filename: ]
[machines: ]
[gpu_platform_id: -1]
[gpu_device_id: -1]
[gpu_device_id_list: ]
[gpu_use_dp: 0]
[num_gpu: 1]

end of parameters

pandas_categorical:[]
